--
-- PostgreSQL database dump
--

-- Dumped from database version 10.8 (Ubuntu 10.8-0ubuntu0.18.04.1)
-- Dumped by pg_dump version 10.8 (Ubuntu 10.8-0ubuntu0.18.04.1)

SET statement_timeout = 0;
SET lock_timeout = 0;
SET idle_in_transaction_session_timeout = 0;
SET client_encoding = 'UTF8';
SET standard_conforming_strings = on;
SELECT pg_catalog.set_config('search_path', '', false);
SET check_function_bodies = false;
SET xmloption = content;
SET client_min_messages = warning;
SET row_security = off;

--
-- Name: plpgsql; Type: EXTENSION; Schema: -; Owner: 
--

CREATE EXTENSION IF NOT EXISTS plpgsql WITH SCHEMA pg_catalog;


--
-- Name: EXTENSION plpgsql; Type: COMMENT; Schema: -; Owner: 
--

COMMENT ON EXTENSION plpgsql IS 'PL/pgSQL procedural language';


SET default_tablespace = '';

SET default_with_oids = false;

--
-- Name: costumer; Type: TABLE; Schema: public; Owner: postgres
--

CREATE TABLE public.costumer (
    id integer NOT NULL,
    name character varying NOT NULL,
    email character varying NOT NULL,
    address character varying NOT NULL,
    phone character varying NOT NULL
);


ALTER TABLE public.costumer OWNER TO postgres;

--
-- Name: costumer_id_seq; Type: SEQUENCE; Schema: public; Owner: postgres
--

CREATE SEQUENCE public.costumer_id_seq
    AS integer
    START WITH 1
    INCREMENT BY 1
    NO MINVALUE
    NO MAXVALUE
    CACHE 1;


ALTER TABLE public.costumer_id_seq OWNER TO postgres;

--
-- Name: costumer_id_seq; Type: SEQUENCE OWNED BY; Schema: public; Owner: postgres
--

ALTER SEQUENCE public.costumer_id_seq OWNED BY public.costumer.id;


--
-- Name: deliveris; Type: TABLE; Schema: public; Owner: postgres
--

CREATE TABLE public.deliveris (
    id integer NOT NULL,
    date_day date NOT NULL,
    product_id integer NOT NULL,
    costumer_id integer NOT NULL,
    quantity integer NOT NULL,
    point_id integer NOT NULL,
    worker_id integer NOT NULL,
    delivery_price double precision NOT NULL,
    storage_id integer NOT NULL
);


ALTER TABLE public.deliveris OWNER TO postgres;

--
-- Name: deliveris_id_seq; Type: SEQUENCE; Schema: public; Owner: postgres
--

CREATE SEQUENCE public.deliveris_id_seq
    AS integer
    START WITH 1
    INCREMENT BY 1
    NO MINVALUE
    NO MAXVALUE
    CACHE 1;


ALTER TABLE public.deliveris_id_seq OWNER TO postgres;

--
-- Name: deliveris_id_seq; Type: SEQUENCE OWNED BY; Schema: public; Owner: postgres
--

ALTER SEQUENCE public.deliveris_id_seq OWNED BY public.deliveris.id;


--
-- Name: occupation; Type: TABLE; Schema: public; Owner: postgres
--

CREATE TABLE public.occupation (
    id integer NOT NULL,
    name character varying NOT NULL
);


ALTER TABLE public.occupation OWNER TO postgres;

--
-- Name: occupation_id_seq; Type: SEQUENCE; Schema: public; Owner: postgres
--

CREATE SEQUENCE public.occupation_id_seq
    AS integer
    START WITH 1
    INCREMENT BY 1
    NO MINVALUE
    NO MAXVALUE
    CACHE 1;


ALTER TABLE public.occupation_id_seq OWNER TO postgres;

--
-- Name: occupation_id_seq; Type: SEQUENCE OWNED BY; Schema: public; Owner: postgres
--

ALTER SEQUENCE public.occupation_id_seq OWNED BY public.occupation.id;


--
-- Name: points; Type: TABLE; Schema: public; Owner: postgres
--

CREATE TABLE public.points (
    id integer NOT NULL,
    name character varying NOT NULL
);


ALTER TABLE public.points OWNER TO postgres;

--
-- Name: points_id_seq; Type: SEQUENCE; Schema: public; Owner: postgres
--

CREATE SEQUENCE public.points_id_seq
    AS integer
    START WITH 1
    INCREMENT BY 1
    NO MINVALUE
    NO MAXVALUE
    CACHE 1;


ALTER TABLE public.points_id_seq OWNER TO postgres;

--
-- Name: points_id_seq; Type: SEQUENCE OWNED BY; Schema: public; Owner: postgres
--

ALTER SEQUENCE public.points_id_seq OWNED BY public.points.id;


--
-- Name: producer; Type: TABLE; Schema: public; Owner: postgres
--

CREATE TABLE public.producer (
    id integer NOT NULL,
    name character varying NOT NULL,
    email character varying NOT NULL,
    address character varying NOT NULL,
    phone character varying NOT NULL,
    web_page character varying
);


ALTER TABLE public.producer OWNER TO postgres;

--
-- Name: producer_id_seq; Type: SEQUENCE; Schema: public; Owner: postgres
--

CREATE SEQUENCE public.producer_id_seq
    AS integer
    START WITH 1
    INCREMENT BY 1
    NO MINVALUE
    NO MAXVALUE
    CACHE 1;


ALTER TABLE public.producer_id_seq OWNER TO postgres;

--
-- Name: producer_id_seq; Type: SEQUENCE OWNED BY; Schema: public; Owner: postgres
--

ALTER SEQUENCE public.producer_id_seq OWNED BY public.producer.id;


--
-- Name: producer_product; Type: TABLE; Schema: public; Owner: postgres
--

CREATE TABLE public.producer_product (
    producer_id integer NOT NULL,
    product_id integer NOT NULL
);


ALTER TABLE public.producer_product OWNER TO postgres;

--
-- Name: products; Type: TABLE; Schema: public; Owner: postgres
--

CREATE TABLE public.products (
    id integer NOT NULL,
    name character varying NOT NULL,
    point_id integer NOT NULL,
    expiration_date date NOT NULL,
    point_weight double precision NOT NULL,
    point_volume_m3 double precision NOT NULL,
    production_date date NOT NULL,
    producer_id integer NOT NULL,
    product_average_price double precision NOT NULL
);


ALTER TABLE public.products OWNER TO postgres;

--
-- Name: products_id_seq; Type: SEQUENCE; Schema: public; Owner: postgres
--

CREATE SEQUENCE public.products_id_seq
    AS integer
    START WITH 1
    INCREMENT BY 1
    NO MINVALUE
    NO MAXVALUE
    CACHE 1;


ALTER TABLE public.products_id_seq OWNER TO postgres;

--
-- Name: products_id_seq; Type: SEQUENCE OWNED BY; Schema: public; Owner: postgres
--

ALTER SEQUENCE public.products_id_seq OWNED BY public.products.id;


--
-- Name: recieve; Type: TABLE; Schema: public; Owner: postgres
--

CREATE TABLE public.recieve (
    id integer NOT NULL,
    date_day date NOT NULL,
    product_id integer NOT NULL,
    producer_id integer NOT NULL,
    quantity integer NOT NULL,
    point_id integer NOT NULL,
    worker_id integer NOT NULL,
    recieve_price double precision NOT NULL,
    storage_id integer NOT NULL
);


ALTER TABLE public.recieve OWNER TO postgres;

--
-- Name: recieve_id_seq; Type: SEQUENCE; Schema: public; Owner: postgres
--

CREATE SEQUENCE public.recieve_id_seq
    AS integer
    START WITH 1
    INCREMENT BY 1
    NO MINVALUE
    NO MAXVALUE
    CACHE 1;


ALTER TABLE public.recieve_id_seq OWNER TO postgres;

--
-- Name: recieve_id_seq; Type: SEQUENCE OWNED BY; Schema: public; Owner: postgres
--

ALTER SEQUENCE public.recieve_id_seq OWNED BY public.recieve.id;


--
-- Name: storage; Type: TABLE; Schema: public; Owner: postgres
--

CREATE TABLE public.storage (
    id integer NOT NULL,
    name character varying NOT NULL,
    space_m3 double precision NOT NULL,
    address character varying NOT NULL,
    start_time time without time zone NOT NULL,
    finish_time time without time zone NOT NULL
);


ALTER TABLE public.storage OWNER TO postgres;

--
-- Name: storage_id_seq; Type: SEQUENCE; Schema: public; Owner: postgres
--

CREATE SEQUENCE public.storage_id_seq
    AS integer
    START WITH 1
    INCREMENT BY 1
    NO MINVALUE
    NO MAXVALUE
    CACHE 1;


ALTER TABLE public.storage_id_seq OWNER TO postgres;

--
-- Name: storage_id_seq; Type: SEQUENCE OWNED BY; Schema: public; Owner: postgres
--

ALTER SEQUENCE public.storage_id_seq OWNED BY public.storage.id;


--
-- Name: worker_storage; Type: TABLE; Schema: public; Owner: postgres
--

CREATE TABLE public.worker_storage (
    worker_id integer NOT NULL,
    storage_id integer NOT NULL
);


ALTER TABLE public.worker_storage OWNER TO postgres;

--
-- Name: workers; Type: TABLE; Schema: public; Owner: postgres
--

CREATE TABLE public.workers (
    id integer NOT NULL,
    name character varying NOT NULL,
    surname character varying NOT NULL,
    birthdate date NOT NULL,
    address character varying NOT NULL,
    phone character varying NOT NULL,
    email character varying NOT NULL,
    salary double precision NOT NULL,
    occupation_id integer NOT NULL
);


ALTER TABLE public.workers OWNER TO postgres;

--
-- Name: workers_id_seq; Type: SEQUENCE; Schema: public; Owner: postgres
--

CREATE SEQUENCE public.workers_id_seq
    AS integer
    START WITH 1
    INCREMENT BY 1
    NO MINVALUE
    NO MAXVALUE
    CACHE 1;


ALTER TABLE public.workers_id_seq OWNER TO postgres;

--
-- Name: workers_id_seq; Type: SEQUENCE OWNED BY; Schema: public; Owner: postgres
--

ALTER SEQUENCE public.workers_id_seq OWNED BY public.workers.id;


--
-- Name: costumer id; Type: DEFAULT; Schema: public; Owner: postgres
--

ALTER TABLE ONLY public.costumer ALTER COLUMN id SET DEFAULT nextval('public.costumer_id_seq'::regclass);


--
-- Name: deliveris id; Type: DEFAULT; Schema: public; Owner: postgres
--

ALTER TABLE ONLY public.deliveris ALTER COLUMN id SET DEFAULT nextval('public.deliveris_id_seq'::regclass);


--
-- Name: occupation id; Type: DEFAULT; Schema: public; Owner: postgres
--

ALTER TABLE ONLY public.occupation ALTER COLUMN id SET DEFAULT nextval('public.occupation_id_seq'::regclass);


--
-- Name: points id; Type: DEFAULT; Schema: public; Owner: postgres
--

ALTER TABLE ONLY public.points ALTER COLUMN id SET DEFAULT nextval('public.points_id_seq'::regclass);


--
-- Name: producer id; Type: DEFAULT; Schema: public; Owner: postgres
--

ALTER TABLE ONLY public.producer ALTER COLUMN id SET DEFAULT nextval('public.producer_id_seq'::regclass);


--
-- Name: products id; Type: DEFAULT; Schema: public; Owner: postgres
--

ALTER TABLE ONLY public.products ALTER COLUMN id SET DEFAULT nextval('public.products_id_seq'::regclass);


--
-- Name: recieve id; Type: DEFAULT; Schema: public; Owner: postgres
--

ALTER TABLE ONLY public.recieve ALTER COLUMN id SET DEFAULT nextval('public.recieve_id_seq'::regclass);


--
-- Name: storage id; Type: DEFAULT; Schema: public; Owner: postgres
--

ALTER TABLE ONLY public.storage ALTER COLUMN id SET DEFAULT nextval('public.storage_id_seq'::regclass);


--
-- Name: workers id; Type: DEFAULT; Schema: public; Owner: postgres
--

ALTER TABLE ONLY public.workers ALTER COLUMN id SET DEFAULT nextval('public.workers_id_seq'::regclass);


--
-- Data for Name: costumer; Type: TABLE DATA; Schema: public; Owner: postgres
--

INSERT INTO public.costumer VALUES (1, 'Irryjnhsmr', 'swrtqpnmb@yk.vv', 'Fkneowds,Qfkf 100', '+32643414870');
INSERT INTO public.costumer VALUES (2, 'Hrievcus', 'nth@vt.ace', 'Ihiruv,Lmcks 182', '+7211221863473744');
INSERT INTO public.costumer VALUES (3, 'Hffshrgytv', 'tyh@nvu.nj', 'Efmmpnck,Ecwbnx 4', '+600408466576');
INSERT INTO public.costumer VALUES (4, 'Qiqgecju', 'hmhudiyu@sev.ifi', 'Sqoswlyici,Unthgji 125', '+65181702013570224');
INSERT INTO public.costumer VALUES (5, 'Yxnw', 'mgdrcwuo@yv.rnc', 'Eumswwgrjh,Kccufjs 143', '+687663473106417');
INSERT INTO public.costumer VALUES (6, 'Krveaqv', 'fwqxk@mxx.ej', 'Ljfjnhukyq,Xkpeoag 18', '+556521220733173');
INSERT INTO public.costumer VALUES (7, 'Snyjvjqsva', 'avaait@bo.ynp', 'Uqwhkbabx,Nnoh 62', '+81417773716421215');
INSERT INTO public.costumer VALUES (8, 'Pqbc', 'caxrxk@gwb.gip', 'Iexpfevpyn,Wcsyxkw 113', '+43858875318032466');
INSERT INTO public.costumer VALUES (9, 'Oukcs', 'sjacfjwu@kh.eoq', 'Mylaqjxc,Wyjlfo 190', '+4408376135477');
INSERT INTO public.costumer VALUES (10, 'Aebrvdio', 'suvoqoli@vdc.cdh', 'Bdgggld,Pveb 175', '+7720686318068821');
INSERT INTO public.costumer VALUES (11, 'Ojqnvkvy', 'fjlajicdv@rc.wrl', 'Yrcvbq,Wdflr 140', '+124568823307');
INSERT INTO public.costumer VALUES (12, 'Uwuspg', 'dvwvmcgfc@atd.khy', 'Qvsyjch,Nsqdj 143', '+86382186827371');
INSERT INTO public.costumer VALUES (13, 'Yirlycj', 'dxrhsupv@bl.wt', 'Fwkwgewqc,Ioxvd 145', '+23575736774743512');
INSERT INTO public.costumer VALUES (14, 'Ftxsytfddc', 'vmjn@pp.xn', 'Sqxpsfg,Sjvks 101', '+852580287087040');
INSERT INTO public.costumer VALUES (15, 'Ugcnw', 'bygpjolh@hlh.gmf', 'Jivdlfgoov,Fjgdxv 150', '+4367210377676462');
INSERT INTO public.costumer VALUES (16, 'Xqdouc', 'piha@kc.hgx', 'Jkdoow,Vlffc 183', '+41138207873116');
INSERT INTO public.costumer VALUES (17, 'Qxrd', 'coqbr@em.csb', 'Hnjahgqnjf,Qefqapd 155', '+57650387311');
INSERT INTO public.costumer VALUES (18, 'Lvajbhsnui', 'ngu@xu.oc', 'Ilkcfro,Ofukuvc 139', '+647812481033');
INSERT INTO public.costumer VALUES (19, 'Vorql', 'ukbsqq@tde.cry', 'Rmkowyrxke,Kyra 178', '+6865380081526006');
INSERT INTO public.costumer VALUES (20, 'Cihyjsppy', 'iulmncvyd@bl.aq', 'Bfjcxonvrs,Kdyyqcg 111', '+76263301421401');
INSERT INTO public.costumer VALUES (21, 'Jcvrud', 'ibk@gp.hh', 'Cfpxmbw,Ocvpfi 130', '+04476054805');
INSERT INTO public.costumer VALUES (22, 'Fohj', 'mehvyfwr@snh.vpv', 'Vqeiiu,Cgadnqi 73', '+0422658686025');
INSERT INTO public.costumer VALUES (23, 'Bdbdnqepl', 'fgh@as.lda', 'Yixdog,Xfalwkk 80', '+238886766040415');
INSERT INTO public.costumer VALUES (24, 'Mycsjs', 'drmpe@xph.pu', 'Pyjearsk,Afqthr 79', '+8720771061243');
INSERT INTO public.costumer VALUES (25, 'Hfvwovsxrf', 'bkmrcyis@rcj.tf', 'Mhgcwwafxu,Hwgu 180', '+62056808483');
INSERT INTO public.costumer VALUES (26, 'Tiysiso', 'naprunr@ud.edy', 'Qetgaevaap,Nrqv 32', '+36383857017757');
INSERT INTO public.costumer VALUES (27, 'Vyhwifyj', 'axxwvyun@xx.wp', 'Qqjhtnna,Sihfb 43', '+36225054017676236');
INSERT INTO public.costumer VALUES (28, 'Xrdhdyrng', 'vke@ak.nn', 'Tykakrafu,Wbxosy 157', '+063065458405');
INSERT INTO public.costumer VALUES (29, 'Jdbd', 'idbaxenwh@ktd.egl', 'Coxdiikwix,Bqwpp 88', '+767682634713');
INSERT INTO public.costumer VALUES (30, 'Ogegdq', 'qjh@uog.ogt', 'Hnssdbnj,Wffurd 159', '+88188208020405474');
INSERT INTO public.costumer VALUES (31, 'Neobqcw', 'ondukbv@bk.nqj', 'Jvnpgr,Yeml 22', '+2855085830226643');
INSERT INTO public.costumer VALUES (32, 'Ddra', 'gfhhjfowd@mnb.ksx', 'Kburcs,Icalh 70', '+88831888082564124');
INSERT INTO public.costumer VALUES (33, 'Vthwwmi', 'olpmaela@hw.me', 'Qfickw,Ypskr 83', '+25451131046880551');
INSERT INTO public.costumer VALUES (34, 'Oyqctsvm', 'qanoddski@avo.hi', 'Gietwnjm,Wfspar 164', '+74206772877');
INSERT INTO public.costumer VALUES (35, 'Lbhgh', 'xheek@tp.ec', 'Gydqxmkug,Rydsgd 119', '+42856148355');
INSERT INTO public.costumer VALUES (36, 'Vmff', 'tbmxitcw@ku.oh', 'Eprjvjeia,Jkoehl 39', '+677465368054154');
INSERT INTO public.costumer VALUES (37, 'Oesfwi', 'fouaw@ah.egf', 'Pjqscoq,Slqx 76', '+6086365762617');
INSERT INTO public.costumer VALUES (38, 'Bagwglfxt', 'jheh@stl.js', 'Yticjrfsq,Rayeh 51', '+641276725183415');
INSERT INTO public.costumer VALUES (39, 'Jvysrbog', 'qiq@plm.kq', 'Bcixuqho,Oybhbok 112', '+3040306432845');
INSERT INTO public.costumer VALUES (40, 'Bpeljesee', 'hpekgc@bwl.sk', 'Wqoesbqoyy,Xpinvq 17', '+6320551381627504');
INSERT INTO public.costumer VALUES (41, 'Umpxblld', 'vlnhd@ok.cx', 'Xlrraarwxl,Sjfv 62', '+2127323352507044');
INSERT INTO public.costumer VALUES (42, 'Mioiu', 'rqxf@kb.tey', 'Bnoiwxqs,Owrvq 81', '+828255260404228');
INSERT INTO public.costumer VALUES (43, 'Tfmitvhlkw', 'juwpxe@qpr.dl', 'Wnsssy,Mylotxy 136', '+266363013084');
INSERT INTO public.costumer VALUES (44, 'Oyulvt', 'rbsfsocx@wv.mkx', 'Jtjunlijx,Escjyvg 33', '+8703384430882322');
INSERT INTO public.costumer VALUES (45, 'Aefp', 'ami@gv.kow', 'Olihigln,Lcpnmm 25', '+4672574361084');
INSERT INTO public.costumer VALUES (46, 'Hjqojijcm', 'gucfucyc@bpd.nwa', 'Jjivqwnbw,Xeon 182', '+325401788063315');
INSERT INTO public.costumer VALUES (47, 'Cbpvo', 'uswjlt@ga.hlu', 'Prltjseswo,Mitkb 185', '+727873751827');
INSERT INTO public.costumer VALUES (48, 'Shqkw', 'xikppvi@egs.ls', 'Hywbwaki,Mvms 92', '+006080606440');
INSERT INTO public.costumer VALUES (49, 'Jqhrjdcxsm', 'yphyw@ohm.uat', 'Botcwydp,Qfwju 109', '+10435124104073065');
INSERT INTO public.costumer VALUES (50, 'Ylhburwj', 'ibxy@asv.oy', 'Wafqratr,Rtmd 66', '+02751851662237');
INSERT INTO public.costumer VALUES (51, 'Gxnkswjja', 'cpkboply@eei.lo', 'Roftsbfdu,Jrudrh 84', '+428143747003');
INSERT INTO public.costumer VALUES (52, 'Gwqc', 'ylbqhte@kmf.fw', 'Qgkyrkoqw,Dnftb 98', '+151083530761008');
INSERT INTO public.costumer VALUES (53, 'Makdignvh', 'pgduynw@ti.ni', 'Bviicmpkt,Bbjbj 1', '+570852761187');
INSERT INTO public.costumer VALUES (54, 'Wjqxexpyw', 'yxtpos@ku.ex', 'Befbteco,Nwia 47', '+32187408581');
INSERT INTO public.costumer VALUES (55, 'Tvjmwplw', 'fwqwraqr@yy.mb', 'Uupqpxolqk,Gxfknra 122', '+8087603272403');
INSERT INTO public.costumer VALUES (56, 'Axyy', 'rnrtvq@ks.fmt', 'Yeqkvemwt,Hpnknvp 118', '+2504076505554');
INSERT INTO public.costumer VALUES (57, 'Bvte', 'voesr@xbw.dgq', 'Xwwhtcusf,Lrbkitd 125', '+06575342622565026');
INSERT INTO public.costumer VALUES (58, 'Herrvbanhg', 'otc@ad.bb', 'Fryfajgsal,Jhfgc 189', '+51467714163355034');
INSERT INTO public.costumer VALUES (59, 'Dranqmk', 'ifmljmex@uep.hw', 'Ahicbqrit,Ciqwrcm 168', '+360345613460');
INSERT INTO public.costumer VALUES (60, 'Beawg', 'smxmlan@qr.ll', 'Lljkxhb,Ylyai 183', '+481140137532');
INSERT INTO public.costumer VALUES (61, 'Saowbjluj', 'mxmjdo@kb.su', 'Xedubufs,Cxgrpe 75', '+21400668730776354');
INSERT INTO public.costumer VALUES (62, 'Fnxkuqb', 'wlfirnh@vt.ltn', 'Vusprrnm,Lrdnqr 110', '+182723066861');
INSERT INTO public.costumer VALUES (63, 'Eepad', 'orios@he.ll', 'Geuoxntp,Rykudtn 108', '+6765117142111327');
INSERT INTO public.costumer VALUES (64, 'Jqjlcom', 'enf@gro.yc', 'Jdmctqyh,Deueq 121', '+76302733300477253');
INSERT INTO public.costumer VALUES (65, 'Wlvsrmb', 'wwbr@iq.dh', 'Nynxanf,Pdjxxp 98', '+347785214336');
INSERT INTO public.costumer VALUES (66, 'Leebxwvttu', 'rklvv@fxv.hg', 'Imybyj,Hysupn 99', '+580683157428');
INSERT INTO public.costumer VALUES (67, 'Eegum', 'wvpe@su.drj', 'Ojexlgbfgu,Vltdw 185', '+767233366434570');
INSERT INTO public.costumer VALUES (68, 'Ykancxgie', 'klicwkf@cm.iy', 'Jxyufg,Rdhjm 91', '+423458228622');
INSERT INTO public.costumer VALUES (69, 'Jtrav', 'asnqdi@niv.jr', 'Ouuceooj,Oosbpnb 104', '+6576770204035811');
INSERT INTO public.costumer VALUES (70, 'Srwhsyc', 'qqgio@eli.hqr', 'Hsbuxl,Xtqhpc 104', '+7230067215634');
INSERT INTO public.costumer VALUES (71, 'Yruuwxosn', 'isdw@cso.yd', 'Ivyafnwi,Oiiv 191', '+18880560782');
INSERT INTO public.costumer VALUES (72, 'Nwfx', 'ntwtdxf@oco.ft', 'Itfltr,Dcia 4', '+08445540864108');
INSERT INTO public.costumer VALUES (73, 'Lbwt', 'boukfkscf@kcx.ur', 'Uencgihi,Bwjkl 138', '+5121354547276834');
INSERT INTO public.costumer VALUES (74, 'Osffurc', 'qngp@wyq.rfm', 'Sjgyht,Ybwi 18', '+32766752818512345');
INSERT INTO public.costumer VALUES (75, 'Xrjpfy', 'bitgfq@bw.qb', 'Fwabrv,Matnfu 178', '+3542658678421102');
INSERT INTO public.costumer VALUES (76, 'Hlldvinkpl', 'gsummranp@sh.gr', 'Jnfjxh,Sfdec 27', '+4622867724627');
INSERT INTO public.costumer VALUES (77, 'Blnbt', 'ijwqynvuw@ji.sti', 'Rnxksauvug,Cbne 37', '+84323654602');
INSERT INTO public.costumer VALUES (78, 'Hxosxibhmw', 'qqbgq@eo.ero', 'Bsxmhugjg,Itmc 123', '+58146428467411');
INSERT INTO public.costumer VALUES (79, 'Ajfj', 'cyaigp@xpy.db', 'Vyjdqrxnw,Fmkclw 77', '+75101685714');
INSERT INTO public.costumer VALUES (80, 'Hxhhqfwpq', 'jaev@eeu.jmw', 'Cmdvgxe,Vdht 106', '+17150008023570640');
INSERT INTO public.costumer VALUES (81, 'Klvad', 'ytfj@hrf.spj', 'Crxfdbwor,Jkqymk 143', '+87557670512134150');
INSERT INTO public.costumer VALUES (82, 'Uauhitw', 'ricbiobk@ig.kyv', 'Dwxqnqj,Jelihj 135', '+45377406275546871');
INSERT INTO public.costumer VALUES (83, 'Lxkbelbd', 'gxkbuc@dt.tks', 'Qgomtgk,Huvk 154', '+404436812814002');
INSERT INTO public.costumer VALUES (84, 'Vlkyq', 'gttweuc@xhw.ow', 'Rwqvedm,Tknv 95', '+32437116007715604');
INSERT INTO public.costumer VALUES (85, 'Ewksc', 'fpcy@yt.mbh', 'Caktdnsxdu,Yued 58', '+7236222705067267');
INSERT INTO public.costumer VALUES (86, 'Jmlsvr', 'ltnhjef@jkp.nd', 'Prkwvki,Jroebdh 28', '+24055533186');
INSERT INTO public.costumer VALUES (87, 'Cyuqw', 'xppeq@st.htg', 'Tpfyru,Gugfvxl 1', '+5361087548187');
INSERT INTO public.costumer VALUES (88, 'Huqmah', 'yoaymtyyv@wo.ogd', 'Jpuvheuqq,Oqxe 110', '+76446485427');
INSERT INTO public.costumer VALUES (89, 'Skyv', 'tcd@ip.kyx', 'Ysjiwmks,Kpirw 156', '+084434570037');
INSERT INTO public.costumer VALUES (90, 'Poslu', 'bvrj@rrd.rmj', 'Qwprrka,Ptfdbjy 66', '+744582510513888');
INSERT INTO public.costumer VALUES (91, 'Bvrxl', 'oyguh@hpt.cdh', 'Dsydbh,Xgsuou 121', '+770642268811588');
INSERT INTO public.costumer VALUES (92, 'Nqvmhjhae', 'hwd@ku.af', 'Scbujg,Ylmpu 154', '+24167088841003');
INSERT INTO public.costumer VALUES (93, 'Isuypom', 'butcn@kj.mi', 'Rulgkg,Qlofha 192', '+263242811718');
INSERT INTO public.costumer VALUES (94, 'Qhuhup', 'qfbvome@mfh.pf', 'Wpspxbkvjf,Fbdo 81', '+563407483550');
INSERT INTO public.costumer VALUES (95, 'Mijdtggwwq', 'xirh@dq.dv', 'Dcckhhgy,Egyp 85', '+482135047474465');
INSERT INTO public.costumer VALUES (96, 'Fcevxr', 'vvyatlpf@xh.lk', 'Ebkfwfks,Naelmu 42', '+62508244133018382');
INSERT INTO public.costumer VALUES (97, 'Yyhja', 'itjioyj@st.gcr', 'Ulpvkm,Fcaqsrf 177', '+82316511006741');
INSERT INTO public.costumer VALUES (98, 'Fettbypin', 'mfdl@bhl.we', 'Drchuhr,Pcmkuyi 149', '+01023712343');
INSERT INTO public.costumer VALUES (99, 'Xjhjed', 'kawgg@nlb.yj', 'Wajkmayrc,Srouew 149', '+76777781264');
INSERT INTO public.costumer VALUES (100, 'Cnsyw', 'ffcnyax@oiu.gr', 'Uxhlbnoje,Vwbim 4', '+66863023704618');
INSERT INTO public.costumer VALUES (101, 'Kfcnlfbv', 'mwf@fp.hmt', 'Qfmuiywi,Yuuswf 49', '+22340244043202750');
INSERT INTO public.costumer VALUES (102, 'Lstrrsuyb', 'vybtmu@mno.lvo', 'Rsfwih,Lsqja 184', '+646574605255');
INSERT INTO public.costumer VALUES (103, 'Xfylu', 'whrwsjmk@rp.dc', 'Fsnmkyvc,Ppaesnd 122', '+31140087737');
INSERT INTO public.costumer VALUES (104, 'Adeggrlhlo', 'lqsfjrsv@oa.qer', 'Jfvsjnbax,Dbmlst 154', '+05108631472');
INSERT INTO public.costumer VALUES (105, 'Hpogibx', 'uuqwdemy@eq.afp', 'Pufaffykm,Lfggglh 13', '+5584612417446573');
INSERT INTO public.costumer VALUES (106, 'Uugmgmvru', 'vfmonit@spp.evp', 'Lxiskrbnfm,Yliyjbn 91', '+65026024324');
INSERT INTO public.costumer VALUES (107, 'Ftrw', 'ducs@kdl.ors', 'Pjgebdukr,Xbny 45', '+80833600571841435');
INSERT INTO public.costumer VALUES (108, 'Ixev', 'ieu@cxt.ty', 'Ouhejvyft,Soacn 138', '+11245037110477106');
INSERT INTO public.costumer VALUES (109, 'Roac', 'vjc@ta.io', 'Rxqmqg,Hribffn 93', '+652051624536');
INSERT INTO public.costumer VALUES (110, 'Aowkk', 'vlxaba@phv.oq', 'Tabiinple,Odyu 133', '+1886424442832');
INSERT INTO public.costumer VALUES (111, 'Ewmllhxql', 'yrykvbd@np.omb', 'Anlpgvucq,Wbqcev 6', '+82006448525446051');
INSERT INTO public.costumer VALUES (112, 'Gjutj', 'yysh@pbd.fn', 'Hoiyugj,Aivhin 124', '+57342773073023');
INSERT INTO public.costumer VALUES (113, 'Rjcv', 'wdvrv@up.pvl', 'Grnqgwuli,Yddrfsd 190', '+5022327578328842');
INSERT INTO public.costumer VALUES (114, 'Irqfxftrqu', 'lffaqsysb@ede.if', 'Pvihls,Dtdod 134', '+046131485147228');
INSERT INTO public.costumer VALUES (115, 'Iivnqxoysl', 'qargvh@crq.vol', 'Sgkywwtnn,Xwro 136', '+884021133520257');
INSERT INTO public.costumer VALUES (116, 'Sknif', 'quj@qtt.oi', 'Skcksu,Hdmflta 190', '+5160654223537551');
INSERT INTO public.costumer VALUES (117, 'Ppfj', 'yab@ug.byo', 'Xklycbjvrv,Dhnxuob 164', '+6021646628547362');
INSERT INTO public.costumer VALUES (118, 'Awjfb', 'iljbw@qap.rmt', 'Gkbvod,Niwdebj 199', '+0833561257521730');
INSERT INTO public.costumer VALUES (119, 'Wstyk', 'ghywwli@cin.qa', 'Htukxebn,Scnp 49', '+36803026822107455');
INSERT INTO public.costumer VALUES (120, 'Bwms', 'ivjpq@nke.fl', 'Wwyjdgpy,Onqjpy 143', '+3286724312738136');
INSERT INTO public.costumer VALUES (121, 'Wibucmhsf', 'lri@xd.uj', 'Oocdad,Jjefntu 39', '+331522085587');
INSERT INTO public.costumer VALUES (122, 'Awthgmcyjo', 'pfwaymntp@bse.qb', 'Ysbaaibp,Fvoa 32', '+32288857180434');
INSERT INTO public.costumer VALUES (123, 'Hpfxqu', 'kwrmwk@cs.ron', 'Jvwryvwq,Ayxdw 192', '+68283166862780');
INSERT INTO public.costumer VALUES (124, 'Omrw', 'ojet@wyw.vs', 'Tpdveq,Sovtkur 56', '+34447841203');
INSERT INTO public.costumer VALUES (125, 'Ujkjjo', 'ojbqex@ysk.loi', 'Fcykiq,Hixhv 46', '+675108370484');
INSERT INTO public.costumer VALUES (126, 'Wqjoc', 'jyknaeay@pq.ifm', 'Qwcybyidn,Frtl 129', '+13568128644641');
INSERT INTO public.costumer VALUES (127, 'Kqwfxplom', 'xmijs@au.yc', 'Okaocp,Evermo 162', '+7150367361080');
INSERT INTO public.costumer VALUES (128, 'Lcaigrmmei', 'pjyolwsfi@bs.vju', 'Cqdrrtjpf,Dwjdnyj 101', '+8238868178234327');
INSERT INTO public.costumer VALUES (129, 'Fhorispuof', 'cagq@id.qq', 'Sulqxi,Ieihxu 161', '+102604565750404');
INSERT INTO public.costumer VALUES (130, 'Pqctlia', 'ojaauhy@bt.ddj', 'Gwuajf,Nixfu 5', '+32017422107311');
INSERT INTO public.costumer VALUES (131, 'Mpfmvrktko', 'igpqfnaxt@obu.qpn', 'Hlbfbcs,Blxxe 110', '+708608285626');
INSERT INTO public.costumer VALUES (132, 'Rgjnoip', 'gwdcdkhfb@wws.un', 'Aubpixwxvq,Txrdoos 52', '+02224752517020');
INSERT INTO public.costumer VALUES (133, 'Pnsxdsxq', 'agh@nrd.wur', 'Ygqhghnsn,Spcudpc 13', '+18767673382352');
INSERT INTO public.costumer VALUES (134, 'Dpbofjywcp', 'wbjpvnnk@xe.kr', 'Wvnaqhdbtq,Xxbnri 1', '+462418706030013');
INSERT INTO public.costumer VALUES (135, 'Oyip', 'coybfu@jj.sk', 'Usqravmjmy,Iutp 56', '+175311118107123');
INSERT INTO public.costumer VALUES (136, 'Wctwytyad', 'ifcclimd@bdp.ouj', 'Biynxiy,Yhkijee 18', '+0086722242055');
INSERT INTO public.costumer VALUES (137, 'Mxywtma', 'wtvoboh@obh.yp', 'Bjjammxlwu,Dnodusg 94', '+72676136731383');
INSERT INTO public.costumer VALUES (138, 'Tbifhnwb', 'kylin@ocv.ods', 'Knbfqgrqi,Igiomx 67', '+1788177735324');
INSERT INTO public.costumer VALUES (139, 'Wnpfxjpm', 'obhpa@lvj.lvu', 'Lfqlgs,Qaeovcs 113', '+24880058674');
INSERT INTO public.costumer VALUES (140, 'Elhu', 'prpyrxlx@pus.bis', 'Ioloypqyw,Wgbs 99', '+430067870615');
INSERT INTO public.costumer VALUES (141, 'Xeydxwmg', 'ktc@vx.dg', 'Npemwuuk,Xkqdjva 10', '+2407501872037');
INSERT INTO public.costumer VALUES (142, 'Qgjbdj', 'pfdsgnlhs@rj.ra', 'Etsqey,Eycaa 153', '+3366043167287');
INSERT INTO public.costumer VALUES (143, 'Facprak', 'afxit@tc.ay', 'Tkicvtld,Kiovsxe 176', '+3772562176331');
INSERT INTO public.costumer VALUES (144, 'Cvcdr', 'plonerh@mc.nbp', 'Gemosl,Phsy 64', '+24826753577');
INSERT INTO public.costumer VALUES (145, 'Mksv', 'vqimnkp@xo.pv', 'Iojvyokw,Uctax 117', '+426724730031');
INSERT INTO public.costumer VALUES (146, 'Eygaki', 'unwr@phn.bxv', 'Yaujriasyb,Wotcfu 92', '+25850736142330');
INSERT INTO public.costumer VALUES (147, 'Kybqrsxqq', 'aqr@dj.gbk', 'Ruxakkvtr,Pimtr 12', '+536006456232');
INSERT INTO public.costumer VALUES (148, 'Jitu', 'ypaaycwvy@jm.tbd', 'Drknmmf,Ngski 94', '+402317030162');
INSERT INTO public.costumer VALUES (149, 'Tswk', 'ttxtawwef@ct.ejb', 'Gpbpesv,Dnsi 137', '+2228117020671458');
INSERT INTO public.costumer VALUES (150, 'Huha', 'fpnry@bpb.xw', 'Wrttyps,Prjxif 86', '+27313547304');
INSERT INTO public.costumer VALUES (151, 'Fgmsokql', 'ytuoags@wq.uj', 'Taoknugia,Kkpfw 28', '+87704613486473');
INSERT INTO public.costumer VALUES (152, 'Qykradyw', 'exligjyc@nw.rb', 'Gkabdruy,Icsso 1', '+447105038215758');
INSERT INTO public.costumer VALUES (153, 'Stmu', 'ghtsyqv@pip.au', 'Qsnjid,Reed 8', '+1131672464326756');
INSERT INTO public.costumer VALUES (154, 'Unijnpyb', 'fsdeeex@gh.gw', 'Jsppasys,Qnperu 99', '+7106434665245');
INSERT INTO public.costumer VALUES (155, 'Quoslfvj', 'mudfncmuy@qa.chj', 'Svhajas,Gtlvgrk 149', '+0706454188851');
INSERT INTO public.costumer VALUES (156, 'Bqlrkqthc', 'wnxcqks@rb.xr', 'Xjscrjwwwy,Kjjm 45', '+15236525358450865');
INSERT INTO public.costumer VALUES (157, 'Uwwpybxdbf', 'toqj@woa.qg', 'Vqvyvi,Xrovmbm 146', '+5577280706130');
INSERT INTO public.costumer VALUES (158, 'Uqynt', 'jkjli@jy.jtv', 'Uflgwyc,Pppg 133', '+57058684420551');
INSERT INTO public.costumer VALUES (159, 'Mbwhud', 'ygxeffuis@lv.bs', 'Uwoyoqigao,Epxi 185', '+358313327382218');
INSERT INTO public.costumer VALUES (160, 'Uqpfyg', 'dxuw@hsb.iq', 'Hgwald,Dihcyc 112', '+7630542671478');
INSERT INTO public.costumer VALUES (161, 'Wtawjyhe', 'rlxgi@eh.lam', 'Rbrukwtp,Upfqh 106', '+425310452281428');
INSERT INTO public.costumer VALUES (162, 'Skib', 'yvhrkdov@yg.jy', 'Pchseff,Qxcpi 92', '+8502741621313318');
INSERT INTO public.costumer VALUES (163, 'Vihf', 'hgnei@cih.ch', 'Wukbpfcb,Jmugt 52', '+42613563201273156');
INSERT INTO public.costumer VALUES (164, 'Qxahusstt', 'wwhc@xe.bn', 'Halrsixlg,Htsf 95', '+80682620175');
INSERT INTO public.costumer VALUES (165, 'Eksesl', 'kvajtrey@nlb.fi', 'Btdpmdgbep,Xoxdc 189', '+8700451002321');
INSERT INTO public.costumer VALUES (166, 'Iuoo', 'nhwbfywpu@ej.nfd', 'Gylopjdc,Dcvilg 194', '+80571106163056106');
INSERT INTO public.costumer VALUES (167, 'Cacvm', 'jax@bl.mq', 'Rnsxktb,Rtmk 53', '+6025773752266058');
INSERT INTO public.costumer VALUES (168, 'Nxyrfd', 'ywy@sp.qh', 'Svlvwgpyy,Rejx 188', '+031225711621');
INSERT INTO public.costumer VALUES (169, 'Vvatw', 'vkf@lr.yj', 'Bvxbee,Xesr 102', '+20435017426');
INSERT INTO public.costumer VALUES (170, 'Leuq', 'hrd@wx.bv', 'Tfqdsqd,Vvvph 14', '+013708534710');
INSERT INTO public.costumer VALUES (171, 'Jwhvhofcje', 'biirn@bl.rsp', 'Llgybnw,Ffdmlgw 135', '+7444028022263');
INSERT INTO public.costumer VALUES (172, 'Hfafwpc', 'frgt@it.kg', 'Idhkoyo,Ehtjjtn 82', '+487708045611');
INSERT INTO public.costumer VALUES (173, 'Ktvxllbo', 'lddhgxpj@jgp.fj', 'Weptfl,Mqynvqo 94', '+6251683477032708');
INSERT INTO public.costumer VALUES (174, 'Ihbrbo', 'stwgf@og.fn', 'Flrvyeli,Vmorj 195', '+07635387721828781');
INSERT INTO public.costumer VALUES (175, 'Unudywtuq', 'jtdjh@btp.oyp', 'Wgntkar,Wkkhg 30', '+2234777524443');
INSERT INTO public.costumer VALUES (176, 'Tcww', 'nvgj@er.yk', 'Qywhuko,Snpmeh 144', '+4061664121568562');
INSERT INTO public.costumer VALUES (177, 'Vyifa', 'ipfcgkkg@hm.xuu', 'Mlgdggns,Jyuhss 153', '+72120770764771');
INSERT INTO public.costumer VALUES (178, 'Tsrlmar', 'htrgkv@dys.eb', 'Yvyrdx,Morpd 9', '+4754370510480344');
INSERT INTO public.costumer VALUES (179, 'Cfkcvotsk', 'qasdfht@ohj.pjc', 'Vyvjapau,Cpgc 3', '+601804212024');
INSERT INTO public.costumer VALUES (180, 'Ibhcj', 'nvb@juy.dd', 'Kajben,Ehmpqxm 96', '+4504218750333');
INSERT INTO public.costumer VALUES (181, 'Lvohfuu', 'uovultxjr@fwv.xla', 'Cgqbopqep,Pxdbtlq 118', '+404634547802');
INSERT INTO public.costumer VALUES (182, 'Ynnfd', 'fattrnuii@tfa.yu', 'Waiwob,Mirjoa 128', '+6141318422345550');
INSERT INTO public.costumer VALUES (183, 'Edhawa', 'lienxjy@bf.ff', 'Lgumxj,Greg 23', '+553633208523263');
INSERT INTO public.costumer VALUES (184, 'Doswdkn', 'vxtby@ej.gw', 'Uohqqtdaif,Rmpogd 94', '+27686321366');
INSERT INTO public.costumer VALUES (185, 'Sefwtsmp', 'vrkbkb@ni.fa', 'Jtfohgffi,Iirqase 132', '+420450407744');
INSERT INTO public.costumer VALUES (186, 'Umvbaylgxn', 'dmji@sga.xq', 'Yyhedre,Dexvv 48', '+50115608531166');
INSERT INTO public.costumer VALUES (187, 'Klwedet', 'isfcn@om.qj', 'Ccnpxsr,Dkboypc 44', '+33274304348428');
INSERT INTO public.costumer VALUES (188, 'Jgkhg', 'dvarhc@oi.opd', 'Xsxafffsu,Axxnlnm 97', '+67046481621853');
INSERT INTO public.costumer VALUES (189, 'Eqlhf', 'tnpsrjiqu@rhj.ila', 'Gtlhfcvtnx,Vucv 130', '+1414304866382076');
INSERT INTO public.costumer VALUES (190, 'Esxexanxa', 'arlk@yj.pcl', 'Gbxshgw,Etrtdf 100', '+6778280843383760');
INSERT INTO public.costumer VALUES (191, 'Prwsjtcslf', 'hkfjs@uo.liy', 'Uyuccndxxq,Ordfx 102', '+81374500613757');
INSERT INTO public.costumer VALUES (192, 'Yyfyk', 'umfflfov@kj.sem', 'Lyrwajp,Bmvo 143', '+87705103650851');
INSERT INTO public.costumer VALUES (193, 'Ptwbllgb', 'wkegqhdf@da.osy', 'Gyybahqh,Pwerhe 75', '+65147856737751');
INSERT INTO public.costumer VALUES (194, 'Avtcl', 'pxunbj@mi.bpv', 'Maktjobfeh,Skgv 137', '+152147841000');
INSERT INTO public.costumer VALUES (195, 'Bvsmpa', 'dwkb@hcs.hpv', 'Rhiadf,Qbul 98', '+7810367525314565');
INSERT INTO public.costumer VALUES (196, 'Raiwivq', 'jtdfykkgy@pl.wq', 'Poydsyyeg,Mgostyr 66', '+81634723007422');
INSERT INTO public.costumer VALUES (197, 'Qswr', 'fknl@mpt.gws', 'Owtbjnk,Dqluclp 91', '+55452776501664');
INSERT INTO public.costumer VALUES (198, 'Cqycbwf', 'kcesoiym@wfd.qul', 'Acvtdbwpi,Mubpp 31', '+2146562281178');
INSERT INTO public.costumer VALUES (199, 'Otpqgh', 'afsrnqfmx@lb.or', 'Uyhiposwgm,Obrmwg 59', '+8365106705330075');
INSERT INTO public.costumer VALUES (200, 'Rdokacqr', 'yovmld@qd.mk', 'Ktwcucmpb,Whkr 127', '+71682553723');
INSERT INTO public.costumer VALUES (201, 'Yinfpr', 'pmtgshoqt@wa.swq', 'Dtcbjoxy,Bahswn 110', '+88077867182671100');
INSERT INTO public.costumer VALUES (202, 'Hqqrgastsy', 'ohofr@yyf.tt', 'Jcwxaohr,Mqjgqt 129', '+18454676378768332');
INSERT INTO public.costumer VALUES (203, 'Suuci', 'syvypvaxj@rye.rlj', 'Rsqhyoqgf,Tyiylx 124', '+8662021701334');
INSERT INTO public.costumer VALUES (204, 'Gofbehn', 'duxy@cnu.pl', 'Wuuawv,Dwuxeq 39', '+703173647821');
INSERT INTO public.costumer VALUES (205, 'Umcjahh', 'ositx@cx.kxp', 'Pvobryquhm,Idlby 136', '+2786743748386538');
INSERT INTO public.costumer VALUES (206, 'Mmlewtdi', 'wkpykdad@xit.duq', 'Gkwmmpj,Xaxfqp 166', '+877872783870');
INSERT INTO public.costumer VALUES (207, 'Xcwe', 'ushia@owd.kti', 'Nalloeykq,Kciorer 104', '+63278121306846617');
INSERT INTO public.costumer VALUES (208, 'Gowm', 'eynkjvjow@pqd.vtt', 'Amdmngsiag,Uksatb 194', '+3661327228512');
INSERT INTO public.costumer VALUES (209, 'Cawtwt', 'kymgl@xsv.llh', 'Rgcffk,Jjflhw 70', '+77368724504122');
INSERT INTO public.costumer VALUES (210, 'Rsadug', 'jpxf@pou.ya', 'Xatyxffrk,Qbfcio 166', '+032485742580');
INSERT INTO public.costumer VALUES (211, 'Uteyrfjr', 'tunhypy@bt.qt', 'Atstyuu,Tolwexn 120', '+51526445234375');
INSERT INTO public.costumer VALUES (212, 'Yvgixt', 'tlslj@xfk.sa', 'Ceeinkb,Xagv 194', '+1432606473284877');
INSERT INTO public.costumer VALUES (213, 'Wrfbsaq', 'vnoqlkww@ylr.ar', 'Mqrvsso,Eenfyac 8', '+82608705350400411');
INSERT INTO public.costumer VALUES (214, 'Bnbbjkf', 'xcqu@kv.kgi', 'Alsdcyyth,Mddul 112', '+30187276166101');
INSERT INTO public.costumer VALUES (215, 'Dvqplyg', 'kimpwase@un.uv', 'Rjcbhuv,Cmkxmj 98', '+21342475766277813');
INSERT INTO public.costumer VALUES (216, 'Kubm', 'xbtvkcgc@tux.me', 'Hjkhykatx,Ldme 47', '+5181184014670438');
INSERT INTO public.costumer VALUES (217, 'Itle', 'nroyc@do.teu', 'Cyrevvof,Uyphgrw 29', '+13204264885834');
INSERT INTO public.costumer VALUES (218, 'Tlce', 'qkwmk@kfp.ow', 'Jfkfhhfmg,Eudygwd 150', '+634835506725');
INSERT INTO public.costumer VALUES (219, 'Ahgkpo', 'ndvpnsyq@dn.ukv', 'Ufyexpmoox,Grxhwav 155', '+807436038560666');
INSERT INTO public.costumer VALUES (220, 'Jsqr', 'pjtbypbg@bjl.jmj', 'Rvdxmyvpd,Bbne 146', '+403636033362');
INSERT INTO public.costumer VALUES (221, 'Cmtljrfq', 'tqcfi@km.sjm', 'Iejvmqknih,Nhed 82', '+481334306751');
INSERT INTO public.costumer VALUES (222, 'Orgaokj', 'slrlvryog@nhc.df', 'Iigley,Ufnx 96', '+76578085120');
INSERT INTO public.costumer VALUES (223, 'Fenqm', 'rtamin@qpe.ta', 'Xoigvtr,Biqwno 184', '+53563153233381282');
INSERT INTO public.costumer VALUES (224, 'Bttirn', 'vmiohqwxp@ds.ni', 'Mvpfvia,Nnxpidq 79', '+488315371740');
INSERT INTO public.costumer VALUES (225, 'Xhvuomuea', 'qpreu@ul.nki', 'Ndemjg,Ayhatdo 145', '+6306611301717455');
INSERT INTO public.costumer VALUES (226, 'Fuvqg', 'hsouot@fvx.tyc', 'Asutimlq,Bvnh 178', '+48866012541');
INSERT INTO public.costumer VALUES (227, 'Honokeyc', 'wixp@ste.nq', 'Nlvnmg,Ekqv 152', '+033204215155311');
INSERT INTO public.costumer VALUES (228, 'Hcdi', 'qftxlp@uxq.ds', 'Gglpwa,Xqraep 69', '+05447442715');
INSERT INTO public.costumer VALUES (229, 'Eoljm', 'kxaduty@bhb.bw', 'Equnoysewq,Skcu 17', '+48443031264714');
INSERT INTO public.costumer VALUES (230, 'Xapyb', 'ssshtqeo@wg.hlg', 'Kpsccrlr,Uxec 188', '+57265552101585564');
INSERT INTO public.costumer VALUES (231, 'Gjlxyunwp', 'krmptgnqo@cd.wwu', 'Swgkhtkycl,Ynkl 12', '+20303474324');
INSERT INTO public.costumer VALUES (232, 'Lmxu', 'ptyguhpjf@vie.gny', 'Aerwjwhxhp,Jgutmi 24', '+3742401417886787');
INSERT INTO public.costumer VALUES (233, 'Fdsynyno', 'pgbxlne@sj.vjt', 'Pstmgswas,Jejfp 159', '+4676268413414');
INSERT INTO public.costumer VALUES (234, 'Jfdpqejvd', 'yagcbx@gn.af', 'Ovcyywcd,Noodhn 140', '+72730007611036450');
INSERT INTO public.costumer VALUES (235, 'Sbsw', 'qmfahswed@jf.ja', 'Flaqrcf,Omcvaay 157', '+07130366682');
INSERT INTO public.costumer VALUES (236, 'Ohgmdv', 'jtqbqmjn@niw.en', 'Qagoyimeww,Iyvkpw 168', '+6115114535524621');
INSERT INTO public.costumer VALUES (237, 'Wmgy', 'vgpo@tc.ji', 'Rnedympbo,Ocxjm 58', '+05124787327');
INSERT INTO public.costumer VALUES (238, 'Vbpt', 'rllsj@qd.pd', 'Jpteyvq,Mlylo 97', '+65564813015861');
INSERT INTO public.costumer VALUES (239, 'Youjjl', 'jbndsw@pb.ksg', 'Iuvtvxrs,Kvxq 158', '+8263307236110');
INSERT INTO public.costumer VALUES (240, 'Iktvrx', 'avpxyag@wl.qd', 'Tplnqhdf,Pltfxei 185', '+041288634165176');
INSERT INTO public.costumer VALUES (241, 'Yqmxfvn', 'uyrhp@ky.kn', 'Cgbtpov,Hjfy 127', '+005763634435136');
INSERT INTO public.costumer VALUES (242, 'Olfyflvtt', 'cwycvybwr@wl.myd', 'Ursfwoxt,Sxcsodw 81', '+107241046115');
INSERT INTO public.costumer VALUES (243, 'Npdiqyhgy', 'rxvx@ei.oq', 'Brstlm,Whjkhpk 191', '+81061531322336236');
INSERT INTO public.costumer VALUES (244, 'Pfwvwryq', 'ockklhj@mtx.wy', 'Uqypoyb,Elhq 192', '+46335021172761587');
INSERT INTO public.costumer VALUES (245, 'Btce', 'ubl@gsw.tsp', 'Omskyr,Nixpngs 59', '+041685307643');
INSERT INTO public.costumer VALUES (246, 'Gimnhobwt', 'gjjsqs@vg.yh', 'Xjhhje,Nfads 17', '+502366052842');
INSERT INTO public.costumer VALUES (247, 'Ilkl', 'swn@dk.tfd', 'Opeshwut,Qkfqol 131', '+34636254686555741');
INSERT INTO public.costumer VALUES (248, 'Xruwpgfsw', 'fkbblu@lcg.np', 'Nijctwc,Ssscsag 73', '+3081668055457');
INSERT INTO public.costumer VALUES (249, 'Mnmpik', 'mtiimujgx@fdj.fix', 'Uoerhvqgs,Dhacfoe 192', '+331481641725');
INSERT INTO public.costumer VALUES (250, 'Vxbl', 'xseoam@ar.um', 'Tormqxxim,Scaygq 147', '+472107735332');
INSERT INTO public.costumer VALUES (251, 'Ibfbyqi', 'gvcp@lni.cno', 'Bjefeq,Wxvoyom 31', '+44330834101');
INSERT INTO public.costumer VALUES (252, 'Dgmqevx', 'npex@gpi.yx', 'Afemgwyp,Bnmscsw 43', '+51075620310706563');
INSERT INTO public.costumer VALUES (253, 'Xijrdc', 'vwegtlfh@sd.tff', 'Fedetci,Ejegxd 45', '+15873706600');
INSERT INTO public.costumer VALUES (254, 'Pxomtclye', 'ulvo@ai.qm', 'Kqqwqmxil,Oupvl 147', '+180386332526');
INSERT INTO public.costumer VALUES (255, 'Akbwmp', 'pjfefwp@kio.fes', 'Qnnbbd,Oysvbov 111', '+482810186086');
INSERT INTO public.costumer VALUES (256, 'Vtgert', 'ssghokw@mr.bs', 'Bmxiok,Ojcdola 97', '+74040862530831246');
INSERT INTO public.costumer VALUES (257, 'Ibfr', 'awa@edq.ufy', 'Mmsbjlvhf,Xqvtp 49', '+7775513106587447');
INSERT INTO public.costumer VALUES (258, 'Acwjpbhv', 'efbr@wnf.cqa', 'Kgqafcib,Hliosi 154', '+17322206826');
INSERT INTO public.costumer VALUES (259, 'Wkjfkgv', 'lsaca@uc.cm', 'Yvgjjwb,Qhsvbg 88', '+616146574053265');
INSERT INTO public.costumer VALUES (260, 'Whqohpbc', 'eckba@hvc.kyc', 'Okerogc,Qcxgxj 10', '+525883016164551');
INSERT INTO public.costumer VALUES (261, 'Fivmsskq', 'lofpfixs@oe.go', 'Dsxoiohcfl,Byarism 65', '+4211130643086');
INSERT INTO public.costumer VALUES (262, 'Spgwobam', 'axgtogf@eun.qvn', 'Usxeukqqta,Rkdgs 84', '+4821768340327433');
INSERT INTO public.costumer VALUES (263, 'Qrxljlqow', 'dvqyjjjhy@fy.ie', 'Nlcymwr,Mmbxp 139', '+04117636175580612');
INSERT INTO public.costumer VALUES (264, 'Vuuskmfpi', 'oqce@yh.dla', 'Gtabqg,Frphnom 131', '+22126331032456');
INSERT INTO public.costumer VALUES (265, 'Ssicxq', 'uur@sw.hj', 'Cjjdcmkfsk,Bibaiq 21', '+5342724223080');
INSERT INTO public.costumer VALUES (266, 'Xdukiwo', 'eslfqwunx@dxh.xg', 'Awvkriuccj,Rklo 110', '+87363673033565425');
INSERT INTO public.costumer VALUES (267, 'Fcpco', 'namwovymx@qya.wfp', 'Fhvfsw,Lbtfs 186', '+27263887885');
INSERT INTO public.costumer VALUES (268, 'Rbst', 'uwhr@spk.ep', 'Fypxjcek,Ddkuqrh 66', '+08202136168664');
INSERT INTO public.costumer VALUES (269, 'Tolnofiq', 'ukyvgq@jf.vu', 'Nkrbghsv,Rmbuj 107', '+827435780556');
INSERT INTO public.costumer VALUES (270, 'Waorq', 'wbkkd@wn.mv', 'Jtofworbmm,Oqryeb 68', '+18810467860171');
INSERT INTO public.costumer VALUES (271, 'Hcmjhg', 'puynnkrke@xgo.fxh', 'Mbdusp,Fvuoxqx 184', '+003667718201');
INSERT INTO public.costumer VALUES (272, 'Ujsjjc', 'aqx@nhl.heo', 'Tsvosu,Kbfjgx 30', '+887222545365864');
INSERT INTO public.costumer VALUES (273, 'Sdsb', 'jqjtk@dri.nso', 'Bdmjutbv,Smfgy 198', '+10110854731');
INSERT INTO public.costumer VALUES (274, 'Gsnnkw', 'aefhwxl@cm.fq', 'Mleltfokcp,Mcuicu 76', '+56056377157');
INSERT INTO public.costumer VALUES (275, 'Clebvaifrp', 'cfd@oe.etl', 'Agcubb,Jvqwqud 3', '+17741451321');
INSERT INTO public.costumer VALUES (276, 'Dfmhkwmpvs', 'wctfrxp@xq.pc', 'Jmxoefmsr,Elbv 14', '+6177422772856');
INSERT INTO public.costumer VALUES (277, 'Igvmdhtoy', 'lelcj@sv.vcl', 'Pugobocdf,Qqgocfj 52', '+85153321132');
INSERT INTO public.costumer VALUES (278, 'Gqyjlmw', 'gkqnmgw@xc.gax', 'Xdaaeths,Eapugp 156', '+85473256641');
INSERT INTO public.costumer VALUES (279, 'Ipjeiidex', 'nqsnjhtso@oj.jmr', 'Daimrt,Gwwbu 110', '+2123741070137');
INSERT INTO public.costumer VALUES (280, 'Tecbig', 'rqy@kgj.lt', 'Vnomcol,Gxwnb 27', '+8721617814338536');
INSERT INTO public.costumer VALUES (281, 'Qupis', 'ysxqvhr@rxs.db', 'Hsyktfdesg,Qffjgq 173', '+62816535524');
INSERT INTO public.costumer VALUES (282, 'Utmtsw', 'buooj@rqk.pj', 'Lobrnatqjj,Vvdydr 31', '+25487612801140663');
INSERT INTO public.costumer VALUES (283, 'Ssxlacx', 'firfbhaee@nqi.pdb', 'Uopfqdqw,Dfcyquj 158', '+05588628707636144');
INSERT INTO public.costumer VALUES (284, 'Reso', 'hxl@ywd.ug', 'Eaixlyr,Divrf 109', '+4748027042122560');
INSERT INTO public.costumer VALUES (285, 'Tafedsgddv', 'obhxvjcg@kqh.qs', 'Rcvutdf,Xscebws 29', '+475545015647');
INSERT INTO public.costumer VALUES (286, 'Tdtvtysnca', 'orvchysn@mmb.hj', 'Pnokfmyib,Wlnlr 18', '+08870806512582');
INSERT INTO public.costumer VALUES (287, 'Sgygria', 'wfbpkkbg@rxw.it', 'Laqtwhdwbj,Uavcgv 32', '+62376034204375');
INSERT INTO public.costumer VALUES (288, 'Btky', 'kqgwppui@aqq.ah', 'Ssthswy,Kawknbl 30', '+11858626430183');
INSERT INTO public.costumer VALUES (289, 'Mhsdwyrpp', 'hdvnb@bjt.chx', 'Mjrhmtygg,Uqxo 141', '+53163586247074645');
INSERT INTO public.costumer VALUES (290, 'Iovg', 'whiolpp@yxy.nxn', 'Klemdyqx,Fmftm 94', '+038168876746137');
INSERT INTO public.costumer VALUES (291, 'Cqguquidv', 'mvkuxk@dwa.hj', 'Pajuieb,Klfbks 97', '+0138572468003037');
INSERT INTO public.costumer VALUES (292, 'Rpndevn', 'akgnx@dp.lp', 'Dniijpscpb,Yyswsl 17', '+8358530504663884');
INSERT INTO public.costumer VALUES (293, 'Nlkjysbi', 'gpvu@xnd.jos', 'Xrfecxre,Qlyhxg 160', '+3385823600140057');
INSERT INTO public.costumer VALUES (294, 'Gvtliwtfmh', 'ukkh@nt.tm', 'Ldblsktgi,Qdvg 57', '+02500315641504444');
INSERT INTO public.costumer VALUES (295, 'Jqpyflfurr', 'ndj@lk.py', 'Qqdhtfswqb,Ucduia 104', '+40348644834168762');
INSERT INTO public.costumer VALUES (296, 'Poqohe', 'jtr@ca.qoc', 'Uieueynro,Dtfs 187', '+8686613135265');
INSERT INTO public.costumer VALUES (297, 'Ynvvbbjn', 'hbysnagj@tyk.ri', 'Ovycfr,Lpet 23', '+1231804346144');
INSERT INTO public.costumer VALUES (298, 'Cltbtyoiq', 'pageds@kpc.prq', 'Jxroictjdq,Jnxmf 130', '+77733325367551470');
INSERT INTO public.costumer VALUES (299, 'Fxrtuu', 'oku@ppg.guq', 'Hattdoabv,Alovch 5', '+342546532415676');
INSERT INTO public.costumer VALUES (300, 'Ntukref', 'ytatcglrb@dwm.uwo', 'Wlurawb,Vaonrl 92', '+612825272826');
INSERT INTO public.costumer VALUES (301, 'Pralkru', 'cmrkvbpft@dv.uo', 'Srfsimjxls,Marf 155', '+72246016247282515');
INSERT INTO public.costumer VALUES (302, 'Lcgb', 'nou@jxe.gy', 'Bahlqqqmce,Lfbtj 144', '+5388071043158');
INSERT INTO public.costumer VALUES (303, 'Pwnoavjr', 'xoectky@aq.ajs', 'Phihng,Qatwdoc 128', '+62374233265');
INSERT INTO public.costumer VALUES (304, 'Gavoeepevd', 'cuslkrxb@rky.lx', 'Ejawxblyc,Sbcx 149', '+377851852552');
INSERT INTO public.costumer VALUES (305, 'Rfwvcxc', 'rnfbmtqir@ju.sbw', 'Fyrosy,Xmbdxvi 65', '+18555471460305');
INSERT INTO public.costumer VALUES (306, 'Lgxbqdjsn', 'exa@nde.ny', 'Wfbnivjhbe,Csdsa 72', '+11482373332773577');
INSERT INTO public.costumer VALUES (307, 'Xptqosa', 'gub@qe.rnw', 'Ksahnqyuw,Unerk 73', '+2527131467516');
INSERT INTO public.costumer VALUES (308, 'Jcydwbgky', 'ume@oec.cxx', 'Bmicqewoa,Qxxc 149', '+431867788562');
INSERT INTO public.costumer VALUES (309, 'Tmcnrju', 'rqfi@bsg.hjy', 'Vrgdarsfdr,Ojjxo 39', '+61611235402');
INSERT INTO public.costumer VALUES (310, 'Hanrmredc', 'nim@wl.je', 'Ogyjcquq,Dbrbu 70', '+212121755087');
INSERT INTO public.costumer VALUES (311, 'Xjfpkph', 'abmat@uji.ulj', 'Qjcigcdlt,Tidxkgd 109', '+631755604075');
INSERT INTO public.costumer VALUES (312, 'Reft', 'thwlccy@ov.kn', 'Bnkubti,Kqwc 85', '+53734731334384');
INSERT INTO public.costumer VALUES (313, 'Ekhxu', 'mjb@yc.oxa', 'Qwstbvu,Oqvsiv 45', '+1245003577487087');
INSERT INTO public.costumer VALUES (314, 'Kbpghkdvcd', 'xrxplkylu@dv.sdn', 'Ijmrcsu,Gybkr 16', '+67445257737');
INSERT INTO public.costumer VALUES (315, 'Anml', 'ydrkstjv@ls.pqr', 'Bghcvbuow,Lfbqgrg 96', '+3657668886246');
INSERT INTO public.costumer VALUES (316, 'Gyip', 'eecd@em.se', 'Aatwaaaw,Jepctvx 171', '+4586786415313');
INSERT INTO public.costumer VALUES (317, 'Mooofvaygo', 'exlhhvmmv@oc.sw', 'Vygfsrn,Iogyl 100', '+34543421057076234');
INSERT INTO public.costumer VALUES (318, 'Tkrymmfqyb', 'timlmqv@pw.fd', 'Ruutjfdgx,Pfmanq 44', '+86648816580368585');
INSERT INTO public.costumer VALUES (319, 'Nyxjqg', 'gbinpg@ccq.vnu', 'Ucplnyh,Amik 18', '+5734052852472');
INSERT INTO public.costumer VALUES (320, 'Csrhq', 'ggfrk@be.ccl', 'Fqwqndp,Nkwtx 88', '+0142046685685443');
INSERT INTO public.costumer VALUES (321, 'Qaqoxvaowt', 'ikoukhsk@hm.wbh', 'Xwwkdpr,Pabh 84', '+56021166778');
INSERT INTO public.costumer VALUES (322, 'Usyol', 'paqx@xy.awr', 'Oluoch,Dcod 158', '+753378326236150');
INSERT INTO public.costumer VALUES (323, 'Jdaymja', 'oucvyody@ayp.upt', 'Umcocafc,Enlq 49', '+5027236258215656');
INSERT INTO public.costumer VALUES (324, 'Efvimibsap', 'gkitvbjn@sjw.so', 'Qcesug,Lrcvenp 196', '+0176631024620633');
INSERT INTO public.costumer VALUES (325, 'Yhyvbq', 'jgqyja@at.whm', 'Tbikrcl,Fvahqcm 32', '+2703362254254308');
INSERT INTO public.costumer VALUES (326, 'Gdgvh', 'xskwcaalx@on.yqv', 'Amtcogib,Drqwri 136', '+8086752153345174');
INSERT INTO public.costumer VALUES (327, 'Fjckkit', 'txujk@nx.cuc', 'Lkrbor,Unybmp 181', '+8671558367155');
INSERT INTO public.costumer VALUES (328, 'Ahhsl', 'xgggutcnf@ofa.vqa', 'Anlypvwikb,Dneqqx 143', '+803480634057');
INSERT INTO public.costumer VALUES (329, 'Bsbrmdteho', 'msdixfnc@tru.kfj', 'Cnexqerrmv,Lxgwq 26', '+82010755428');
INSERT INTO public.costumer VALUES (330, 'Uoefqhi', 'etviwwoex@ek.ut', 'Aqfcgehr,Jadmvej 166', '+82575377214');
INSERT INTO public.costumer VALUES (331, 'Uuuyqdmtse', 'yxxcq@xee.wu', 'Fgkgufny,Edgu 10', '+356203770580170');
INSERT INTO public.costumer VALUES (332, 'Pytwjvja', 'swsmpkba@png.tq', 'Uhvdhx,Qsqbb 122', '+827064317610');
INSERT INTO public.costumer VALUES (333, 'Kskl', 'igbtrbi@cje.bk', 'Suadmphuac,Ciwe 152', '+42260122501055750');
INSERT INTO public.costumer VALUES (334, 'Jpqfx', 'hoirbj@bh.bs', 'Iibgtgnk,Smlgnrt 98', '+2042608252642175');
INSERT INTO public.costumer VALUES (335, 'Kmejoli', 'wddku@fc.la', 'Nstumxwfce,Qruvmlx 133', '+66005212206241');
INSERT INTO public.costumer VALUES (336, 'Mrgdho', 'tngliyw@rp.dvj', 'Mbimxy,Qxcnjrl 119', '+118835842867658');
INSERT INTO public.costumer VALUES (337, 'Tnkyk', 'pjvfwwsru@st.qj', 'Ynxvdwckqr,Yhmubk 149', '+837773630732');
INSERT INTO public.costumer VALUES (338, 'Osnntntrh', 'bvvostxc@me.vx', 'Akvaqse,Gpyq 52', '+5406634230556');
INSERT INTO public.costumer VALUES (339, 'Snbb', 'aqw@gmm.xx', 'Hccynsfc,Yxpylbt 179', '+650741711343436');
INSERT INTO public.costumer VALUES (340, 'Ytdqtj', 'goplxebd@lu.vhr', 'Ygxmbmqymm,Elktxg 107', '+1145868004426');
INSERT INTO public.costumer VALUES (341, 'Wxpwps', 'vnjnxqcii@luq.il', 'Ouseopycpj,Eirn 123', '+80702841480565860');
INSERT INTO public.costumer VALUES (342, 'Orwev', 'ejvfhto@fhf.na', 'Rxwibicwa,Gunqx 163', '+5547020373065667');
INSERT INTO public.costumer VALUES (343, 'Yvyadhwhu', 'dsn@dn.kyx', 'Urvjgn,Rhof 154', '+46647231704275276');
INSERT INTO public.costumer VALUES (344, 'Sgkibkg', 'snun@rma.bf', 'Wmeodkovey,Ledtvdj 35', '+864673517625');
INSERT INTO public.costumer VALUES (345, 'Kpmvwj', 'snlwyt@ql.wj', 'Fbbgmi,Udkaae 153', '+07254033608737');
INSERT INTO public.costumer VALUES (346, 'Opwqxadgcs', 'doljw@ex.qem', 'Ekffcm,Xtlrylw 8', '+0636071535085');
INSERT INTO public.costumer VALUES (347, 'Lqjxbcu', 'iqyrec@afn.uf', 'Eojhqdpmx,Imuqldj 38', '+7382626084612130');
INSERT INTO public.costumer VALUES (348, 'Namt', 'opotqn@pj.vf', 'Adecmsxxek,Uguidh 5', '+36751133628247');
INSERT INTO public.costumer VALUES (349, 'Xbvu', 'uaeaqj@wxf.rs', 'Kdwkxa,Wffenur 8', '+4756546301812388');
INSERT INTO public.costumer VALUES (350, 'Geudydoqtg', 'vpq@odt.lno', 'Iumjotn,Rqxf 191', '+0758610768731537');
INSERT INTO public.costumer VALUES (351, 'Mnexsm', 'baclolury@tkd.ut', 'Bqvtmfcds,Tldj 13', '+1708117466067126');
INSERT INTO public.costumer VALUES (352, 'Qiiocx', 'rtucfcjuj@tq.enh', 'Canbtltsdo,Ydrs 159', '+184864163706765');
INSERT INTO public.costumer VALUES (353, 'Thsdpnsorr', 'hchpfl@kju.fis', 'Iutlic,Uuyrr 111', '+1078307813340763');
INSERT INTO public.costumer VALUES (354, 'Kdwltli', 'bhbt@qt.tcm', 'Uboqlji,Scoeh 9', '+02611566801040650');
INSERT INTO public.costumer VALUES (355, 'Rwrhieg', 'pwudl@tga.npt', 'Syjkcuec,Bmcc 193', '+8160262372577271');
INSERT INTO public.costumer VALUES (356, 'Auwxwukdf', 'iqb@dib.ao', 'Ionnhtc,Oojhopp 125', '+26478723463824');
INSERT INTO public.costumer VALUES (357, 'Ixmbqqcisn', 'wnfx@vj.hlo', 'Mhxypv,Asmhw 17', '+64812257200106320');
INSERT INTO public.costumer VALUES (358, 'Uqlkkius', 'cwbp@kl.vj', 'Bojbny,Ocfakw 145', '+6317025554276207');
INSERT INTO public.costumer VALUES (359, 'Kaagvnneq', 'gjxbhar@gyy.wl', 'Ckucgspti,Mpxe 181', '+70213888172436066');
INSERT INTO public.costumer VALUES (360, 'Fomvwur', 'misojooer@rf.cng', 'Blsymew,Kwywlwb 78', '+330078015131');
INSERT INTO public.costumer VALUES (361, 'Hwjkhcqsuj', 'wqrpm@goh.pxn', 'Vmknfvux,Csbqe 104', '+16670142208607');
INSERT INTO public.costumer VALUES (362, 'Jpdysm', 'tfldar@lfp.wj', 'Ldhutw,Rykpy 114', '+661323110420701');
INSERT INTO public.costumer VALUES (363, 'Bbjkalolp', 'fwjhkfxsf@otk.ne', 'Wmctilpav,Oylkkwq 183', '+25388588060500838');
INSERT INTO public.costumer VALUES (364, 'Ketcthm', 'xam@sfb.yra', 'Jhfrnobc,Samirm 83', '+128238130658822');
INSERT INTO public.costumer VALUES (365, 'Gtwvjaa', 'tewilgt@ao.gv', 'Fqfopgeffr,Quyfq 85', '+403405178655111');
INSERT INTO public.costumer VALUES (366, 'Ptiloevssm', 'cut@fj.lue', 'Fkrsqpgjf,Edonl 23', '+8566700184265347');
INSERT INTO public.costumer VALUES (367, 'Tmtoc', 'lbtbnj@yl.ndw', 'Pocbkoyw,Onlp 68', '+3206380545467');
INSERT INTO public.costumer VALUES (368, 'Gwxyjnnga', 'kqy@dd.igi', 'Npjmhpvyku,Mpmpem 2', '+5331474340323');
INSERT INTO public.costumer VALUES (369, 'Pstqc', 'xiisq@fge.da', 'Hpnorxc,Escq 165', '+220530360554');
INSERT INTO public.costumer VALUES (370, 'Todaasq', 'fxcp@qc.vs', 'Ovrlqgty,Clwpm 169', '+7518885715788');
INSERT INTO public.costumer VALUES (371, 'Bwhtxjlhi', 'ecwoq@mcn.da', 'Eqyqvermm,Vako 147', '+22155466028184');
INSERT INTO public.costumer VALUES (372, 'Idhrwagx', 'ufaiaf@so.cyg', 'Einluoqnop,Dnlvaf 185', '+343134580124');
INSERT INTO public.costumer VALUES (373, 'Unqqhj', 'yaxibghs@uww.cqq', 'Kgcyjcmut,Cafpfyl 64', '+24724837836204');
INSERT INTO public.costumer VALUES (374, 'Qwqx', 'paxvhuddp@spq.sup', 'Exnfkpa,Lvveusp 119', '+026166524805118');
INSERT INTO public.costumer VALUES (375, 'Jcsytru', 'lgoccksap@vt.ypq', 'Djbflmtpbl,Xikf 166', '+3446716613166');
INSERT INTO public.costumer VALUES (376, 'Splqikpf', 'baanlj@fd.gdy', 'Btryuguwid,Eupem 7', '+155355435765');
INSERT INTO public.costumer VALUES (377, 'Iqmfjsvh', 'jlyku@mm.me', 'Nfvojlr,Mwwi 126', '+65333760203');
INSERT INTO public.costumer VALUES (378, 'Obfo', 'vbmhfwotl@kv.am', 'Vjoexvwq,Wdkwdl 8', '+7652408042813707');
INSERT INTO public.costumer VALUES (379, 'Vufpwdcnal', 'ujkjlt@ri.pw', 'Ipldtrgx,Iwdjpw 12', '+3501637071681');
INSERT INTO public.costumer VALUES (380, 'Tpqiih', 'ffpdxp@rpq.pnu', 'Fgpaneeg,Wagp 105', '+1640847371234135');
INSERT INTO public.costumer VALUES (381, 'Ihobkvt', 'lyjl@bd.ekg', 'Mybmkh,Ycdlcrx 4', '+312032728668');
INSERT INTO public.costumer VALUES (382, 'Kdmh', 'xqaf@akm.lrs', 'Lphjkg,Mynxv 39', '+4703234100260');
INSERT INTO public.costumer VALUES (383, 'Xnrhhldpdl', 'pbq@mg.aqf', 'Siagbyygg,Iwhrgd 102', '+532611460253318');
INSERT INTO public.costumer VALUES (384, 'Viacrwrxhk', 'xejsqrt@jn.myg', 'Ntekjplif,Ksphxj 6', '+84715016818028046');
INSERT INTO public.costumer VALUES (385, 'Xwpv', 'trm@pd.at', 'Bnpklwwo,Deso 190', '+06261128587');
INSERT INTO public.costumer VALUES (386, 'Vcfcn', 'wbxrsvn@chx.hk', 'Ctqplmlbts,Ggtewtt 118', '+146078561038732');
INSERT INTO public.costumer VALUES (387, 'Duyibbgbm', 'eoleskj@uqa.jej', 'Iannjvv,Jtds 14', '+023508841286840');
INSERT INTO public.costumer VALUES (388, 'Cnnxj', 'vsujxt@fbw.wje', 'Rhwjsiclrf,Cbxyaym 150', '+35067132227');
INSERT INTO public.costumer VALUES (389, 'Yiyvxhd', 'kexjlhqmg@abk.cou', 'Ecknoiqwnr,Yywn 140', '+0576238267871607');
INSERT INTO public.costumer VALUES (390, 'Ruiewopjo', 'vulffwvo@ykg.iim', 'Drsolm,Begm 19', '+136758662216');
INSERT INTO public.costumer VALUES (391, 'Fbjhfqy', 'abgcd@dv.qyo', 'Cmfcwaor,Gqpqiqi 111', '+44438372758716');
INSERT INTO public.costumer VALUES (392, 'Plem', 'mekhio@yu.npq', 'Wktdepxl,Mkwnc 98', '+04437303804808');
INSERT INTO public.costumer VALUES (393, 'Cdjusy', 'emljfqs@pn.wi', 'Brbgbnugpn,Ovmv 148', '+054121136750411');
INSERT INTO public.costumer VALUES (394, 'Wmdeakfr', 'nhcqkh@tmh.kb', 'Xmjchofno,Ftcp 59', '+4202608500121720');
INSERT INTO public.costumer VALUES (395, 'Dkchjnnv', 'pgxw@nl.pp', 'Worvusskn,Ydmd 66', '+605778843384641');
INSERT INTO public.costumer VALUES (396, 'Sttttdduh', 'yuc@lv.ub', 'Jlffbtf,Rhsys 74', '+18417378473081');
INSERT INTO public.costumer VALUES (397, 'Nvtasjxber', 'yyl@su.ur', 'Ysertyxge,Iliv 85', '+85142827618047');
INSERT INTO public.costumer VALUES (398, 'Wclxdp', 'vkjvrhbf@wnn.kys', 'Gsgrhr,Dwph 80', '+06004520566265286');
INSERT INTO public.costumer VALUES (399, 'Aoxhpesh', 'kkmukgb@ghx.tr', 'Ccixjyiepc,Mlwu 57', '+28200567682220');
INSERT INTO public.costumer VALUES (400, 'Kmxfn', 'yti@yck.yix', 'Kpgoiuvoow,Ncscoay 33', '+362733374280622');
INSERT INTO public.costumer VALUES (401, 'Yyqvxjme', 'bgelp@ymu.ux', 'Pjpryuaigw,Rbqy 196', '+2600717034607087');
INSERT INTO public.costumer VALUES (402, 'Lhgxhod', 'xdctqv@bg.lb', 'Bkxyntwg,Hmgbh 194', '+12167343632441445');
INSERT INTO public.costumer VALUES (403, 'Nmbn', 'uhbbfqhp@tmv.gde', 'Eiqcbc,Expph 108', '+228037713682');
INSERT INTO public.costumer VALUES (404, 'Uemjmvflf', 'qymlr@ggy.iu', 'Txtqrsh,Rbmt 32', '+56760080026');
INSERT INTO public.costumer VALUES (405, 'Cskaweh', 'luay@qi.dbw', 'Fhpxuowyw,Ihuo 123', '+4816140246683');
INSERT INTO public.costumer VALUES (406, 'Cqtwqgkdue', 'xljxibcew@rpu.im', 'Doglrrgq,Jukuih 64', '+67440354021');
INSERT INTO public.costumer VALUES (407, 'Arbdwgwsm', 'clwvttrr@rs.cq', 'Txkmmnxl,Vxuvvto 41', '+8425262137547');
INSERT INTO public.costumer VALUES (408, 'Eyhmxjpo', 'wevxp@sm.wm', 'Ahcnyokt,Snyva 86', '+7530328338148121');
INSERT INTO public.costumer VALUES (409, 'Kqymlivtfu', 'bbgp@hpu.gkb', 'Iftavohnh,Hhadmbc 188', '+7515257803172514');
INSERT INTO public.costumer VALUES (410, 'Bljhjtoycd', 'veahmbe@nj.tl', 'Lixatsr,Oforg 111', '+068082447564');
INSERT INTO public.costumer VALUES (411, 'Lsmxa', 'irhu@kbb.xq', 'Nwgsnod,Mdbvtjw 99', '+64436853518470048');
INSERT INTO public.costumer VALUES (412, 'Svpdgh', 'rfbnoym@lk.xq', 'Cnhxgfpwe,Ivdw 41', '+131272221338');
INSERT INTO public.costumer VALUES (413, 'Tjxi', 'bmyeq@oto.pe', 'Cpwwqmqr,Insexrr 23', '+8588385705612');
INSERT INTO public.costumer VALUES (414, 'Uokxidnka', 'tyus@iqu.ge', 'Mrjmjbha,Hwtbmt 149', '+5755548012766224');
INSERT INTO public.costumer VALUES (415, 'Envduls', 'wyw@tc.vv', 'Lqyxrhlom,Chewu 28', '+111723005744628');
INSERT INTO public.costumer VALUES (416, 'Ejajmq', 'sifwihwf@lpx.ij', 'Jncmdrtvxv,Thtylag 155', '+8168031142074');
INSERT INTO public.costumer VALUES (417, 'Shdhxm', 'gwi@cse.kwp', 'Hndcxa,Wscq 98', '+2006436483676037');
INSERT INTO public.costumer VALUES (418, 'Qdstgfeqks', 'onusl@fks.dq', 'Ijhupcacip,Jlsln 50', '+77254812813810086');
INSERT INTO public.costumer VALUES (419, 'Tmwsrloj', 'ukmn@ge.mq', 'Vfjwivtjy,Frup 37', '+21604545248');
INSERT INTO public.costumer VALUES (420, 'Feddfkqknd', 'jixq@fy.uiu', 'Tvhwoeju,Vwbqscx 34', '+47530032127');
INSERT INTO public.costumer VALUES (421, 'Uhebflemd', 'bjqchf@us.je', 'Eubfboucin,Wuhlsa 188', '+5662101234047270');
INSERT INTO public.costumer VALUES (422, 'Nkex', 'rhya@wc.sun', 'Ychjvhxwv,Lkav 65', '+0066113516240033');
INSERT INTO public.costumer VALUES (423, 'Qagsm', 'clb@nsf.crs', 'Nfbnpgfsea,Pfrbb 177', '+1777676832254');
INSERT INTO public.costumer VALUES (424, 'Hretipr', 'gahq@ci.gnq', 'Osqnicj,Earglc 140', '+38708267678');
INSERT INTO public.costumer VALUES (425, 'Wymx', 'rsonouj@ssd.vdt', 'Muwiqvbk,Mxbpms 128', '+6473485782662252');
INSERT INTO public.costumer VALUES (426, 'Bsvu', 'aquwofuc@ql.gdt', 'Xcwquj,Cmspund 47', '+17308073181755');
INSERT INTO public.costumer VALUES (427, 'Tocjihuseb', 'spsm@we.cq', 'Rmsljfs,Mito 127', '+105335030153');
INSERT INTO public.costumer VALUES (428, 'Pjra', 'pdumyxmk@ema.lqe', 'Aytwqxroo,Iuffcpe 83', '+564480378061808');
INSERT INTO public.costumer VALUES (429, 'Ublwuwj', 'obcllalc@nm.un', 'Luyiupywdc,Numodh 35', '+8730460227853');
INSERT INTO public.costumer VALUES (430, 'Rapdtix', 'tfg@nd.wc', 'Omfbbag,Nlhwx 13', '+0808085185768');
INSERT INTO public.costumer VALUES (431, 'Harywykogy', 'fjvcotig@dw.ah', 'Ewjqnfn,Bjcqtd 30', '+16220224340876735');
INSERT INTO public.costumer VALUES (432, 'Hplkntu', 'uqjmpslkd@lvg.jk', 'Ywvyfefy,Wyvcxn 65', '+50530286887447866');
INSERT INTO public.costumer VALUES (433, 'Aaxycobwv', 'vnshmnla@rev.oju', 'Caogrq,Vjggkpo 160', '+582803202088675');
INSERT INTO public.costumer VALUES (434, 'Clhlxtiwt', 'hya@srb.kk', 'Avtlhvyims,Hfmtgfj 91', '+530557257061');
INSERT INTO public.costumer VALUES (435, 'Ynfeea', 'khjwcap@msv.cm', 'Ttwjfml,Iwmekhd 84', '+223486110080');
INSERT INTO public.costumer VALUES (436, 'Iaiappsh', 'fdjrabefs@xpq.rnx', 'Fsgyhmy,Eoyoc 12', '+008706481210575');
INSERT INTO public.costumer VALUES (437, 'Jkfyqyihye', 'xnkah@ls.wk', 'Ckqybxtf,Xaro 134', '+647362831674');
INSERT INTO public.costumer VALUES (438, 'Jteiik', 'jko@ko.vpt', 'Ibhumqfsrk,Dcvy 143', '+0875453353378');
INSERT INTO public.costumer VALUES (439, 'Xjvgvbsyu', 'abt@xb.hr', 'Hdnuox,Upxfj 45', '+313860286478');
INSERT INTO public.costumer VALUES (440, 'Nquxwl', 'bben@fd.qc', 'Osrmbxs,Nshllpl 143', '+84302104200025');
INSERT INTO public.costumer VALUES (441, 'Byhylsn', 'supauq@kyg.ute', 'Kcoxspb,Mqvw 133', '+6278545501777466');
INSERT INTO public.costumer VALUES (442, 'Umynn', 'foeen@ubn.ub', 'Rdwoaecqs,Xrcgv 95', '+471557506684');
INSERT INTO public.costumer VALUES (443, 'Bpmslcnqj', 'gmgmhole@jvs.sm', 'Qogfqhtd,Viawpx 36', '+36222312335');
INSERT INTO public.costumer VALUES (444, 'Cgxrukkia', 'vuaqcg@ljx.omn', 'Nlwsefvc,Rwxbrp 168', '+8737024101055');
INSERT INTO public.costumer VALUES (445, 'Cekwym', 'crtkxq@vp.ej', 'Twqcsvv,Mgbk 153', '+526137777605');
INSERT INTO public.costumer VALUES (446, 'Xgfnouic', 'jye@ltx.uk', 'Snpssvwd,Xdof 185', '+46256813610437');
INSERT INTO public.costumer VALUES (447, 'Adsf', 'kcvec@bwa.pil', 'Gseqifnl,Rjfkfby 141', '+3301786411882');
INSERT INTO public.costumer VALUES (448, 'Svjfqrkbtp', 'abtmyvo@oj.xmc', 'Xfylxgvuvs,Hlfq 161', '+44180853621311');
INSERT INTO public.costumer VALUES (449, 'Mfuhhbvxj', 'twqmn@cy.cl', 'Efmtdheyxk,Spabjf 35', '+462837775261260');
INSERT INTO public.costumer VALUES (450, 'Quoq', 'buyltcl@dhu.ri', 'Tborlwvdp,Pgik 27', '+02021320828128214');
INSERT INTO public.costumer VALUES (451, 'Gygxa', 'umswtpnh@uy.gi', 'Ssjscro,Tkpufm 80', '+25166853460');
INSERT INTO public.costumer VALUES (452, 'Lmiyylxf', 'oiu@hum.yxb', 'Qkqtqotn,Ugaql 83', '+48656514866178845');
INSERT INTO public.costumer VALUES (453, 'Covwpfb', 'ffosrrn@nl.jjm', 'Ikjhugbcy,Mffha 29', '+16577434366508432');
INSERT INTO public.costumer VALUES (454, 'Ochmxjrcm', 'xvqo@jvr.jk', 'Dmwwpkanv,Iocuqhw 64', '+3721752425115');
INSERT INTO public.costumer VALUES (455, 'Goojt', 'kpdseq@dnm.jx', 'Qovhript,Rwgcqkt 183', '+24442104436605');
INSERT INTO public.costumer VALUES (456, 'Kpaf', 'uueluud@pyw.ra', 'Itwmijrdb,Kbcm 90', '+84707113431528022');
INSERT INTO public.costumer VALUES (457, 'Xmpqast', 'goakek@jm.foo', 'Lhiyrehux,Xggg 42', '+030364242668572');
INSERT INTO public.costumer VALUES (458, 'Uknlrk', 'txpcfihi@gm.ul', 'Cyrtur,Hlbkoqh 141', '+31071678548');
INSERT INTO public.costumer VALUES (459, 'Hgrytcjw', 'inbsuhp@fb.ok', 'Qgxtuq,Dnnc 62', '+7148576233607');
INSERT INTO public.costumer VALUES (460, 'Xoju', 'iddgcahkt@fty.jrd', 'Kwodwv,Rvxy 143', '+56327310266471');
INSERT INTO public.costumer VALUES (461, 'Ltwcg', 'fwbwmtj@rr.fgr', 'Rrrwqh,Aqnha 129', '+17216118205785');
INSERT INTO public.costumer VALUES (462, 'Jghefh', 'yiltgetw@imi.oni', 'Hvdcgif,Syrpl 111', '+018887167188437');
INSERT INTO public.costumer VALUES (463, 'Pijgasajh', 'hnwr@dvp.io', 'Iqusixrr,Vyya 140', '+5804507504334');
INSERT INTO public.costumer VALUES (464, 'Nsbs', 'qyj@hm.rs', 'Pfftpuhoxe,Chwp 164', '+552657765865773');
INSERT INTO public.costumer VALUES (465, 'Awijq', 'iqlt@een.fag', 'Aakivhcoe,Fybdw 85', '+1710887684361');
INSERT INTO public.costumer VALUES (466, 'Hetl', 'ndesmshgr@erc.qaa', 'Jryxgph,Ncpqby 172', '+7611677718370');
INSERT INTO public.costumer VALUES (467, 'Tfwblywky', 'hwxuramqi@qnk.jjn', 'Nrntta,Hwgsrk 11', '+8282850714238771');
INSERT INTO public.costumer VALUES (468, 'Kusvbarwhy', 'anuuxiam@gk.wgb', 'Vhgtcphb,Vscaesp 11', '+5086816858840');
INSERT INTO public.costumer VALUES (469, 'Jnrsvixqur', 'dxhlw@fud.jnm', 'Fkpqjibxts,Piwrnb 132', '+727557316384');
INSERT INTO public.costumer VALUES (470, 'Lnwfw', 'ekjripm@rp.ut', 'Pntuwloj,Eiyfhrd 170', '+66203751808501');
INSERT INTO public.costumer VALUES (471, 'Almjopi', 'anjo@bya.fi', 'Minpdvck,Hcidc 169', '+23108556766183');
INSERT INTO public.costumer VALUES (472, 'Bynhgqspe', 'igencmyus@kxv.wx', 'Mnmhsnqhjp,Isja 134', '+0162846271138');
INSERT INTO public.costumer VALUES (473, 'Yrosacuxxt', 'gjja@fpq.ie', 'Nipdkeducj,Uhrydui 138', '+730743247853');
INSERT INTO public.costumer VALUES (474, 'Ktmbhd', 'vlnbjfn@hl.ti', 'Hdftpvsciw,Vvoku 53', '+8437838182150');
INSERT INTO public.costumer VALUES (475, 'Hwxmtsjxsj', 'rjusdk@rae.llw', 'Mxjlyrg,Rpkffos 88', '+25113800133355632');
INSERT INTO public.costumer VALUES (476, 'Rmojcic', 'ckhp@uid.me', 'Ruymkyr,Exol 187', '+02551725406488');
INSERT INTO public.costumer VALUES (477, 'Qauwodq', 'uipbdww@db.yrx', 'Kwcpmo,Krodp 30', '+330431786362');
INSERT INTO public.costumer VALUES (478, 'Fdxroxuvss', 'cbtf@kft.tp', 'Cqkqedjae,Rdtyy 14', '+8165777252354770');
INSERT INTO public.costumer VALUES (479, 'Jfyrqvl', 'rvcsn@umb.oeo', 'Hdseww,Jummwi 79', '+773526743307303');
INSERT INTO public.costumer VALUES (480, 'Jbmfxubdc', 'hrggovw@phr.lx', 'Kywvbsc,Saebx 190', '+33048351470');
INSERT INTO public.costumer VALUES (481, 'Ewyeeppdhf', 'apqaiork@jn.cq', 'Emphrdwrfk,Dwrn 49', '+38477041120126');
INSERT INTO public.costumer VALUES (482, 'Eiaurq', 'euw@ybw.krj', 'Xdjjqehwtj,Hyneldv 98', '+003072412450763');
INSERT INTO public.costumer VALUES (483, 'Epieue', 'hfgly@iek.grr', 'Lhenskdoe,Lwiw 166', '+55738152561362');
INSERT INTO public.costumer VALUES (484, 'Xcpoaekyxv', 'edbpkxe@fdv.omd', 'Jokbqwkal,Vtjsxl 55', '+1657138560482');
INSERT INTO public.costumer VALUES (485, 'Newlydys', 'yapmnpfln@oek.cpk', 'Arkeguiul,Kefkn 171', '+14847266830');
INSERT INTO public.costumer VALUES (486, 'Dkxnlwyju', 'sprwcbco@ew.bns', 'Kwghbpcg,Qcwrru 39', '+7604804364327627');
INSERT INTO public.costumer VALUES (487, 'Aynmdgpa', 'dvtibt@um.ivd', 'Hsvpja,Dlux 161', '+55624031855824');
INSERT INTO public.costumer VALUES (488, 'Cfccwckab', 'ksfepkw@im.rov', 'Sveiqkwdn,Chuamlc 15', '+86721677643081638');
INSERT INTO public.costumer VALUES (489, 'Sqjwlmn', 'kfoknbims@gxi.gbe', 'Sdjacj,Kjlpcc 33', '+71866204631');
INSERT INTO public.costumer VALUES (490, 'Nsffux', 'ebg@ef.il', 'Atrnwgk,Wggfc 60', '+8067505411008071');
INSERT INTO public.costumer VALUES (491, 'Kbwlnmoaf', 'iqyrip@esb.lq', 'Alttja,Vfvd 180', '+0815857470385');
INSERT INTO public.costumer VALUES (492, 'Xcgt', 'vvefe@uek.wt', 'Ieddhioacm,Wqkf 99', '+2584533252345615');
INSERT INTO public.costumer VALUES (493, 'Rcupnrkdoq', 'pekq@omx.iff', 'Vawdftm,Towxf 82', '+7505516102385516');
INSERT INTO public.costumer VALUES (494, 'Avdyjpr', 'qemnf@edh.jv', 'Ekgrjrn,Ofbax 23', '+76757148325068');
INSERT INTO public.costumer VALUES (495, 'Spugsovq', 'abxwvxk@nlg.tk', 'Qbjhsna,Ictpig 39', '+04442161835115712');
INSERT INTO public.costumer VALUES (496, 'Imxmauj', 'dnirpxo@dt.ew', 'Aftqogpjrg,Ivejl 129', '+4880527808631601');
INSERT INTO public.costumer VALUES (497, 'Oxgpcodvdo', 'bhyplf@vf.kt', 'Jrrlcoeh,Rqsmt 114', '+53373441767105115');
INSERT INTO public.costumer VALUES (498, 'Gpwkly', 'mnw@xb.pgt', 'Angasdwt,Xvuh 150', '+58034288124');
INSERT INTO public.costumer VALUES (499, 'Rpfs', 'cps@ncp.bck', 'Hnygpcppi,Cfvr 167', '+62111233763');
INSERT INTO public.costumer VALUES (500, 'Nobpbwvugf', 'dnsbw@hi.lk', 'Ubmccodlg,Tvfx 181', '+26426273541783');
INSERT INTO public.costumer VALUES (501, 'Mckhw', 'lha@qch.fa', 'Bmgpddfx,Adkqnl 127', '+11841411031858');
INSERT INTO public.costumer VALUES (502, 'Xfhjgpowos', 'htb@fqg.ps', 'Vbxovjlwx,Gkrda 188', '+527463245377612');
INSERT INTO public.costumer VALUES (503, 'Euxkiqb', 'unmxgy@pur.vo', 'Iywlip,Asfjhuk 142', '+31347600770');
INSERT INTO public.costumer VALUES (504, 'Yvhmcn', 'cftuop@bn.fq', 'Iaeyoyu,Klepht 47', '+253413604734');
INSERT INTO public.costumer VALUES (505, 'Cubxsjqa', 'txyql@qky.rg', 'Ecyddb,Xickhpb 18', '+24563631006420');
INSERT INTO public.costumer VALUES (506, 'Rcvxcmh', 'hybqxjm@vo.uvs', 'Jddcgqst,Wpobnar 68', '+7070005583658608');
INSERT INTO public.costumer VALUES (507, 'Kduo', 'iaykkmxh@edn.ms', 'Onlljtvvke,Obho 45', '+8080772736635');
INSERT INTO public.costumer VALUES (508, 'Wdyjwktyn', 'arvpac@ldi.th', 'Oowbeeajb,Smdj 158', '+1711334073825485');
INSERT INTO public.costumer VALUES (509, 'Dsouxj', 'smxfd@tbf.xnx', 'Qcsoeii,Ygdtdn 89', '+0880754522114');
INSERT INTO public.costumer VALUES (510, 'Lxgijr', 'ocsmhstoo@app.esf', 'Chcmjbah,Seil 39', '+6212728048227578');
INSERT INTO public.costumer VALUES (511, 'Ljlwtn', 'kvrxlexex@sio.ydc', 'Rlolxsx,Wdgajd 137', '+72438686407072');
INSERT INTO public.costumer VALUES (512, 'Judkfdxe', 'yrorrk@uit.fdk', 'Gjkxhs,Yrkenca 99', '+64153857153447666');
INSERT INTO public.costumer VALUES (513, 'Uvkhm', 'osjo@wyi.hfs', 'Maorsterms,Ghjdo 126', '+42884155260165');
INSERT INTO public.costumer VALUES (514, 'Hhefcsfxqv', 'ycm@uvt.dk', 'Mjoqct,Tphx 11', '+10048382801353085');
INSERT INTO public.costumer VALUES (515, 'Iwwrqdqmy', 'lrsrg@eoy.ylc', 'Intobensm,Ukxiyfn 1', '+040010338150523');
INSERT INTO public.costumer VALUES (516, 'Dufsrcu', 'yapty@piu.se', 'Jgrvsvmoe,Vvkxxef 171', '+647875824527');
INSERT INTO public.costumer VALUES (517, 'Oaqhmebh', 'auatjni@fde.xx', 'Htjxvmspw,Dvrfw 75', '+885863037845501');
INSERT INTO public.costumer VALUES (518, 'Uanolip', 'euij@itj.hba', 'Cismvrgomc,Gwtfl 184', '+462886125174232');
INSERT INTO public.costumer VALUES (519, 'Gwqjhp', 'avak@wr.vnu', 'Mfgiwpyjlh,Jvgqhy 42', '+66387113153');
INSERT INTO public.costumer VALUES (520, 'Jgagtmc', 'rleq@kn.oc', 'Sxotvnwr,Vgjxtm 84', '+88735174554364032');
INSERT INTO public.costumer VALUES (521, 'Exwlvjui', 'qudbrkvxq@jiy.guv', 'Aehrrndh,Phtw 10', '+8245304671104340');
INSERT INTO public.costumer VALUES (522, 'Kehoymgugc', 'feqnaa@egk.pg', 'Baobyw,Vlqgnk 141', '+2554061567681222');
INSERT INTO public.costumer VALUES (523, 'Qwvpfa', 'vnkmmde@omw.tx', 'Aueukt,Ifhhxxd 114', '+20232763143335062');
INSERT INTO public.costumer VALUES (524, 'Plulyemft', 'cvwxiag@vs.ls', 'Pvlmmcy,Escb 168', '+678256835821036');
INSERT INTO public.costumer VALUES (525, 'Xdhdjp', 'rwwwrnrpw@dj.mp', 'Vrmchr,Krln 160', '+5506207401643708');
INSERT INTO public.costumer VALUES (526, 'Tmsdck', 'smot@qy.le', 'Tancfup,Iesed 37', '+4528554352381604');
INSERT INTO public.costumer VALUES (527, 'Xbvaw', 'juwlb@uxo.bs', 'Jduygkuakv,Vsqgxt 6', '+057542155087325');
INSERT INTO public.costumer VALUES (528, 'Fuqrxcdk', 'unsqa@lp.cy', 'Aoywjsosf,Vvti 170', '+71816730241');
INSERT INTO public.costumer VALUES (529, 'Imcwmnrvrq', 'pwnl@hin.cc', 'Tluqmuxdpa,Quwx 123', '+377348325746');
INSERT INTO public.costumer VALUES (530, 'Loiopska', 'bpacxwg@eby.wx', 'Ignujjmvit,Xjej 131', '+72087035777');
INSERT INTO public.costumer VALUES (531, 'Ronbtavxs', 'sgwekat@rp.jvy', 'Jyymen,Dkeik 82', '+587526870227');
INSERT INTO public.costumer VALUES (532, 'Abksfpqkxx', 'dyvenq@ih.gok', 'Orjwyb,Xrwv 79', '+45535773020502');
INSERT INTO public.costumer VALUES (533, 'Aald', 'svl@frt.cqp', 'Vnlcloqxd,Uwhuncd 172', '+238885865014');
INSERT INTO public.costumer VALUES (534, 'Ouvxy', 'abtcjax@jw.dk', 'Qaopqciug,Usnvyt 185', '+1353310645047');
INSERT INTO public.costumer VALUES (535, 'Snywyfxhb', 'xmc@pg.py', 'Ogagmgpdd,Glaowg 16', '+5137178747712442');
INSERT INTO public.costumer VALUES (536, 'Bbacinjmqe', 'csb@gxi.uv', 'Nhjqkiuy,Tuvawfn 32', '+86374587033');
INSERT INTO public.costumer VALUES (537, 'Cqhmo', 'lfohacga@eeo.eyr', 'Bhbwovjtw,Hvddvbo 122', '+2030361536053130');
INSERT INTO public.costumer VALUES (538, 'Inbwwgq', 'quqrxvjam@wra.dnm', 'Fouglko,Mwkfrjq 30', '+14653868020');
INSERT INTO public.costumer VALUES (539, 'Trpqbjalm', 'kqalmymg@hww.ou', 'Oaybxj,Wlberlv 124', '+67127335415');
INSERT INTO public.costumer VALUES (540, 'Mtwgn', 'lvf@qtu.wq', 'Ccnvdcojk,Mekns 104', '+51821068810884');
INSERT INTO public.costumer VALUES (541, 'Xqvjpslaeu', 'yjdktybx@fi.td', 'Pniwsx,Lkpq 49', '+37776820880');
INSERT INTO public.costumer VALUES (542, 'Quiikrtp', 'irtf@xk.wyd', 'Ugabsdih,Gmrmcy 198', '+510181786344');
INSERT INTO public.costumer VALUES (543, 'Kfuln', 'qusbw@iw.blt', 'Qadxgqp,Uyajp 118', '+1584050620353773');
INSERT INTO public.costumer VALUES (544, 'Hwimmkjkep', 'ngillygk@km.upx', 'Kdgfgxyh,Cpljo 144', '+368368300287841');
INSERT INTO public.costumer VALUES (545, 'Yila', 'pnbsue@mqw.mdv', 'Aarbstw,Tbdxtr 86', '+38701207113');
INSERT INTO public.costumer VALUES (546, 'Cftsmhfdnk', 'fpwphwbgf@qe.cby', 'Urekuebxc,Dtedqj 122', '+3101401537628');
INSERT INTO public.costumer VALUES (547, 'Ipubd', 'rpoeao@fqn.ot', 'Juvnxkqn,Emydsh 50', '+2756887106373');
INSERT INTO public.costumer VALUES (548, 'Jurp', 'jyinagnf@obx.bh', 'Rysgijclgb,Raxee 137', '+1387881224063');
INSERT INTO public.costumer VALUES (549, 'Tvuliyxut', 'ribtievt@yfq.pu', 'Qeofxoec,Lngcbc 103', '+10185111422');
INSERT INTO public.costumer VALUES (550, 'Svqjkq', 'yyrmcwj@fx.jxo', 'Iqbvxfjphx,Bcrjgse 111', '+31082257743337886');
INSERT INTO public.costumer VALUES (551, 'Eesehh', 'cunexv@rr.qt', 'Rcqfntbcb,Hnfkdn 165', '+714704565603');
INSERT INTO public.costumer VALUES (552, 'Vtprrxysq', 'hdtgxpyvi@ry.ciw', 'Rjjslk,Kuaa 77', '+644050610864317');
INSERT INTO public.costumer VALUES (553, 'Ijikcjk', 'mkiqfl@at.xui', 'Roukyw,Crnpabx 95', '+40443406402');
INSERT INTO public.costumer VALUES (554, 'Pygjy', 'xgcdqs@fkh.ju', 'Ewcxxsyadt,Gprsle 37', '+40768188088');
INSERT INTO public.costumer VALUES (555, 'Scqglct', 'ywilyts@lm.ox', 'Wwvdntbe,Fpxq 127', '+37436881317');
INSERT INTO public.costumer VALUES (556, 'Gjsbtpd', 'ystvmqw@lln.wq', 'Qqfeearqox,Vgra 178', '+20762146714');
INSERT INTO public.costumer VALUES (557, 'Xnhciccii', 'own@vp.ie', 'Vxehveguy,Vqjd 160', '+56372237683753583');
INSERT INTO public.costumer VALUES (558, 'Gondcmm', 'aogmnxr@vo.mbl', 'Lhkptn,Lply 38', '+18743142748');
INSERT INTO public.costumer VALUES (559, 'Qrkwjdoir', 'nctnw@mfw.vav', 'Ogyqhpaq,Tbap 145', '+7287224747335062');
INSERT INTO public.costumer VALUES (560, 'Stca', 'npdoujhd@cx.iy', 'Vmdhewkwb,Wfhv 163', '+175045018210276');
INSERT INTO public.costumer VALUES (561, 'Fvljxfeaxb', 'gkpbwpr@cjw.vp', 'Phutmixw,Pxwtg 113', '+3274460754651705');
INSERT INTO public.costumer VALUES (562, 'Fmcmnxsvg', 'xwtgvl@bx.mu', 'Rlcwldbm,Vncup 89', '+15521873727');
INSERT INTO public.costumer VALUES (563, 'Jineut', 'isd@yyh.jhn', 'Bbkucgwcgd,Byddji 70', '+47108687752');
INSERT INTO public.costumer VALUES (564, 'Bxcohppepv', 'nhv@qd.vym', 'Olgmunnpj,Slrbrf 77', '+76271210403');
INSERT INTO public.costumer VALUES (565, 'Ewgaiee', 'dbt@xn.qgv', 'Tpmlgba,Sqaf 97', '+581372813805');
INSERT INTO public.costumer VALUES (566, 'Alluqkd', 'vehluaoci@ysv.gl', 'Syosystfwg,Ngownl 153', '+4248436065513247');
INSERT INTO public.costumer VALUES (567, 'Cibow', 'bsmmddavf@mw.ab', 'Tctnumugho,Jnpid 170', '+313074525602');
INSERT INTO public.costumer VALUES (568, 'Nftfrgej', 'okvr@acg.rvu', 'Wmamgqgn,Gfotwkt 174', '+233836456435');
INSERT INTO public.costumer VALUES (569, 'Uvtnbc', 'ccnqd@kvx.mp', 'Iwstbk,Dhnyd 132', '+7488505086406517');
INSERT INTO public.costumer VALUES (570, 'Xwhd', 'jcsljifyn@gu.hn', 'Varkphdru,Spdgbl 147', '+5222006152863088');
INSERT INTO public.costumer VALUES (571, 'Vlugs', 'ohwrwq@xx.ok', 'Yjghsn,Qrvxdt 1', '+787832400727');
INSERT INTO public.costumer VALUES (572, 'Pegghhtwsv', 'tbfmy@el.mbq', 'Mltius,Dicjplq 61', '+6240304806124');
INSERT INTO public.costumer VALUES (573, 'Ixxstsxmux', 'gpawpdv@tk.nb', 'Joursckv,Npdrdl 82', '+86813563344');
INSERT INTO public.costumer VALUES (574, 'Vwwcr', 'gsfwnxk@mkn.tku', 'Unmaccifq,Tywhjiv 112', '+571315231044121');
INSERT INTO public.costumer VALUES (575, 'Viocgnlwwm', 'xkyhx@ran.lx', 'Ufyjhofkr,Sxfmg 9', '+70812472107441');
INSERT INTO public.costumer VALUES (576, 'Gevwrm', 'idpfk@vx.vr', 'Bgpwhle,Tkmka 118', '+84757203415');
INSERT INTO public.costumer VALUES (577, 'Bhxffjc', 'oafqmaimg@ra.bj', 'Lrpbfyuy,Mnemxjh 139', '+638661644822');
INSERT INTO public.costumer VALUES (578, 'Jwnhose', 'uijjktrqr@jqp.ir', 'Vyprnb,Ufsfimm 138', '+25315844527');
INSERT INTO public.costumer VALUES (579, 'Mxldyydn', 'bdwaoxfi@lq.tu', 'Rseucqbwp,Rwfunw 107', '+7383100765057327');
INSERT INTO public.costumer VALUES (580, 'Ubuuvtx', 'wpndlfq@dq.eah', 'Ayagmvirq,Okcrt 56', '+4147736634836');
INSERT INTO public.costumer VALUES (581, 'Jrvbuwr', 'wqbdm@orw.aj', 'Hjqfxclrs,Kjwgseh 160', '+70610044262682881');
INSERT INTO public.costumer VALUES (582, 'Gvpfe', 'fdo@ha.fgh', 'Uucbjoyrsa,Vecpyu 76', '+42180581488');
INSERT INTO public.costumer VALUES (583, 'Vxhw', 'cvnfnt@tm.ry', 'Gkkxcfnuoj,Ekuvsvw 116', '+323237474754');
INSERT INTO public.costumer VALUES (584, 'Ofvaorjfr', 'ptxodnix@lf.med', 'Baihwwqdq,Bndkaof 50', '+52073581225046');
INSERT INTO public.costumer VALUES (585, 'Drkw', 'uxd@htl.wr', 'Dvsjfjijm,Khehg 186', '+207656572547432');
INSERT INTO public.costumer VALUES (586, 'Jhqcrxt', 'pbfutch@kbi.pxu', 'Qkcjrmtwb,Svoi 57', '+043323400530304');
INSERT INTO public.costumer VALUES (587, 'Lwfdlqtkpj', 'uvhvvp@gxa.md', 'Rilipol,Psueust 170', '+4348320224272507');
INSERT INTO public.costumer VALUES (588, 'Irgxru', 'cfjynxpnq@ho.mpq', 'Trxeogtea,Joorghd 182', '+63882258541086136');
INSERT INTO public.costumer VALUES (589, 'Jseet', 'dnoxvdyl@ci.rat', 'Vqnguf,Xfiuiko 24', '+041246586404436');
INSERT INTO public.costumer VALUES (590, 'Jdcntqwx', 'wqtk@vk.lv', 'Yblcrsegu,Ugoebg 173', '+4674468726645');
INSERT INTO public.costumer VALUES (591, 'Obwcil', 'sboelpw@ds.mdq', 'Lurdliwcw,Opqr 152', '+51444565204');
INSERT INTO public.costumer VALUES (592, 'Hunuiyhfn', 'jqti@su.vjv', 'Xwxqofjc,Yqewxgf 136', '+83873438728');
INSERT INTO public.costumer VALUES (593, 'Jyyt', 'jobjxmgqs@flc.wfm', 'Iurkdgeu,Jobqv 76', '+288377521165');
INSERT INTO public.costumer VALUES (594, 'Glccny', 'vgrs@uda.jdh', 'Enhamkplip,Kyswov 78', '+37251160273');
INSERT INTO public.costumer VALUES (595, 'Sbrndff', 'ehaxqrd@rm.ii', 'Cigjogvtwb,Uyrlht 184', '+3222542461807');
INSERT INTO public.costumer VALUES (596, 'Cjpsonuywr', 'kyiuhjj@yp.mqh', 'Xgluxuw,Hdsrle 63', '+80523122367648');
INSERT INTO public.costumer VALUES (597, 'Uhkpdjlnkm', 'skpbyrh@ahp.grn', 'Faciwk,Mfioig 120', '+4661443207857');
INSERT INTO public.costumer VALUES (598, 'Fynw', 'ofplvpnul@cdp.cvq', 'Qnyshnfnx,Xwfycmw 190', '+45873120762334');
INSERT INTO public.costumer VALUES (599, 'Fuyerbvaf', 'vvefude@vdw.mev', 'Fnhpknpt,Jlokmh 54', '+411315666548010');
INSERT INTO public.costumer VALUES (600, 'Adyoboaq', 'werxssn@nk.eg', 'Eexgqfn,Ebdaljb 124', '+536062853450');
INSERT INTO public.costumer VALUES (601, 'Jqaociyj', 'ffsvmy@adx.cul', 'Qkjcjrreg,Ppsvj 197', '+7141231764273');
INSERT INTO public.costumer VALUES (602, 'Ikjdm', 'qwhtaoepx@iu.be', 'Rqcfeb,Llkrkg 71', '+01524807350761');
INSERT INTO public.costumer VALUES (603, 'Qkdlmu', 'ajfodkhpn@yn.jv', 'Krudcrxv,Wgng 177', '+231468250146');
INSERT INTO public.costumer VALUES (604, 'Kusy', 'pdo@bpq.yjv', 'Bdkrybnno,Hfbx 173', '+76633065476866');
INSERT INTO public.costumer VALUES (605, 'Cdujdobjuk', 'ddcxf@hi.mrh', 'Nvsbbd,Jfwurw 198', '+4715466015111');
INSERT INTO public.costumer VALUES (606, 'Fjme', 'pvotdtwmc@nc.fd', 'Qdhkoofn,Bqnxhf 196', '+13603805035');
INSERT INTO public.costumer VALUES (607, 'Uvqbvds', 'eyypoqeyp@nu.rma', 'Vqccot,Ejkym 5', '+42044613026572417');
INSERT INTO public.costumer VALUES (608, 'Skxh', 'ujcoqaf@ks.cni', 'Wblgcpric,Xrhtm 35', '+33215017021675682');
INSERT INTO public.costumer VALUES (609, 'Stdxpj', 'ujls@xmg.ib', 'Tcvftc,Iqojnq 77', '+62353411286');
INSERT INTO public.costumer VALUES (610, 'Kfsiviunfh', 'tech@aty.evq', 'Ebpjmtj,Rqri 71', '+800231158551');
INSERT INTO public.costumer VALUES (611, 'Bshmctsk', 'pgxnewcf@ql.jv', 'Dmrabnrhs,Inhnl 109', '+23387044173');
INSERT INTO public.costumer VALUES (612, 'Ugcuxsxcj', 'bsqwjyx@jcu.cne', 'Crfdgjwqig,Duaoao 67', '+7414588886138');
INSERT INTO public.costumer VALUES (613, 'Bdpejlkv', 'ufhuw@ky.hdc', 'Fjxrrvi,Nglnrf 166', '+76326864805446757');
INSERT INTO public.costumer VALUES (614, 'Rnglqgqvh', 'idghnte@sj.rch', 'Crxijwqb,Hjmtlux 174', '+284831281480');
INSERT INTO public.costumer VALUES (615, 'Trvp', 'cdksb@gie.skh', 'Tlyqppo,Gtteh 72', '+84318674532751707');
INSERT INTO public.costumer VALUES (616, 'Xiaeearm', 'xguafj@xp.als', 'Wxajtwx,Llcf 71', '+55408515611136');
INSERT INTO public.costumer VALUES (617, 'Hvprogrj', 'xjy@fk.id', 'Gdladactg,Iiiu 46', '+63084034535301');
INSERT INTO public.costumer VALUES (618, 'Oggricvd', 'cxx@dmx.awj', 'Etltfuhrei,Uqkxxtw 5', '+2314426258870');
INSERT INTO public.costumer VALUES (619, 'Lbpgijjmw', 'nqulgrf@yaw.ugp', 'Lcqkuuo,Evwt 12', '+51076860064000027');
INSERT INTO public.costumer VALUES (620, 'Tvnlto', 'earhs@fi.cud', 'Vkpeodpjug,Ubxe 181', '+54527310037071');
INSERT INTO public.costumer VALUES (621, 'Ksqq', 'trd@yan.sgc', 'Lydtqakl,Iupswj 17', '+65254361036');
INSERT INTO public.costumer VALUES (622, 'Kmnxmsiwl', 'drcjq@mu.ww', 'Xkumavl,Tjub 38', '+68450143766');
INSERT INTO public.costumer VALUES (623, 'Ixpujnrdyb', 'pcnnxa@qp.uap', 'Djgaygy,Gbcrn 118', '+6530632280544684');
INSERT INTO public.costumer VALUES (624, 'Hhaqmsthg', 'dlnapj@jir.clg', 'Cxrpsycmg,Ttcnjf 12', '+1310130641801');
INSERT INTO public.costumer VALUES (625, 'Idvgvxslbe', 'wnaghvvim@rbv.gb', 'Eheyfx,Qfvawn 67', '+83613776765252');
INSERT INTO public.costumer VALUES (626, 'Mjddo', 'ryqovnvm@qdj.rpm', 'Tjnfqi,Fatcqf 61', '+622700351113');
INSERT INTO public.costumer VALUES (627, 'Wlusm', 'buwrybjj@qqo.km', 'Qajrhtgkci,Nlbhso 91', '+03378525706784232');
INSERT INTO public.costumer VALUES (628, 'Koryojt', 'checs@jo.xk', 'Kwbhfndjox,Pqqr 148', '+573136681103602');
INSERT INTO public.costumer VALUES (629, 'Qxmurvao', 'emgsupki@uw.ixl', 'Fjmtvmnad,Bcvw 177', '+350364842471');
INSERT INTO public.costumer VALUES (630, 'Wqexyawv', 'udqrwcbvw@fxx.usw', 'Cmnpcc,Dirwy 175', '+323266016453');
INSERT INTO public.costumer VALUES (631, 'Sjrpbcjhc', 'tjh@dyp.pgp', 'Jcnfgk,Dmyvepe 115', '+25780384127');
INSERT INTO public.costumer VALUES (632, 'Cjayyqco', 'vwwqcwqg@wmv.ppn', 'Wwfmlwhrq,Onbwvb 181', '+0661746461482');
INSERT INTO public.costumer VALUES (633, 'Wydjjvgqqc', 'vgpavqp@pm.oo', 'Hfcybcrc,Taih 91', '+6146730441868341');
INSERT INTO public.costumer VALUES (634, 'Kxhx', 'hrrd@jys.wxy', 'Vqwykx,Unib 127', '+67851681770484');
INSERT INTO public.costumer VALUES (635, 'Thdknwp', 'jbpfnr@hw.wmd', 'Ufmktd,Kylb 91', '+102335166134066');
INSERT INTO public.costumer VALUES (636, 'Nxdlnt', 'usfhn@cwe.ngp', 'Nkkehff,Aynfuf 47', '+466784187020');
INSERT INTO public.costumer VALUES (637, 'Voroeswa', 'raltrdcy@sux.vk', 'Cteskroh,Mhocssd 93', '+08146245072878770');
INSERT INTO public.costumer VALUES (638, 'Wwumdonate', 'nswmngvrf@mqo.uy', 'Tuxobo,Sxvflpm 67', '+48688467038484528');
INSERT INTO public.costumer VALUES (639, 'Qoywpfs', 'gosorji@hjj.qtl', 'Uipupyw,Taiduy 22', '+0077848431140685');
INSERT INTO public.costumer VALUES (640, 'Agjhme', 'dpij@xnq.fnv', 'Emaivaog,Dnhdvj 166', '+838403816652');
INSERT INTO public.costumer VALUES (641, 'Jxci', 'cpobb@yb.si', 'Hnumqdsc,Krqjf 120', '+7734365088163');
INSERT INTO public.costumer VALUES (642, 'Gbxmhdt', 'mbwj@sn.ft', 'Yadbehj,Vfynqy 104', '+1304562514865');
INSERT INTO public.costumer VALUES (643, 'Nwidx', 'jam@kgy.mbi', 'Iwggwldij,Gclky 45', '+873728150267583');
INSERT INTO public.costumer VALUES (644, 'Vwkar', 'blsmi@ba.xc', 'Riwuhlshj,Qeffrus 97', '+5237521213601248');
INSERT INTO public.costumer VALUES (645, 'Tkqohcd', 'qvxsofamu@ww.ecq', 'Wfqidapc,Fcaicpy 120', '+766153005660702');
INSERT INTO public.costumer VALUES (646, 'Mhfojpsvq', 'cfcogp@qm.is', 'Yuvrxdbk,Qsjold 39', '+7286715260802835');
INSERT INTO public.costumer VALUES (647, 'Tkkgbal', 'ieicir@vi.sw', 'Cohhmmqr,Hpuavrd 58', '+821260335412');
INSERT INTO public.costumer VALUES (648, 'Xnchxqtqbr', 'omipahl@ncn.ct', 'Wohtgbcsq,Rlkxyj 188', '+74074203011');
INSERT INTO public.costumer VALUES (649, 'Jmicbpvcaa', 'nrcdmnwxf@qf.wb', 'Epmhjwd,Qclww 165', '+87465008780');
INSERT INTO public.costumer VALUES (650, 'Oaqcjk', 'qbogfj@bhl.iei', 'Qqixow,Xfkdhir 26', '+42840868655704158');
INSERT INTO public.costumer VALUES (651, 'Khsjat', 'ppjwe@hag.vuu', 'Eeoerjijxy,Qmcuu 122', '+46163135363400500');
INSERT INTO public.costumer VALUES (652, 'Jlachqeqrt', 'wwbqhqdm@xj.ode', 'Bthmcwvrc,Txyey 130', '+68110713387647616');
INSERT INTO public.costumer VALUES (653, 'Medrk', 'avrlslcn@hu.qmg', 'Irryal,Ualnq 73', '+64873170172');
INSERT INTO public.costumer VALUES (654, 'Fcxnpfbct', 'xjetkb@bqn.gwh', 'Xwqadnn,Ealpmdc 182', '+62441103141');
INSERT INTO public.costumer VALUES (655, 'Xruhyb', 'bovprgcg@ph.hpi', 'Axtmxpcxsq,Eethy 82', '+4787606076362');
INSERT INTO public.costumer VALUES (656, 'Ytnr', 'hfgpg@von.gi', 'Nftugnn,Klbt 57', '+451848741407');
INSERT INTO public.costumer VALUES (657, 'Qfwwdawyy', 'ieydlrt@la.ams', 'Mdishbh,Gfksaa 3', '+20400584660126782');
INSERT INTO public.costumer VALUES (658, 'Vjwdayyf', 'uqs@qwq.ado', 'Hkkaawnhue,Iuel 8', '+68652315075305578');
INSERT INTO public.costumer VALUES (659, 'Wgfaiwcsaw', 'cnwmkk@kov.roc', 'Fmgyifjt,Towdeq 112', '+70066338714');
INSERT INTO public.costumer VALUES (660, 'Oidouw', 'hpuetw@qou.dq', 'Bipdyev,Jdnwu 159', '+8501371126176');
INSERT INTO public.costumer VALUES (661, 'Wyiwmwt', 'xryy@mus.kbi', 'Swdtppwxe,Vgukka 148', '+08745432128728');
INSERT INTO public.costumer VALUES (662, 'Wtxplukcnp', 'ueoyglto@no.gmt', 'Ksybbhmsn,Jgwdcl 135', '+04511244355657480');
INSERT INTO public.costumer VALUES (663, 'Oodwyqm', 'pvopuko@qsp.din', 'Hiyboqgg,Jscftfy 171', '+15750757237517251');
INSERT INTO public.costumer VALUES (664, 'Nsnhj', 'eenat@qes.cyh', 'Klplhhfv,Cvgu 109', '+641425610416');
INSERT INTO public.costumer VALUES (665, 'Yfep', 'oamxx@xon.shw', 'Xjrcwm,Fbetfj 137', '+16742447745302');
INSERT INTO public.costumer VALUES (666, 'Tfffbpqy', 'ltxsu@jgl.xa', 'Aoppobfrl,Oucub 153', '+11441241558');
INSERT INTO public.costumer VALUES (667, 'Gvka', 'jwivi@mj.pgl', 'Ldloiudfd,Ubmltuu 191', '+161658240828');
INSERT INTO public.costumer VALUES (668, 'Crsr', 'egsxxmoki@ilw.pu', 'Xinpppawbb,Dahs 153', '+0477775150525746');
INSERT INTO public.costumer VALUES (669, 'Rnqamhacj', 'vhmlex@fv.fo', 'Bbvvgp,Jjdsjca 146', '+01160358768481');
INSERT INTO public.costumer VALUES (670, 'Xfdke', 'rwtugyy@xm.ph', 'Bhgdmhiqvb,Hdquk 65', '+558765124365');
INSERT INTO public.costumer VALUES (671, 'Jywsklfsq', 'rxnxbdd@ewi.dt', 'Qupjgig,Smmra 86', '+623428348566416');
INSERT INTO public.costumer VALUES (672, 'Ycfuqe', 'npgvdsktg@mj.fk', 'Jdbaltwg,Vskpoq 177', '+151740160658');
INSERT INTO public.costumer VALUES (673, 'Rdwxvb', 'wcjq@dw.fkw', 'Hgnoeojo,Lcvbu 171', '+55641375385081');
INSERT INTO public.costumer VALUES (674, 'Vraojyg', 'mplycfl@ef.yre', 'Gixtma,Sqhqu 39', '+338776840715633');
INSERT INTO public.costumer VALUES (675, 'Oxpkyytcwr', 'prxes@qry.xk', 'Irugpyiqu,Mmhjr 28', '+3438431651716356');
INSERT INTO public.costumer VALUES (676, 'Gulayab', 'eidbie@erd.bca', 'Wyllefd,Srua 156', '+575787064181');
INSERT INTO public.costumer VALUES (677, 'Giirdex', 'miuem@xb.rbk', 'Csqnpnn,Xfoh 106', '+5418536457825762');
INSERT INTO public.costumer VALUES (678, 'Bctburhpk', 'wwkoj@xr.hd', 'Nvrhstmr,Dfwu 162', '+37222135080782');
INSERT INTO public.costumer VALUES (679, 'Jjrbh', 'bwm@ail.ps', 'Bfmgfcdhiq,Cmttt 175', '+7051445470185');
INSERT INTO public.costumer VALUES (680, 'Dbcggghsaf', 'lwek@nw.bbj', 'Bmgiockjss,Teagvka 6', '+62310781277024');
INSERT INTO public.costumer VALUES (681, 'Gaimunnyue', 'siqknwsk@sl.pr', 'Roalkjuokf,Hoxf 125', '+44747428050160');
INSERT INTO public.costumer VALUES (682, 'Punbbytl', 'jnpwsird@jan.td', 'Bgetop,Xavvjp 119', '+074515441318663');
INSERT INTO public.costumer VALUES (683, 'Mcpi', 'yhdysxp@cuk.wd', 'Axtmlvwe,Ggnn 4', '+111338320121');
INSERT INTO public.costumer VALUES (684, 'Gnwtjh', 'avh@jhy.hmh', 'Irumhc,Utopwso 151', '+550306581146706');
INSERT INTO public.costumer VALUES (685, 'Owielo', 'wyhuoktuh@ibb.iuu', 'Emdtppw,Qpqnonv 138', '+547413765308526');
INSERT INTO public.costumer VALUES (686, 'Mgpcb', 'rwl@ixh.pgm', 'Ngpupsx,Jsarrty 145', '+0123380037770');
INSERT INTO public.costumer VALUES (687, 'Tooa', 'ruhuonv@mbp.ui', 'Psuyemou,Epjxgwi 93', '+64168406656');
INSERT INTO public.costumer VALUES (688, 'Trmtsc', 'joxufhffj@yl.ddt', 'Mvgnxwncd,Sxdvetc 124', '+01777847261');
INSERT INTO public.costumer VALUES (689, 'Ffbf', 'ncynegonp@ng.dnd', 'Hbyvfsdh,Sxiq 39', '+741678836242653');
INSERT INTO public.costumer VALUES (690, 'Lqml', 'wsmvan@dj.sxa', 'Tabwnmvm,Nobv 79', '+842632665517');
INSERT INTO public.costumer VALUES (691, 'Sdcn', 'rsbbwhboa@dlp.hx', 'Xnxgfkyry,Vfaago 100', '+5638036378261');
INSERT INTO public.costumer VALUES (692, 'Laya', 'rmssbjift@bu.rpf', 'Ioyeqx,Umaxaq 153', '+424408033372103');
INSERT INTO public.costumer VALUES (693, 'Vahcioog', 'obide@lkl.bq', 'Melnuktfyu,Ebmxhgf 121', '+32150515324181');
INSERT INTO public.costumer VALUES (694, 'Sgwleavy', 'oxc@ug.dmw', 'Cynadpgrr,Qqbospa 5', '+6324708086400475');
INSERT INTO public.costumer VALUES (695, 'Hmxnp', 'uipkummn@ki.lj', 'Haubbfc,Gofc 139', '+0457577640402521');
INSERT INTO public.costumer VALUES (696, 'Rkojmkt', 'rnd@ry.yov', 'Cgxecskwid,Mnuj 72', '+272401466282424');
INSERT INTO public.costumer VALUES (697, 'Pbdtixruw', 'dkctlx@iq.ux', 'Nlvfbwygt,Krwn 134', '+7234378272500206');
INSERT INTO public.costumer VALUES (698, 'Bpqisrmt', 'hggdatcud@aqj.mt', 'Kxmyry,Aybupnv 52', '+62281152123378738');
INSERT INTO public.costumer VALUES (699, 'Xtxnakuxh', 'yqdxy@fv.rg', 'Idpegim,Frugfnm 96', '+034437462517318');
INSERT INTO public.costumer VALUES (700, 'Idgjgeymc', 'prpvpb@hq.ru', 'Kngnwbd,Gimdotn 190', '+2010463413013');
INSERT INTO public.costumer VALUES (701, 'Irgs', 'pflibebp@igw.jn', 'Brpwjf,Katnrc 25', '+45422466323542456');
INSERT INTO public.costumer VALUES (702, 'Jucwqm', 'yqfx@sb.ex', 'Tqhrti,Dvwbqtv 65', '+415870377038177');
INSERT INTO public.costumer VALUES (703, 'Ighfve', 'vcoamhgw@pb.qr', 'Onuacnuhv,Rkwsxq 39', '+571287225463355');
INSERT INTO public.costumer VALUES (704, 'Sccj', 'syossiltn@cj.ni', 'Wwmbmxvcwj,Ldkrm 92', '+4020554422874761');
INSERT INTO public.costumer VALUES (705, 'Ordbawu', 'ktdn@pi.omi', 'Sifqflh,Ekoccw 128', '+720100525630');
INSERT INTO public.costumer VALUES (706, 'Pnfnqd', 'jpforruya@wh.pnx', 'Cmivbt,Upjag 116', '+56043137050');
INSERT INTO public.costumer VALUES (707, 'Andcssem', 'jhgio@qjt.ilo', 'Ievqtp,Uexxm 18', '+2443256570134');
INSERT INTO public.costumer VALUES (708, 'Lofhtyaq', 'acokef@vhd.uu', 'Utyqmq,Jebysug 72', '+25264650180270');
INSERT INTO public.costumer VALUES (709, 'Aorns', 'vsqa@hfg.obo', 'Lycdkorme,Vdkptlm 27', '+01532224218617181');
INSERT INTO public.costumer VALUES (710, 'Ghqby', 'utgdku@nh.kvj', 'Vgkuvjyb,Btgkxev 139', '+0048378602715215');
INSERT INTO public.costumer VALUES (711, 'Pftgglarpd', 'fjvmyun@miw.lc', 'Rcwgifw,Ombh 16', '+856362756317');
INSERT INTO public.costumer VALUES (712, 'Udrbaul', 'vpw@tbn.dn', 'Qnhbaurnr,Wgkkyr 151', '+23467821275');
INSERT INTO public.costumer VALUES (713, 'Yjsupefku', 'pkede@iq.ab', 'Jyaufgkmbf,Uovgcr 64', '+42387574237780618');
INSERT INTO public.costumer VALUES (714, 'Rumypifnnu', 'yruy@wl.ke', 'Itoykue,Meov 166', '+57337730354685');
INSERT INTO public.costumer VALUES (715, 'Hjvbtai', 'bwokci@fty.wk', 'Odemxe,Wbsrek 118', '+85680632517548006');
INSERT INTO public.costumer VALUES (716, 'Wpnjcktn', 'gjjfyk@pdy.gtw', 'Rfxugob,Gcupql 61', '+54602104140035763');
INSERT INTO public.costumer VALUES (717, 'Oeutt', 'vcl@spw.ela', 'Yovcmptpw,Ians 133', '+4260083818578887');
INSERT INTO public.costumer VALUES (718, 'Obdlvy', 'vyxrcwbh@yo.pqd', 'Dsayvqlmo,Eqbqjt 25', '+66030027360727');
INSERT INTO public.costumer VALUES (719, 'Vgyfd', 'fsigtx@ar.oof', 'Qlioecd,Ypxbhn 93', '+615881465265467');
INSERT INTO public.costumer VALUES (720, 'Ketskdqib', 'pyod@ohj.tu', 'Buuqmcqcob,Swoll 38', '+74187077456782746');
INSERT INTO public.costumer VALUES (721, 'Fcgyxkhi', 'wiftly@gqy.uof', 'Gkfhqabill,Xveqad 35', '+8345147166687');
INSERT INTO public.costumer VALUES (722, 'Mnvyevvdg', 'uoiongyb@bu.kdi', 'Ebyiromdl,Apoem 96', '+5114167545142843');
INSERT INTO public.costumer VALUES (723, 'Umkdyhbrva', 'glthhg@lgx.mt', 'Nbovxr,Kenv 171', '+084308822142580');
INSERT INTO public.costumer VALUES (724, 'Bcqis', 'kfualicyb@yim.ap', 'Oceidcg,Ckkim 71', '+47014783235');
INSERT INTO public.costumer VALUES (725, 'Lfxgrqqls', 'wxpc@abw.be', 'Jdhxnlbexc,Yilan 20', '+2852865848413211');
INSERT INTO public.costumer VALUES (726, 'Vhvp', 'dlvmsfbu@tbh.him', 'Vysmvgw,Gxbkbeu 53', '+8028101730704352');
INSERT INTO public.costumer VALUES (727, 'Agadr', 'lcvr@uj.waw', 'Lmlgqgt,Nsue 51', '+6508501384455');
INSERT INTO public.costumer VALUES (728, 'Gllrku', 'swyjpc@bka.il', 'Gyuklee,Rxspc 148', '+67663580270415078');
INSERT INTO public.costumer VALUES (729, 'Epflwv', 'xiy@tsn.ed', 'Gqyvkwwo,Vgfe 140', '+8321134057767676');
INSERT INTO public.costumer VALUES (730, 'Qavwpkhyn', 'mimw@yvu.if', 'Vghmul,Kwvvl 143', '+8337663846051');
INSERT INTO public.costumer VALUES (731, 'Jhnkctxm', 'tokh@nwm.xw', 'Llguqvum,Jeloe 27', '+5075023362125610');
INSERT INTO public.costumer VALUES (732, 'Emfdgka', 'igk@qe.aek', 'Khrsftqj,Dhxkdqy 112', '+870240503351145');
INSERT INTO public.costumer VALUES (733, 'Lypbqccqqy', 'xhlvncf@egs.pm', 'Kddswueb,Lyfx 1', '+376522645386867');
INSERT INTO public.costumer VALUES (734, 'Rxpnmkxb', 'figbwref@qw.mcr', 'Rebuqja,Vmcl 83', '+5821535020878521');
INSERT INTO public.costumer VALUES (735, 'Leko', 'nei@hcl.qs', 'Wwmsaxd,Txechv 180', '+5622437603143');
INSERT INTO public.costumer VALUES (736, 'Wvupyu', 'xhrxuo@abo.nmr', 'Rrckmwk,Kdpd 156', '+583032628405');
INSERT INTO public.costumer VALUES (737, 'Unfyhcx', 'lurrvnpc@cgg.mni', 'Lpquvyq,Isbsl 134', '+188052286508');
INSERT INTO public.costumer VALUES (738, 'Vujvrf', 'lhvh@ixw.trg', 'Eyxkws,Nydhj 167', '+3787187331681548');
INSERT INTO public.costumer VALUES (739, 'Efnvsqpa', 'ajxntdol@cc.yxr', 'Cbwfpqc,Qxwhhx 78', '+475004426651');
INSERT INTO public.costumer VALUES (740, 'Seigrmsdsw', 'uyxbwc@jt.fbu', 'Pufbrpuyeb,Stgrend 104', '+0418687660438070');
INSERT INTO public.costumer VALUES (741, 'Jwbxw', 'wffwl@pa.dbc', 'Gtqddviowg,Tckhqxq 17', '+41325081481');
INSERT INTO public.costumer VALUES (742, 'Yfksmq', 'hhfn@cr.bi', 'Iccyucelm,Bxcrwmi 142', '+337272386448380');
INSERT INTO public.costumer VALUES (743, 'Lfxiofwmee', 'sue@lnl.bvk', 'Pkxrcotoo,Xxotgs 2', '+1260064755788280');
INSERT INTO public.costumer VALUES (744, 'Nhtctwbxri', 'cbxey@iti.ie', 'Epvlhvm,Jovflor 186', '+20504438808');
INSERT INTO public.costumer VALUES (745, 'Suct', 'egvmexjwp@qmi.aok', 'Wifcvernkg,Ugnmg 46', '+73447510606');
INSERT INTO public.costumer VALUES (746, 'Inovtrvhs', 'hchuovqh@gix.np', 'Wdwgmj,Vpyu 90', '+37186673016825');
INSERT INTO public.costumer VALUES (747, 'Isnblnfv', 'dro@ut.buw', 'Gsnoxpwk,Rsfu 36', '+153745386703104');
INSERT INTO public.costumer VALUES (748, 'Bvwvotlfm', 'xeidxlhcu@rx.plk', 'Gukkgshaeg,Avvx 160', '+12543302861082');
INSERT INTO public.costumer VALUES (749, 'Vnve', 'pnuk@qlw.ds', 'Nydhongt,Lehxso 88', '+144381113742820');
INSERT INTO public.costumer VALUES (750, 'Slofydowj', 'njxkr@eu.wo', 'Ltbgrxhf,Diykkui 65', '+676341767585881');
INSERT INTO public.costumer VALUES (751, 'Wqesf', 'vhjweus@btl.ww', 'Omhjcng,Ccxh 32', '+20586072171011388');
INSERT INTO public.costumer VALUES (752, 'Pkib', 'ddxwbd@lj.xc', 'Cayofxwih,Tjjbhu 112', '+24567445163517');
INSERT INTO public.costumer VALUES (753, 'Pycmq', 'nsgo@vvf.trj', 'Fkoavnp,Ofbv 18', '+41473754853832');
INSERT INTO public.costumer VALUES (754, 'Uhkjymd', 'nof@by.bfx', 'Pcwirotn,Vwse 115', '+033285383004');
INSERT INTO public.costumer VALUES (755, 'Kxnvb', 'bmtjso@kv.ul', 'Tuiwyy,Lxwekbu 7', '+862034803873072');
INSERT INTO public.costumer VALUES (756, 'Pvxuwype', 'nopoheedr@ymy.jvc', 'Leoaymlf,Trwvifo 24', '+82821736621736');
INSERT INTO public.costumer VALUES (757, 'Owyoa', 'oqq@di.ifw', 'Aktvdi,Decp 138', '+55306176505644');
INSERT INTO public.costumer VALUES (758, 'Ndkqxnoao', 'nkijmihr@am.oa', 'Xbjgypi,Mtikk 37', '+33803223468816');
INSERT INTO public.costumer VALUES (759, 'Abrw', 'ctrkotpaj@ys.qau', 'Tojkvmy,Nora 115', '+6752870704230773');
INSERT INTO public.costumer VALUES (760, 'Inlghkr', 'bmykjxxrq@jnn.fa', 'Djqdnnks,Ukeb 81', '+6457435380786');
INSERT INTO public.costumer VALUES (761, 'Pmabyovqy', 'jyshjo@cnj.rvu', 'Gwulgjpmt,Lcstukg 14', '+68336538874');
INSERT INTO public.costumer VALUES (762, 'Ygbnruvod', 'vnljk@kfv.xvp', 'Jswkmdl,Dchkg 81', '+016641064746');
INSERT INTO public.costumer VALUES (763, 'Afbo', 'jqukuqo@xxq.wch', 'Yuxudu,Cotatbf 170', '+1763136651848');
INSERT INTO public.costumer VALUES (764, 'Hnmodxtxw', 'mhieap@skr.fij', 'Pkhgbahdc,Hvreyh 121', '+7542035107571');
INSERT INTO public.costumer VALUES (765, 'Lbnlgw', 'ghpouwpc@con.ad', 'Jtfmej,Fpcukgg 84', '+463200320863740');
INSERT INTO public.costumer VALUES (766, 'Kyyhtw', 'jicdydkur@nv.qj', 'Aqqmbugv,Difdv 166', '+208010473857');
INSERT INTO public.costumer VALUES (767, 'Smxujgoc', 'lcxoioj@qbw.tsp', 'Fcgevwt,Umumt 13', '+602283825423728');
INSERT INTO public.costumer VALUES (768, 'Adwyoayb', 'tyefaq@pq.rob', 'Envaunvipm,Xxjoikq 48', '+2877261623483871');
INSERT INTO public.costumer VALUES (769, 'Enbjuefyj', 'wch@ym.qjx', 'Sgtkaf,Taqcsxe 189', '+6387674736310');
INSERT INTO public.costumer VALUES (770, 'Tjtflbi', 'sqpkspn@uei.emf', 'Clvoces,Enfv 49', '+43852088348156742');
INSERT INTO public.costumer VALUES (771, 'Xgjud', 'ltyeyssdn@olb.sk', 'Ycxnnet,Hnbloq 29', '+48255813024288');
INSERT INTO public.costumer VALUES (772, 'Mastotjyn', 'lnbaxy@al.hk', 'Lknjkn,Vckbaxu 83', '+27271867580043780');
INSERT INTO public.costumer VALUES (773, 'Lrightwjbb', 'mmrtqd@gb.ji', 'Oevwykwlgw,Mapy 132', '+38055435625464702');
INSERT INTO public.costumer VALUES (774, 'Mulqwgru', 'wfwhatr@htl.ms', 'Aobjga,Kvnga 162', '+81373624516137');
INSERT INTO public.costumer VALUES (775, 'Yiplkit', 'muqwxt@qde.lg', 'Ldexxrw,Oxmcsjh 181', '+5077654035203776');
INSERT INTO public.costumer VALUES (776, 'Ohojcslctb', 'evmxxulk@wpf.ebi', 'Qscfhm,Gdia 65', '+10721727415');
INSERT INTO public.costumer VALUES (777, 'Mwsat', 'fpwcspyf@sms.yw', 'Shhboysyk,Fdmk 119', '+55288773335400');
INSERT INTO public.costumer VALUES (778, 'Fmki', 'rig@ls.xf', 'Lhcctb,Stvrf 60', '+67448700823535');
INSERT INTO public.costumer VALUES (779, 'Mxqnnhe', 'sqes@rvf.acj', 'Tkujxenlxd,Iska 94', '+761173484053586');
INSERT INTO public.costumer VALUES (780, 'Xejjxcuxjr', 'lhsndei@aiu.ig', 'Vledssjvlo,Uvcwp 87', '+24534154212');
INSERT INTO public.costumer VALUES (781, 'Kiwruoxqw', 'rxpmtax@ecy.eus', 'Yiopfxhgr,Sbgxmh 16', '+23508183720');
INSERT INTO public.costumer VALUES (782, 'Ykweknix', 'casbeqm@vql.iq', 'Ctrpcd,Wjtyhbg 181', '+67210843461474444');
INSERT INTO public.costumer VALUES (783, 'Xhunbtxa', 'ram@hc.nx', 'Lxawridw,Pypxic 73', '+74833506710405');
INSERT INTO public.costumer VALUES (784, 'Cwoqcbg', 'talpxiau@qm.lh', 'Fpoqkmcnys,Huaooo 95', '+230358360862');
INSERT INTO public.costumer VALUES (785, 'Hthdooe', 'hfq@gj.cci', 'Pbyhphpk,Cdsmh 29', '+704013854558804');
INSERT INTO public.costumer VALUES (786, 'Ffvgxa', 'oauiqehgn@pwr.nhq', 'Wdehfk,Tudwue 91', '+20457568677');
INSERT INTO public.costumer VALUES (787, 'Icfd', 'acjnuvgtn@tx.ge', 'Rgvrrfrmf,Pajmtx 106', '+4623213627283077');
INSERT INTO public.costumer VALUES (788, 'Jkcgkr', 'lgjet@kc.hx', 'Jahmpgw,Vnvthet 75', '+38840233845150313');
INSERT INTO public.costumer VALUES (789, 'Nxncfgxj', 'igknlj@hi.fso', 'Badpcaup,Nnmoj 57', '+1538746217263410');
INSERT INTO public.costumer VALUES (790, 'Drqjw', 'ekfklito@wq.ria', 'Wkyijwrsf,Assy 139', '+244565141370771');
INSERT INTO public.costumer VALUES (791, 'Yqwlmlnp', 'ukcf@ige.of', 'Xxmswkr,Oxqcobq 170', '+48645140600330');
INSERT INTO public.costumer VALUES (792, 'Xfhfkinh', 'itv@sg.bmg', 'Mltuhoqb,Ljnpm 101', '+77380280124661');
INSERT INTO public.costumer VALUES (793, 'Qlhmemr', 'uhfduhf@qn.hbr', 'Kcsvgtrydp,Sxlbgps 82', '+01648814403103661');
INSERT INTO public.costumer VALUES (794, 'Mgqxt', 'hsrovfh@wql.yo', 'Qlgqpid,Ltyvy 103', '+774600311600347');
INSERT INTO public.costumer VALUES (795, 'Gtliptly', 'refeolkj@hn.ct', 'Svmeqdxho,Tacdg 170', '+16438340723');
INSERT INTO public.costumer VALUES (796, 'Gjjxy', 'cfoaiyqd@cy.mbk', 'Djkqpw,Iydfr 62', '+334205677722760');
INSERT INTO public.costumer VALUES (797, 'Vxvavravqf', 'eqlax@rth.ms', 'Dpxjukxlna,Uwawk 44', '+10137035487810');
INSERT INTO public.costumer VALUES (798, 'Bftnpb', 'trqeu@hoa.ie', 'Pmtoeiuvxj,Pwpk 81', '+30734304156');
INSERT INTO public.costumer VALUES (799, 'Fscjabxb', 'lusfttlo@nwc.no', 'Jxdmnap,Ypdyh 94', '+2551388843753');
INSERT INTO public.costumer VALUES (800, 'Kopkvcmy', 'fmsymd@tf.sp', 'Fxrhwebu,Nrxtuph 97', '+883562870723');
INSERT INTO public.costumer VALUES (801, 'Qidlcvfj', 'iaymqey@mrl.hvj', 'Usqckqvg,Omeve 171', '+1041454676631600');
INSERT INTO public.costumer VALUES (802, 'Bpgvjruuv', 'phfdrt@woq.mon', 'Dcqcbqowcm,Ywqvdje 81', '+400203165736231');
INSERT INTO public.costumer VALUES (803, 'Kkermcb', 'bdvhuue@ai.hi', 'Vlnshnjfem,Iubg 150', '+75187688250874678');
INSERT INTO public.costumer VALUES (804, 'Hawnligs', 'wxkhovd@dui.jw', 'Usohtbjg,Fkbxnvs 50', '+0050435748211252');
INSERT INTO public.costumer VALUES (805, 'Bnbsovwkpn', 'ibqhggaoc@uuy.ko', 'Kbtshw,Vefdll 99', '+78280846014244586');
INSERT INTO public.costumer VALUES (806, 'Mguhd', 'fykujks@dp.vs', 'Cwqstyxrtr,Myngho 10', '+173123857307081');
INSERT INTO public.costumer VALUES (807, 'Jbledkxcnd', 'dmgqylsim@is.gbv', 'Cvslpfwyiy,Kystnc 94', '+822642876500');
INSERT INTO public.costumer VALUES (808, 'Hcilnrfv', 'ept@iis.wld', 'Bgoskmcely,Appn 38', '+84715131020785304');
INSERT INTO public.costumer VALUES (809, 'Wupcrur', 'cbfpixcec@ic.txo', 'Sqhrwdth,Ltlmfnv 196', '+571342042316');
INSERT INTO public.costumer VALUES (810, 'Bvdl', 'dppeeclj@dr.gi', 'Gpolccsaw,Qptq 83', '+02136646858177');
INSERT INTO public.costumer VALUES (811, 'Xgjjskrqkc', 'tsmfbubw@rl.jro', 'Qgtjkpg,Cnyrjd 35', '+0766713530762');
INSERT INTO public.costumer VALUES (812, 'Doymsevrgb', 'shmao@qd.uce', 'Sduptph,Yqnthxl 196', '+7638052726555');
INSERT INTO public.costumer VALUES (813, 'Nkobivh', 'vmvcm@bnx.yng', 'Tqonwrij,Irrru 190', '+3083780515848');
INSERT INTO public.costumer VALUES (814, 'Xrsytrsfdn', 'gqxtqlp@wvp.lu', 'Knuhojv,Xuvws 64', '+378760465283443');
INSERT INTO public.costumer VALUES (815, 'Mqserqnjit', 'jhdrdsh@jv.mm', 'Foxjwleum,Nmtn 149', '+35184584838634');
INSERT INTO public.costumer VALUES (816, 'Wnmetjpr', 'qmnf@iuj.il', 'Kpwmfty,Eriqin 23', '+22188503068245414');
INSERT INTO public.costumer VALUES (817, 'Uvrkfd', 'ibupnvl@bu.jg', 'Fnngljcuog,Oaepkie 133', '+235010417647415');
INSERT INTO public.costumer VALUES (818, 'Kbhcighy', 'lriuytfg@fd.vc', 'Uhccrp,Grlfagf 38', '+46786284856182885');
INSERT INTO public.costumer VALUES (819, 'Ahgqyh', 'rpcckuvc@fx.hy', 'Jhlapjf,Nwmyr 27', '+03472704163');
INSERT INTO public.costumer VALUES (820, 'Omofgiq', 'pkuj@avy.lck', 'Novqrb,Clfios 90', '+71170803532442');
INSERT INTO public.costumer VALUES (821, 'Bsbnrobg', 'pme@jlb.ox', 'Ahqutqyxw,Qaia 101', '+1161874448532');
INSERT INTO public.costumer VALUES (822, 'Kcdqquq', 'gss@nfb.ts', 'Geumwgsy,Saksmj 41', '+4324415583248123');
INSERT INTO public.costumer VALUES (823, 'Vpdpmhymx', 'xeesrxc@fxi.bmg', 'Vkllnetfec,Upcv 178', '+402367013578657');
INSERT INTO public.costumer VALUES (824, 'Yafblhrney', 'nek@iu.bnx', 'Twmsbha,Uoqdxj 65', '+4604013857210');
INSERT INTO public.costumer VALUES (825, 'Etvj', 'bcqrglm@orm.lu', 'Apvwhbiofm,Phoik 188', '+56216651008580048');
INSERT INTO public.costumer VALUES (826, 'Xhmgnrcn', 'toywb@kbl.nb', 'Puermbq,Dtxh 104', '+155664813340');
INSERT INTO public.costumer VALUES (827, 'Jcqbpswb', 'jvigaw@vbf.si', 'Isvtmxex,Jygwvq 50', '+15077136220');
INSERT INTO public.costumer VALUES (828, 'Prsietsilf', 'bcltswhf@sxt.ij', 'Jbbuycyeik,Vaix 117', '+868426337352');
INSERT INTO public.costumer VALUES (829, 'Pvatbshux', 'kst@vo.rvx', 'Vaqvdfqolj,Osenj 50', '+83332631667558332');
INSERT INTO public.costumer VALUES (830, 'Itauees', 'cifcevmb@ty.ap', 'Bykmpvc,Iamy 157', '+505048506160500');
INSERT INTO public.costumer VALUES (831, 'Sijx', 'frl@vi.tb', 'Sjoyfnh,Umntx 13', '+8187425566143');
INSERT INTO public.costumer VALUES (832, 'Rmxvavowj', 'mgrskq@byb.fa', 'Xbooghcpox,Gymlj 154', '+14530326614117157');
INSERT INTO public.costumer VALUES (833, 'Uskjvu', 'roenil@uqj.bov', 'Gyaqcjt,Dvrau 99', '+27235306841813');
INSERT INTO public.costumer VALUES (834, 'Iuorq', 'thdpi@ftg.nbk', 'Xdsoynfd,Uexi 141', '+3108068587787');
INSERT INTO public.costumer VALUES (835, 'Qkomff', 'gxghjoq@ep.uos', 'Mrqboji,Kgrc 109', '+413621226815');
INSERT INTO public.costumer VALUES (836, 'Rdemawv', 'wsj@dh.leg', 'Bjutomsp,Xgaiymf 192', '+14086551185150524');
INSERT INTO public.costumer VALUES (837, 'Nyda', 'upalnw@xx.xb', 'Vgbclioeo,Gjlp 26', '+75007288616500');
INSERT INTO public.costumer VALUES (838, 'Aetkiixv', 'ciqhxhil@kb.fbi', 'Opdycllubl,Xwfxd 129', '+13723760421644');
INSERT INTO public.costumer VALUES (839, 'Tswas', 'qoplhq@ls.kpt', 'Ofjjnbl,Turi 26', '+14876588816225467');
INSERT INTO public.costumer VALUES (840, 'Blauy', 'iefuifi@dcr.pd', 'Rtqhsre,Etqct 53', '+28102232274568318');
INSERT INTO public.costumer VALUES (841, 'Ykwwgd', 'uybn@mym.go', 'Wcbiarrpav,Rysf 58', '+2141562780863');
INSERT INTO public.costumer VALUES (842, 'Ngylkxu', 'pqmfej@gh.vu', 'Fqbcle,Kemc 72', '+63672634173546');
INSERT INTO public.costumer VALUES (843, 'Awgslt', 'lqoiqwbdi@hv.iic', 'Fffuxx,Txgh 158', '+20407162336717');
INSERT INTO public.costumer VALUES (844, 'Dqyjq', 'uiepem@egi.fw', 'Ewijlocs,Kuety 16', '+7431760612751270');
INSERT INTO public.costumer VALUES (845, 'Xvmdvsc', 'mlxkkmb@pvv.fm', 'Ocilgegxhg,Jnxmgt 84', '+13640340712684');
INSERT INTO public.costumer VALUES (846, 'Vpfxmcr', 'uggov@vx.xl', 'Bundopbbs,Txgfj 69', '+811415256350');
INSERT INTO public.costumer VALUES (847, 'Yitshjghd', 'yut@aa.tmv', 'Kfcwmkspe,Bpjcj 188', '+106838805684');
INSERT INTO public.costumer VALUES (848, 'Ibufk', 'ktlkej@nwf.xfx', 'Lhnhwhiff,Arhnvit 100', '+0410218021513825');
INSERT INTO public.costumer VALUES (849, 'Pcxfdkbwq', 'wsn@or.oph', 'Ynvyoi,Udamfle 123', '+346663635142460');
INSERT INTO public.costumer VALUES (850, 'Antvrjvisr', 'tmdt@uib.xa', 'Vjoguink,Ylthw 23', '+8453618211106');
INSERT INTO public.costumer VALUES (851, 'Ekubs', 'txmul@sb.gb', 'Jjpcvu,Qjrlxk 102', '+113770218543');
INSERT INTO public.costumer VALUES (852, 'Nqqsmjsy', 'relgmryjt@jfb.blb', 'Wqqjgs,Gtsjhcs 52', '+85763543228');
INSERT INTO public.costumer VALUES (853, 'Yhxbm', 'ysyn@xkd.std', 'Rsmwlaqbf,Dcwis 70', '+8555667016553807');
INSERT INTO public.costumer VALUES (854, 'Qmvbpy', 'gagwvaq@jn.ilk', 'Sbuwocx,Yigujnu 141', '+5364148145385');
INSERT INTO public.costumer VALUES (855, 'Halpo', 'lbrjekbwq@ukp.xqy', 'Gkbvnij,Pfyicr 97', '+33182731532126');
INSERT INTO public.costumer VALUES (856, 'Isobex', 'tsvsupolu@qh.kd', 'Wsastheg,Qtvhcc 92', '+3380805723170855');
INSERT INTO public.costumer VALUES (857, 'Admjb', 'fts@rw.wk', 'Xbwbhq,Ejhsaf 196', '+01580144377275');
INSERT INTO public.costumer VALUES (858, 'Ytccict', 'xlugeiy@byl.ka', 'Akgyar,Tahrep 65', '+76356738854510448');
INSERT INTO public.costumer VALUES (859, 'Lsxi', 'wesfpw@lc.jr', 'Bynjdbkgtb,Ivyq 122', '+04548008507864571');
INSERT INTO public.costumer VALUES (860, 'Sfmhlwrec', 'fwvdmhib@af.odx', 'Mympyeri,Hpefgbh 189', '+11776778267667328');
INSERT INTO public.costumer VALUES (861, 'Kknysa', 'xct@vfu.vf', 'Brmouetv,Ddmuj 27', '+85564202622072382');
INSERT INTO public.costumer VALUES (862, 'Gwmedg', 'lfwe@nq.gyd', 'Moprvokbmm,Yasi 59', '+1375281431476724');
INSERT INTO public.costumer VALUES (863, 'Rytref', 'fgwfgem@biv.evy', 'Bcidionyjw,Hswaww 59', '+650768631856');
INSERT INTO public.costumer VALUES (864, 'Dtxlqpiy', 'hgimogtmq@ypk.vq', 'Yvhhpnsf,Adnxu 38', '+288117822088');
INSERT INTO public.costumer VALUES (865, 'Uuayq', 'gaenw@wi.rfc', 'Xfyadlqx,Vkdb 48', '+80738175103872');
INSERT INTO public.costumer VALUES (866, 'Xghtjkcvu', 'hvdn@dtp.tpb', 'Hedbekttwl,Ahjtlhh 155', '+072173617188');
INSERT INTO public.costumer VALUES (867, 'Wnpmqnwo', 'ntuwdmmd@ji.ebv', 'Yuykakckf,Urpqdg 61', '+1223407345315');
INSERT INTO public.costumer VALUES (868, 'Cigippsta', 'nkunmibt@mr.fen', 'Xbtapj,Dlkiv 19', '+15783775648');
INSERT INTO public.costumer VALUES (869, 'Mkgdkf', 'ljchofsy@qni.quv', 'Eqvkamtvrb,Erde 100', '+143168341326825');
INSERT INTO public.costumer VALUES (870, 'Kjhvhxlrf', 'fmsv@il.tm', 'Wtkekyswn,Ovem 121', '+05252445626121868');
INSERT INTO public.costumer VALUES (871, 'Hbhcwihu', 'gma@ho.sh', 'Khrucnrlm,Jmxdwpp 33', '+105040263644624');
INSERT INTO public.costumer VALUES (872, 'Ojlshuemt', 'yksflbt@kd.bna', 'Igydhv,Wcctjl 139', '+0248813818108');
INSERT INTO public.costumer VALUES (873, 'Dtngxjoeb', 'aakdaya@jm.jwm', 'Mbsauf,Omutdqy 4', '+3580314425767');
INSERT INTO public.costumer VALUES (874, 'Loxcf', 'mmriqmm@rv.dlc', 'Mouogorx,Spmu 138', '+343623485001344');
INSERT INTO public.costumer VALUES (875, 'Peqov', 'djcsuknbn@wc.or', 'Xbexkldb,Jfdk 55', '+534104056035340');
INSERT INTO public.costumer VALUES (876, 'Dariincw', 'gvjepygcw@wev.op', 'Xaryhsggjj,Nkahfo 27', '+576513768413325');
INSERT INTO public.costumer VALUES (877, 'Vtand', 'ypykhh@pi.rtl', 'Nhlavgo,Ywxl 61', '+062708568618323');
INSERT INTO public.costumer VALUES (878, 'Bjmfnpld', 'xma@ev.cf', 'Ijwbfafyng,Gmnpf 7', '+2610621231761');
INSERT INTO public.costumer VALUES (879, 'Ldoy', 'mhd@pv.gd', 'Dscoxcilm,Uhgcb 173', '+0813278842046816');
INSERT INTO public.costumer VALUES (880, 'Raabvgs', 'xxigb@gx.qh', 'Wjdbybldn,Gbbl 130', '+837720024157');
INSERT INTO public.costumer VALUES (881, 'Wqths', 'joamrl@yow.at', 'Woefrupafo,Rrwbeim 139', '+217210008785');
INSERT INTO public.costumer VALUES (882, 'Ekdmdui', 'mkiw@kd.ji', 'Qshqbtufe,Jqjkblv 144', '+052664010064');
INSERT INTO public.costumer VALUES (883, 'Pbkyhdw', 'xsun@jjp.mjq', 'Cawjoomv,Qwhovsq 187', '+102860761350');
INSERT INTO public.costumer VALUES (884, 'Xymmhry', 'tdtexmmwd@sih.eir', 'Xeqswyc,Gqkl 123', '+3423552265681841');
INSERT INTO public.costumer VALUES (885, 'Fmcbrfq', 'teo@yv.duw', 'Jgxurqhah,Lnxttu 140', '+2773583742423765');
INSERT INTO public.costumer VALUES (886, 'Cghiso', 'raurtma@bg.rd', 'Mhoulwak,Xjmqxtc 80', '+7604403788618');
INSERT INTO public.costumer VALUES (887, 'Fjrwfkea', 'ucmw@mig.ois', 'Jjegul,Kato 87', '+33174214423505171');
INSERT INTO public.costumer VALUES (888, 'Lavi', 'ipginx@vwx.ee', 'Phurte,Qolg 42', '+62404688700510');
INSERT INTO public.costumer VALUES (889, 'Bkuwgf', 'nxckbyssw@yl.rf', 'Ekbdwkkbkd,Obtrejl 36', '+373778121812');
INSERT INTO public.costumer VALUES (890, 'Rvsqqc', 'eatjud@wg.syc', 'Vqiexelhy,Erqva 101', '+6724463727666220');
INSERT INTO public.costumer VALUES (891, 'Grxbj', 'dyvfgu@fw.qn', 'Loqnqm,Iivy 180', '+348847421775');
INSERT INTO public.costumer VALUES (892, 'Ptfvnbnc', 'bmev@tk.ptn', 'Enxsgtodjy,Xesov 105', '+363001123242');
INSERT INTO public.costumer VALUES (893, 'Cxti', 'efnbylkr@vvu.km', 'Rwkwtvxgm,Xeyscl 65', '+50135345747245847');
INSERT INTO public.costumer VALUES (894, 'Hoogujig', 'bpekhfwub@rc.xw', 'Bunmxkhfon,Pdbs 4', '+48174767022775');
INSERT INTO public.costumer VALUES (895, 'Tpukoep', 'nhqb@iwo.uw', 'Nhooanyoqy,Yafly 124', '+46275531787868');
INSERT INTO public.costumer VALUES (896, 'Lggghroh', 'lcmfpoprt@mh.pgy', 'Sviala,Qyxplf 156', '+2052580221610');
INSERT INTO public.costumer VALUES (897, 'Qvvjcjyd', 'vvlr@sg.jh', 'Lqqljnyj,Jfug 102', '+468821666042068');
INSERT INTO public.costumer VALUES (898, 'Jvdwvf', 'axaq@xos.oy', 'Wnguea,Hwxgljl 95', '+343663361036');
INSERT INTO public.costumer VALUES (899, 'Mwcwwimbia', 'cmharhifg@yst.byr', 'Tvdrcmt,Bgdmj 97', '+12383161051488766');
INSERT INTO public.costumer VALUES (900, 'Jmxc', 'ufkf@syn.hm', 'Ooibqtfhat,Pkshcfb 177', '+72635253563762501');
INSERT INTO public.costumer VALUES (901, 'Puoooc', 'gxhgtiom@tw.uch', 'Ffkltiynx,Yjcw 108', '+711106355647468');
INSERT INTO public.costumer VALUES (902, 'Cywkyq', 'oanwxyqk@qrn.qvy', 'Jnjtoufaq,Oebi 149', '+03838772722580');
INSERT INTO public.costumer VALUES (903, 'Hkpce', 'mimthulit@ah.yxy', 'Tpwsjruei,Hynohko 167', '+36617247230');
INSERT INTO public.costumer VALUES (904, 'Rdajqweiyu', 'gxhc@or.gpo', 'Pltsacx,Nouhyx 63', '+27602786810014');
INSERT INTO public.costumer VALUES (905, 'Rpbeq', 'wcrfyrc@dqk.my', 'Vcwfpi,Pftevdo 142', '+282382061134');
INSERT INTO public.costumer VALUES (906, 'Qglueift', 'exsxpax@xw.flw', 'Lvwrjvk,Scamy 144', '+271252532710814');
INSERT INTO public.costumer VALUES (907, 'Tsrrlrdx', 'ewlofcpa@wp.syx', 'Fjodpuc,Evalwn 169', '+4715412816477711');
INSERT INTO public.costumer VALUES (908, 'Ixobqxrylm', 'qbjorhnyh@ynk.eb', 'Ulsrbknvop,Gkwm 179', '+335018748004');
INSERT INTO public.costumer VALUES (909, 'Fvnurh', 'imkhu@he.bpf', 'Pabtlenh,Caxmih 175', '+517678712486');
INSERT INTO public.costumer VALUES (910, 'Daewt', 'ibidmqadb@vju.vix', 'Yocfup,Aaeoqv 20', '+4556515270424886');
INSERT INTO public.costumer VALUES (911, 'Exqfnmna', 'mqdmocxb@qo.gbt', 'Jxnnclyvo,Kuldh 134', '+61587822315685880');
INSERT INTO public.costumer VALUES (912, 'Bqidpn', 'jouqr@gjc.qbg', 'Boheoxkqh,Icyxe 118', '+367367806375');
INSERT INTO public.costumer VALUES (913, 'Quad', 'cqm@vv.bx', 'Bmconkkjl,Lqaq 51', '+44482770568788');
INSERT INTO public.costumer VALUES (914, 'Yrgovxgqee', 'gdyyjqcyh@fww.axc', 'Dappiyndbk,Ybuc 9', '+25857787280602');
INSERT INTO public.costumer VALUES (915, 'Vbfmiyg', 'miej@nky.gx', 'Deadmpsxxq,Nmjmi 17', '+78382333131785');
INSERT INTO public.costumer VALUES (916, 'Thhak', 'qlawn@iok.hxv', 'Ffyvdcciv,Tloyr 141', '+3361713573076155');
INSERT INTO public.costumer VALUES (917, 'Nhtwdtnkye', 'axrfi@ajr.jdu', 'Hiucgt,Giali 184', '+48641066127');
INSERT INTO public.costumer VALUES (918, 'Jwvnbi', 'hwxrpyq@vwj.rce', 'Jtleqvk,Xolpot 99', '+6342272210536');
INSERT INTO public.costumer VALUES (919, 'Nunshvla', 'xyiu@yk.xh', 'Xoknlci,Utacuf 167', '+08732214430');
INSERT INTO public.costumer VALUES (920, 'Ptikbkm', 'eepuxkphi@xf.nwh', 'Blrqougdfl,Vgud 50', '+88252313341873622');
INSERT INTO public.costumer VALUES (921, 'Gkhc', 'fcdi@wuy.ct', 'Mvatvdjygb,Nuocfan 23', '+83470474232');
INSERT INTO public.costumer VALUES (922, 'Swcupvgta', 'saj@jj.ee', 'Jawydjf,Tlnusj 50', '+48568782036015753');
INSERT INTO public.costumer VALUES (923, 'Aipxbsjmk', 'krdsl@alm.xo', 'Kryqhiljs,Bseypmq 98', '+84677312344431');
INSERT INTO public.costumer VALUES (924, 'Ylnpxklc', 'oxbvnao@kdn.bc', 'Ugfiiloq,Cecuku 10', '+31128620771201');
INSERT INTO public.costumer VALUES (925, 'Fsduaxr', 'wymhpo@att.ulq', 'Hykmnrgd,Dvydrc 54', '+466047440804');
INSERT INTO public.costumer VALUES (926, 'Ktnrfajamb', 'rmho@oiu.ujn', 'Aywinhh,Otjhcnh 52', '+32060542514771');
INSERT INTO public.costumer VALUES (927, 'Hfxqvhgfo', 'ylxtjauaq@pc.sm', 'Hpjsnl,Xlyt 76', '+63345113127776781');
INSERT INTO public.costumer VALUES (928, 'Bwarjeoe', 'pvwig@fo.go', 'Nvygdm,Sebppr 146', '+854510641471');
INSERT INTO public.costumer VALUES (929, 'Wlxui', 'tvntwemtx@xbs.hnk', 'Lklaodrwu,Tijb 147', '+6807355323038312');
INSERT INTO public.costumer VALUES (930, 'Fiiuxhkvi', 'prsqf@mek.rj', 'Csvaagsnsk,Eqwrt 90', '+520816271111717');
INSERT INTO public.costumer VALUES (931, 'Kbscpiaa', 'rabxeaueu@cl.ge', 'Uffjgmior,Juxqor 140', '+48817570005765265');
INSERT INTO public.costumer VALUES (932, 'Ixnb', 'shyedcoa@fvu.wxj', 'Oeeibsrh,Slkh 190', '+257027462008');
INSERT INTO public.costumer VALUES (933, 'Hmom', 'gxdn@vmq.cv', 'Oqarvdxhy,Uely 113', '+2730881884872780');
INSERT INTO public.costumer VALUES (934, 'Tdfnkhr', 'bupslnwww@uvu.im', 'Hjvbgc,Nfusrc 20', '+04175327677500466');
INSERT INTO public.costumer VALUES (935, 'Ypfvyorhgw', 'ktpg@xd.ibm', 'Qphrxu,Pybhx 29', '+6760535428142');
INSERT INTO public.costumer VALUES (936, 'Logkl', 'jkl@nkk.ogw', 'Udnnexbeuv,Tqja 185', '+110301660454735');
INSERT INTO public.costumer VALUES (937, 'Aclxjdi', 'nsqmgvpc@jpo.sja', 'Olawylq,Bjalgy 141', '+564271000436656');
INSERT INTO public.costumer VALUES (938, 'Euusso', 'vmmpvpi@jb.hu', 'Uwwapyob,Rruxcah 137', '+86528715301');
INSERT INTO public.costumer VALUES (939, 'Cdivwsxnax', 'yojexr@uxr.so', 'Tloajpe,Wlty 142', '+743827587706525');
INSERT INTO public.costumer VALUES (940, 'Chkkbjosol', 'iyis@gkt.yqp', 'Lgkxbsasir,Jqchtyq 44', '+8762234805450');
INSERT INTO public.costumer VALUES (941, 'Bgfaecrsh', 'nkymagpd@gn.ib', 'Awqsovkv,Acnp 168', '+05614274807370');
INSERT INTO public.costumer VALUES (942, 'Tpigujf', 'aiai@sa.ap', 'Iwhsdqq,Lwllyy 107', '+237370751510');
INSERT INTO public.costumer VALUES (943, 'Fmmfj', 'rlrye@neb.wtt', 'Hcifogjglk,Xrwh 195', '+63528883113234042');
INSERT INTO public.costumer VALUES (944, 'Ywxooh', 'mgsdt@gf.lal', 'Asckxvnq,Hchfcir 2', '+7113735258556');
INSERT INTO public.costumer VALUES (945, 'Rokn', 'tvab@vx.jah', 'Elephg,Cimq 169', '+4244437361740614');
INSERT INTO public.costumer VALUES (946, 'Pafq', 'vdnpdlm@sn.bni', 'Ddjhgny,Tuoo 119', '+55710466571565');
INSERT INTO public.costumer VALUES (947, 'Gtvfcetyp', 'wqce@ra.njh', 'Fcxwjajiuc,Hyuk 71', '+588328006020864');
INSERT INTO public.costumer VALUES (948, 'Nxlakqrp', 'yhvx@bvp.hg', 'Ghyqccqs,Gsnfl 4', '+70522425171');
INSERT INTO public.costumer VALUES (949, 'Dfmhcqtamt', 'fekkrbh@cyh.ryu', 'Bsgcvno,Rsjteve 35', '+55778748470157406');
INSERT INTO public.costumer VALUES (950, 'Tyxkhxqar', 'chw@vu.mn', 'Pviwuv,Vkcq 78', '+24831030728554600');
INSERT INTO public.costumer VALUES (951, 'Oxwxebwqy', 'ajplakuv@hb.rjq', 'Ifgnsykych,Faoj 46', '+1865317646017126');
INSERT INTO public.costumer VALUES (952, 'Inph', 'masafba@cai.ct', 'Fabrrnmfd,Klsv 28', '+8138703786575362');
INSERT INTO public.costumer VALUES (953, 'Eywtaldeuo', 'aseqg@gk.kh', 'Vshvrhbd,Aeylvgu 136', '+4085674060037560');
INSERT INTO public.costumer VALUES (954, 'Xmqwuksp', 'teiottx@rq.lsj', 'Ldfbyu,Kwibnbw 15', '+181743027150772');
INSERT INTO public.costumer VALUES (955, 'Siqd', 'fcgbxckly@uom.ol', 'Ttiawwmey,Lmdej 92', '+2186744717750883');
INSERT INTO public.costumer VALUES (956, 'Mxxqdwtfy', 'xqwso@jxf.kub', 'Ttbhnhdoyd,Foiij 11', '+31287801471567755');
INSERT INTO public.costumer VALUES (957, 'Phjhrtlrt', 'lcmunojqd@yug.vw', 'Nihlvyx,Cevsb 143', '+355002233740650');
INSERT INTO public.costumer VALUES (958, 'Rfwytcwliy', 'bsyjn@km.jk', 'Kmmndu,Eixv 32', '+531703520366324');
INSERT INTO public.costumer VALUES (959, 'Risgbqk', 'kbjx@ooi.siq', 'Ynwrcyam,Xskpvt 21', '+165168505378811');
INSERT INTO public.costumer VALUES (960, 'Vwqavud', 'qlke@jnr.ivg', 'Bmegelfwn,Sbhjkdl 78', '+4484174682814');
INSERT INTO public.costumer VALUES (961, 'Ynxehcv', 'uvqyrhfw@bcd.etr', 'Dccqlrub,Kdnv 19', '+40035628472');
INSERT INTO public.costumer VALUES (962, 'Mksggrxlkb', 'xjbrlly@du.ene', 'Hrjesdkv,Uhhh 159', '+131620553442');
INSERT INTO public.costumer VALUES (963, 'Uitxe', 'hqugrodqo@bf.rnr', 'Yxswpvkru,Cvuh 125', '+6288052618368');
INSERT INTO public.costumer VALUES (964, 'Ebbgxhapni', 'boymn@aoh.ogl', 'Txvttu,Bvtuaay 146', '+73510323880543');
INSERT INTO public.costumer VALUES (965, 'Wddw', 'sndpfr@tnb.gs', 'Gdlexga,Afjej 47', '+42242302333238807');
INSERT INTO public.costumer VALUES (966, 'Dhytvro', 'cqv@nly.dp', 'Grnufx,Nahhuj 133', '+55474414715445007');
INSERT INTO public.costumer VALUES (967, 'Jhvxy', 'buj@cy.cmu', 'Utlhhs,Tqiouj 56', '+6572767671010');
INSERT INTO public.costumer VALUES (968, 'Scth', 'rxtd@fas.gsh', 'Mtqeeui,Autfjbi 85', '+06435367464');
INSERT INTO public.costumer VALUES (969, 'Eybespljc', 'pljrah@bf.ihl', 'Vimuebqq,Gocky 91', '+11713325785');
INSERT INTO public.costumer VALUES (970, 'Udmaelogoi', 'npffkq@jew.tt', 'Ptagpec,Xufwto 70', '+0507020240678136');
INSERT INTO public.costumer VALUES (971, 'Otxlfwmxnt', 'xqbhyp@lv.sq', 'Kgttpbnx,Qcbffvr 123', '+5120022774357');
INSERT INTO public.costumer VALUES (972, 'Fotci', 'qsg@ey.pt', 'Wcccqbpuqw,Phugqkm 137', '+65047745427284');
INSERT INTO public.costumer VALUES (973, 'Igatoxsg', 'lafuq@pcs.cw', 'Crbsvqqalh,Lbrik 157', '+533833336158071');
INSERT INTO public.costumer VALUES (974, 'Gqdep', 'vkclmrc@qhk.gny', 'Ntomxou,Ivyk 161', '+5156452022638');
INSERT INTO public.costumer VALUES (975, 'Voiwlmalf', 'dina@qgg.vxi', 'Skippijxn,Dxosxu 193', '+10330438221');
INSERT INTO public.costumer VALUES (976, 'Dspiouctyk', 'ahukxqvr@wvs.iu', 'Luerwag,Qwegjw 78', '+1318646466885287');
INSERT INTO public.costumer VALUES (977, 'Ysqr', 'fwes@dj.uda', 'Jxodxx,Epotbd 31', '+23223755857648');
INSERT INTO public.costumer VALUES (978, 'Pghavykd', 'nmummn@xkb.vlo', 'Xwjshvyhx,Tgkb 108', '+51836418571128');
INSERT INTO public.costumer VALUES (979, 'Yeyxfpn', 'ihgijurkb@lt.puc', 'Kvcucl,Gcglw 72', '+36200348584204070');
INSERT INTO public.costumer VALUES (980, 'Aynkdnjy', 'pktjpno@lxe.ru', 'Jjofmk,Cnjby 45', '+7434461416383657');
INSERT INTO public.costumer VALUES (981, 'Ffknh', 'ifuwwbymh@vpb.nn', 'Xthmvvnteu,Lxgcw 148', '+20372566705836044');
INSERT INTO public.costumer VALUES (982, 'Cptwmdd', 'ndce@ho.rf', 'Usjgiakx,Depvhc 58', '+6635583310115');
INSERT INTO public.costumer VALUES (983, 'Pcobhhh', 'nexnnh@ods.by', 'Arapdswyv,Qben 64', '+5478360334087317');
INSERT INTO public.costumer VALUES (984, 'Hvsa', 'ewsjk@rtw.skq', 'Qwncxlko,Wpvauv 122', '+57477200525817');
INSERT INTO public.costumer VALUES (985, 'Qnkoj', 'kkjvv@lqg.lm', 'Kllhct,Qsrltj 125', '+76022082358228433');
INSERT INTO public.costumer VALUES (986, 'Yuacxkrn', 'cqk@fa.ajv', 'Rchlkkpi,Tlum 114', '+4222470452010265');
INSERT INTO public.costumer VALUES (987, 'Vabjijwj', 'wrpyau@ca.cn', 'Oxtqphhcqe,Gjjkuh 1', '+2172831446128244');
INSERT INTO public.costumer VALUES (988, 'Rebc', 'efc@cgs.ay', 'Tdqmgo,Tjhnc 124', '+65162580862753');
INSERT INTO public.costumer VALUES (989, 'Xalt', 'enmjmaj@mfg.ly', 'Bmqohkp,Vlrc 193', '+87258747241');
INSERT INTO public.costumer VALUES (990, 'Jghqseyfa', 'pdjj@uc.wbq', 'Huvmec,Atrsnxb 97', '+71644255333740268');
INSERT INTO public.costumer VALUES (991, 'Jqpikkqj', 'wsc@lb.dfq', 'Jpflteccpq,Yoyxuib 149', '+61520205678');
INSERT INTO public.costumer VALUES (992, 'Sobu', 'rst@guf.hxh', 'Lkxidfdj,Hrbmo 27', '+18053416385224758');
INSERT INTO public.costumer VALUES (993, 'Olhgroxoo', 'dfnlsk@ur.go', 'Pewifuws,Nwvthd 159', '+7685374477170202');
INSERT INTO public.costumer VALUES (994, 'Rsoumvauo', 'jaclyol@qut.hex', 'Gkigtrie,Nmpjs 49', '+31561282636837');
INSERT INTO public.costumer VALUES (995, 'Wsoonanhge', 'hphy@gd.ox', 'Nlubxeodno,Tnwijfx 6', '+770387201684032');
INSERT INTO public.costumer VALUES (996, 'Warxp', 'pylw@vnr.vo', 'Dovvcq,Cdggg 4', '+3080726886166');
INSERT INTO public.costumer VALUES (997, 'Xhxwcn', 'rqyx@jd.jp', 'Skoaijo,Gqewo 28', '+225067870576');
INSERT INTO public.costumer VALUES (998, 'Ghyn', 'qewrqy@iku.syn', 'Ockttk,Qvup 122', '+3307552308246');
INSERT INTO public.costumer VALUES (999, 'Xdnlcyt', 'thnwacclh@ws.vh', 'Juovjlxo,Eyfnr 186', '+4668365063640');
INSERT INTO public.costumer VALUES (1000, 'Lcwjs', 'xbaxllg@oci.eck', 'Eqyvaagqna,Seuroh 98', '+78610028311');


--
-- Data for Name: deliveris; Type: TABLE DATA; Schema: public; Owner: postgres
--

INSERT INTO public.deliveris VALUES (1, '1971-07-26', 457, 134, 477, 668, 875, 1577, 731);
INSERT INTO public.deliveris VALUES (2, '1995-01-04', 253, 568, 2, 710, 987, 996, 735);
INSERT INTO public.deliveris VALUES (3, '1958-02-13', 425, 68, 787, 419, 652, 213, 353);
INSERT INTO public.deliveris VALUES (4, '1999-04-24', 856, 232, 134, 550, 621, 944, 452);
INSERT INTO public.deliveris VALUES (5, '1959-03-23', 502, 253, 956, 336, 285, 270, 848);
INSERT INTO public.deliveris VALUES (6, '1968-05-11', 866, 173, 540, 114, 723, 604, 442);
INSERT INTO public.deliveris VALUES (7, '1961-01-22', 5, 606, 409, 547, 335, 1849, 884);
INSERT INTO public.deliveris VALUES (8, '1983-01-15', 889, 335, 790, 67, 240, 1565, 218);
INSERT INTO public.deliveris VALUES (9, '1966-04-26', 259, 589, 723, 408, 253, 1562, 293);
INSERT INTO public.deliveris VALUES (10, '1985-02-22', 249, 78, 255, 38, 158, 1387, 566);
INSERT INTO public.deliveris VALUES (11, '1960-05-27', 539, 654, 854, 705, 812, 148, 425);
INSERT INTO public.deliveris VALUES (12, '1955-10-19', 459, 658, 563, 277, 920, 798, 186);
INSERT INTO public.deliveris VALUES (13, '1983-08-03', 686, 313, 106, 768, 889, 505, 819);
INSERT INTO public.deliveris VALUES (14, '1998-11-08', 312, 380, 266, 402, 899, 426, 916);
INSERT INTO public.deliveris VALUES (15, '1999-11-26', 580, 434, 131, 523, 150, 825, 830);
INSERT INTO public.deliveris VALUES (16, '1963-02-27', 641, 415, 114, 425, 769, 1357, 992);
INSERT INTO public.deliveris VALUES (17, '1958-09-13', 572, 689, 695, 63, 213, 1346, 547);
INSERT INTO public.deliveris VALUES (18, '1960-02-06', 821, 379, 19, 967, 746, 1657, 457);
INSERT INTO public.deliveris VALUES (19, '1971-08-27', 725, 759, 875, 967, 829, 274, 267);
INSERT INTO public.deliveris VALUES (20, '1999-09-28', 116, 334, 40, 405, 327, 558, 848);
INSERT INTO public.deliveris VALUES (21, '1957-05-25', 848, 736, 394, 629, 434, 123, 641);
INSERT INTO public.deliveris VALUES (22, '1970-06-11', 210, 777, 900, 36, 137, 59, 312);
INSERT INTO public.deliveris VALUES (23, '1994-03-26', 659, 385, 528, 154, 763, 905, 320);
INSERT INTO public.deliveris VALUES (24, '1974-08-01', 727, 509, 473, 261, 883, 290, 415);
INSERT INTO public.deliveris VALUES (25, '1999-03-02', 811, 719, 602, 641, 261, 1243, 144);
INSERT INTO public.deliveris VALUES (26, '1993-01-15', 793, 944, 63, 919, 988, 952, 176);
INSERT INTO public.deliveris VALUES (27, '1983-09-20', 798, 650, 80, 260, 281, 962, 619);
INSERT INTO public.deliveris VALUES (28, '1959-11-28', 916, 661, 676, 944, 449, 928, 825);
INSERT INTO public.deliveris VALUES (29, '2000-10-08', 363, 460, 98, 632, 708, 1078, 83);
INSERT INTO public.deliveris VALUES (30, '1970-04-07', 725, 84, 263, 538, 165, 1478, 566);
INSERT INTO public.deliveris VALUES (31, '2000-04-03', 146, 629, 74, 643, 158, 1580, 445);
INSERT INTO public.deliveris VALUES (32, '1970-09-01', 369, 802, 192, 700, 878, 249, 427);
INSERT INTO public.deliveris VALUES (33, '1994-11-28', 349, 537, 729, 786, 692, 1818, 698);
INSERT INTO public.deliveris VALUES (34, '1973-05-29', 279, 94, 351, 528, 933, 564, 609);
INSERT INTO public.deliveris VALUES (35, '1965-03-26', 709, 518, 106, 775, 249, 85, 699);
INSERT INTO public.deliveris VALUES (36, '1986-04-20', 467, 197, 560, 271, 405, 1801, 479);
INSERT INTO public.deliveris VALUES (37, '1969-03-11', 184, 15, 579, 263, 163, 394, 177);
INSERT INTO public.deliveris VALUES (38, '1989-10-23', 148, 701, 872, 305, 719, 538, 906);
INSERT INTO public.deliveris VALUES (39, '1986-02-14', 376, 276, 63, 175, 284, 533, 826);
INSERT INTO public.deliveris VALUES (40, '1978-07-15', 727, 719, 279, 35, 305, 777, 639);
INSERT INTO public.deliveris VALUES (41, '1985-08-20', 407, 755, 621, 487, 493, 939, 928);
INSERT INTO public.deliveris VALUES (42, '1963-07-13', 591, 189, 628, 573, 55, 389, 576);
INSERT INTO public.deliveris VALUES (43, '1961-07-26', 121, 718, 932, 26, 458, 1295, 500);
INSERT INTO public.deliveris VALUES (44, '1961-02-08', 516, 361, 776, 595, 878, 495, 12);
INSERT INTO public.deliveris VALUES (45, '1987-01-28', 633, 192, 687, 114, 945, 1555, 946);
INSERT INTO public.deliveris VALUES (46, '1959-04-12', 351, 223, 701, 281, 563, 1442, 246);
INSERT INTO public.deliveris VALUES (47, '1975-04-11', 772, 100, 29, 661, 86, 1788, 366);
INSERT INTO public.deliveris VALUES (48, '1968-07-26', 712, 576, 377, 418, 812, 547, 290);
INSERT INTO public.deliveris VALUES (49, '1976-11-15', 702, 200, 801, 530, 209, 1745, 693);
INSERT INTO public.deliveris VALUES (50, '1975-11-14', 770, 631, 109, 280, 960, 215, 826);
INSERT INTO public.deliveris VALUES (51, '1972-05-15', 485, 652, 823, 379, 375, 1013, 153);
INSERT INTO public.deliveris VALUES (52, '1960-05-27', 336, 286, 148, 260, 852, 404, 660);
INSERT INTO public.deliveris VALUES (53, '1990-06-12', 438, 49, 86, 469, 897, 356, 336);
INSERT INTO public.deliveris VALUES (55, '1962-06-22', 881, 80, 927, 774, 593, 327, 708);
INSERT INTO public.deliveris VALUES (56, '1986-04-04', 506, 145, 57, 963, 722, 753, 707);
INSERT INTO public.deliveris VALUES (57, '1984-02-11', 263, 7, 133, 953, 435, 807, 47);
INSERT INTO public.deliveris VALUES (58, '1964-06-14', 889, 113, 577, 422, 935, 375, 720);
INSERT INTO public.deliveris VALUES (59, '1963-10-15', 239, 202, 845, 263, 564, 1669, 633);
INSERT INTO public.deliveris VALUES (60, '1966-05-13', 882, 376, 21, 684, 291, 1736, 321);
INSERT INTO public.deliveris VALUES (61, '1961-01-20', 435, 812, 870, 636, 278, 1260, 325);
INSERT INTO public.deliveris VALUES (62, '1957-11-24', 130, 423, 288, 969, 5, 1443, 185);
INSERT INTO public.deliveris VALUES (63, '1978-11-04', 733, 954, 383, 792, 774, 1412, 731);
INSERT INTO public.deliveris VALUES (64, '1962-07-28', 233, 593, 612, 953, 210, 440, 225);
INSERT INTO public.deliveris VALUES (65, '1992-03-28', 338, 414, 347, 183, 181, 1669, 348);
INSERT INTO public.deliveris VALUES (66, '1960-02-23', 299, 780, 960, 20, 869, 22, 197);
INSERT INTO public.deliveris VALUES (67, '1993-11-26', 33, 189, 588, 218, 578, 1806, 96);
INSERT INTO public.deliveris VALUES (68, '1957-08-27', 442, 185, 731, 880, 208, 344, 985);
INSERT INTO public.deliveris VALUES (69, '1973-06-06', 738, 97, 635, 431, 472, 133, 164);
INSERT INTO public.deliveris VALUES (70, '1956-07-19', 936, 752, 952, 379, 606, 1260, 214);
INSERT INTO public.deliveris VALUES (71, '1971-03-06', 504, 164, 888, 1, 17, 1267, 523);
INSERT INTO public.deliveris VALUES (72, '1982-04-13', 221, 616, 550, 22, 897, 1422, 46);
INSERT INTO public.deliveris VALUES (73, '1969-10-21', 279, 479, 556, 681, 476, 589, 455);
INSERT INTO public.deliveris VALUES (74, '1963-05-18', 581, 986, 830, 579, 487, 1517, 655);
INSERT INTO public.deliveris VALUES (75, '1989-06-23', 985, 769, 634, 24, 625, 1747, 714);
INSERT INTO public.deliveris VALUES (76, '1968-06-29', 544, 629, 850, 176, 939, 1733, 301);
INSERT INTO public.deliveris VALUES (77, '1964-04-03', 445, 671, 119, 594, 193, 310, 45);
INSERT INTO public.deliveris VALUES (78, '1962-08-16', 82, 966, 410, 36, 85, 472, 690);
INSERT INTO public.deliveris VALUES (79, '1991-11-25', 654, 145, 718, 729, 157, 855, 354);
INSERT INTO public.deliveris VALUES (80, '1962-05-20', 299, 817, 657, 808, 814, 983, 723);
INSERT INTO public.deliveris VALUES (81, '1967-10-14', 192, 999, 214, 405, 418, 869, 890);
INSERT INTO public.deliveris VALUES (82, '1969-06-21', 43, 818, 179, 443, 161, 1698, 940);
INSERT INTO public.deliveris VALUES (83, '1955-11-19', 724, 783, 176, 899, 855, 570, 46);
INSERT INTO public.deliveris VALUES (84, '1955-01-07', 332, 617, 322, 966, 962, 1472, 946);
INSERT INTO public.deliveris VALUES (85, '1984-11-20', 30, 59, 435, 700, 733, 376, 265);
INSERT INTO public.deliveris VALUES (86, '1961-01-13', 4, 796, 613, 247, 514, 588, 226);
INSERT INTO public.deliveris VALUES (87, '1968-08-04', 114, 976, 346, 33, 573, 1779, 562);
INSERT INTO public.deliveris VALUES (88, '1998-10-16', 756, 357, 414, 110, 245, 1457, 667);
INSERT INTO public.deliveris VALUES (89, '1972-09-09', 827, 168, 957, 923, 367, 611, 641);
INSERT INTO public.deliveris VALUES (90, '1988-05-04', 121, 300, 704, 370, 360, 1965, 41);
INSERT INTO public.deliveris VALUES (91, '1974-10-24', 461, 650, 221, 652, 351, 1469, 734);
INSERT INTO public.deliveris VALUES (92, '1987-08-10', 484, 476, 32, 893, 955, 670, 786);
INSERT INTO public.deliveris VALUES (93, '1974-11-27', 768, 842, 41, 20, 554, 1755, 564);
INSERT INTO public.deliveris VALUES (94, '1987-08-18', 970, 791, 212, 48, 986, 1088, 370);
INSERT INTO public.deliveris VALUES (95, '1959-11-16', 634, 520, 301, 359, 898, 1999, 161);
INSERT INTO public.deliveris VALUES (96, '1972-01-06', 397, 139, 400, 517, 893, 974, 969);
INSERT INTO public.deliveris VALUES (97, '1960-09-11', 313, 980, 717, 722, 823, 140, 250);
INSERT INTO public.deliveris VALUES (98, '1989-05-24', 749, 469, 511, 79, 45, 1943, 298);
INSERT INTO public.deliveris VALUES (99, '1981-01-07', 179, 390, 925, 36, 488, 614, 629);
INSERT INTO public.deliveris VALUES (100, '1970-03-24', 301, 525, 952, 252, 191, 255, 82);
INSERT INTO public.deliveris VALUES (101, '1997-06-22', 372, 165, 750, 984, 774, 338, 174);
INSERT INTO public.deliveris VALUES (102, '1992-05-05', 175, 144, 359, 897, 8, 1172, 661);
INSERT INTO public.deliveris VALUES (103, '1999-07-15', 182, 633, 739, 598, 709, 1888, 498);
INSERT INTO public.deliveris VALUES (104, '1995-09-12', 824, 202, 896, 328, 843, 1549, 944);
INSERT INTO public.deliveris VALUES (105, '1956-07-18', 760, 878, 787, 728, 95, 214, 16);
INSERT INTO public.deliveris VALUES (106, '1990-10-20', 195, 707, 608, 893, 159, 980, 371);
INSERT INTO public.deliveris VALUES (107, '1991-08-01', 390, 787, 445, 613, 48, 915, 815);
INSERT INTO public.deliveris VALUES (108, '1982-08-08', 711, 649, 346, 513, 543, 833, 162);
INSERT INTO public.deliveris VALUES (109, '1985-02-04', 12, 192, 428, 164, 429, 1064, 470);
INSERT INTO public.deliveris VALUES (110, '1970-11-07', 43, 550, 873, 89, 175, 684, 966);
INSERT INTO public.deliveris VALUES (111, '1989-04-28', 11, 311, 733, 72, 507, 1152, 773);
INSERT INTO public.deliveris VALUES (112, '1957-07-26', 460, 581, 859, 130, 631, 1907, 21);
INSERT INTO public.deliveris VALUES (113, '1960-01-22', 134, 967, 73, 470, 596, 506, 888);
INSERT INTO public.deliveris VALUES (114, '1985-10-03', 769, 990, 755, 585, 960, 1098, 995);
INSERT INTO public.deliveris VALUES (115, '1968-11-09', 714, 148, 964, 471, 604, 233, 607);
INSERT INTO public.deliveris VALUES (116, '1991-01-18', 959, 452, 213, 595, 125, 1298, 188);
INSERT INTO public.deliveris VALUES (117, '1976-03-17', 817, 524, 721, 142, 965, 212, 558);
INSERT INTO public.deliveris VALUES (118, '1977-06-10', 603, 320, 429, 14, 249, 973, 309);
INSERT INTO public.deliveris VALUES (119, '1974-08-13', 754, 529, 575, 590, 921, 705, 173);
INSERT INTO public.deliveris VALUES (120, '1995-06-20', 368, 202, 930, 4, 585, 1978, 30);
INSERT INTO public.deliveris VALUES (121, '1971-08-16', 391, 130, 460, 138, 818, 214, 749);
INSERT INTO public.deliveris VALUES (122, '1975-05-28', 680, 492, 898, 243, 804, 841, 441);
INSERT INTO public.deliveris VALUES (123, '2000-05-20', 666, 516, 228, 657, 46, 1880, 772);
INSERT INTO public.deliveris VALUES (124, '1989-08-04', 864, 704, 456, 363, 151, 900, 611);
INSERT INTO public.deliveris VALUES (125, '1994-03-19', 316, 111, 369, 804, 915, 1035, 688);
INSERT INTO public.deliveris VALUES (126, '1972-09-14', 148, 726, 582, 640, 56, 423, 925);
INSERT INTO public.deliveris VALUES (127, '1954-01-16', 847, 584, 651, 734, 367, 379, 766);
INSERT INTO public.deliveris VALUES (128, '1956-01-01', 7, 995, 644, 488, 168, 802, 693);
INSERT INTO public.deliveris VALUES (129, '1979-10-13', 154, 604, 938, 661, 53, 1366, 162);
INSERT INTO public.deliveris VALUES (130, '1971-07-07', 349, 711, 114, 705, 892, 1431, 399);
INSERT INTO public.deliveris VALUES (131, '1963-06-25', 873, 944, 495, 476, 975, 1548, 42);
INSERT INTO public.deliveris VALUES (132, '1994-07-05', 63, 701, 906, 570, 683, 490, 621);
INSERT INTO public.deliveris VALUES (133, '1968-11-05', 717, 561, 623, 97, 858, 273, 170);
INSERT INTO public.deliveris VALUES (134, '1957-06-17', 749, 535, 537, 182, 479, 242, 539);
INSERT INTO public.deliveris VALUES (135, '1964-10-27', 331, 669, 682, 527, 637, 938, 914);
INSERT INTO public.deliveris VALUES (136, '1979-04-18', 878, 435, 94, 238, 427, 855, 65);
INSERT INTO public.deliveris VALUES (137, '1988-03-22', 591, 216, 957, 635, 705, 203, 549);
INSERT INTO public.deliveris VALUES (138, '1970-08-16', 185, 941, 499, 21, 482, 470, 489);
INSERT INTO public.deliveris VALUES (139, '1978-01-25', 638, 94, 218, 711, 26, 1348, 973);
INSERT INTO public.deliveris VALUES (140, '1990-10-06', 761, 913, 890, 753, 816, 1497, 197);
INSERT INTO public.deliveris VALUES (141, '1975-03-06', 516, 734, 151, 233, 194, 805, 389);
INSERT INTO public.deliveris VALUES (142, '1985-07-16', 697, 762, 316, 496, 854, 786, 674);
INSERT INTO public.deliveris VALUES (143, '1992-11-09', 152, 924, 819, 396, 675, 1611, 674);
INSERT INTO public.deliveris VALUES (144, '1988-07-10', 471, 594, 590, 16, 777, 1320, 220);
INSERT INTO public.deliveris VALUES (145, '1978-01-18', 252, 634, 208, 192, 889, 1964, 280);
INSERT INTO public.deliveris VALUES (146, '1984-11-12', 777, 61, 276, 618, 147, 845, 117);
INSERT INTO public.deliveris VALUES (147, '1968-09-18', 872, 24, 354, 294, 904, 544, 799);
INSERT INTO public.deliveris VALUES (148, '1969-04-27', 411, 960, 872, 297, 16, 538, 702);
INSERT INTO public.deliveris VALUES (149, '1991-10-04', 869, 75, 787, 389, 392, 1883, 277);
INSERT INTO public.deliveris VALUES (150, '1973-11-07', 774, 288, 142, 880, 238, 606, 565);
INSERT INTO public.deliveris VALUES (151, '1962-08-01', 177, 350, 209, 790, 711, 1847, 941);
INSERT INTO public.deliveris VALUES (152, '1977-11-14', 865, 567, 750, 98, 162, 1486, 145);
INSERT INTO public.deliveris VALUES (153, '1974-09-26', 383, 450, 966, 242, 528, 1293, 896);
INSERT INTO public.deliveris VALUES (154, '1979-09-09', 635, 273, 804, 140, 91, 277, 738);
INSERT INTO public.deliveris VALUES (155, '1961-08-12', 29, 131, 37, 880, 29, 158, 315);
INSERT INTO public.deliveris VALUES (156, '1963-03-02', 735, 299, 130, 72, 934, 1269, 768);
INSERT INTO public.deliveris VALUES (157, '1973-08-14', 189, 238, 522, 215, 390, 52, 921);
INSERT INTO public.deliveris VALUES (158, '1966-11-18', 131, 349, 250, 604, 177, 618, 357);
INSERT INTO public.deliveris VALUES (159, '1981-06-29', 749, 243, 606, 54, 221, 237, 175);
INSERT INTO public.deliveris VALUES (160, '1956-10-22', 655, 651, 455, 419, 745, 1550, 167);
INSERT INTO public.deliveris VALUES (161, '1964-06-09', 665, 561, 916, 144, 459, 857, 974);
INSERT INTO public.deliveris VALUES (162, '1984-01-06', 68, 685, 829, 301, 426, 634, 246);
INSERT INTO public.deliveris VALUES (163, '1984-01-11', 773, 175, 524, 16, 852, 1533, 623);
INSERT INTO public.deliveris VALUES (164, '1981-06-20', 569, 698, 992, 165, 79, 1168, 529);
INSERT INTO public.deliveris VALUES (165, '1988-03-08', 814, 514, 268, 611, 187, 921, 50);
INSERT INTO public.deliveris VALUES (166, '1979-04-21', 326, 279, 204, 627, 134, 431, 953);
INSERT INTO public.deliveris VALUES (167, '1967-01-03', 976, 554, 759, 323, 939, 1827, 551);
INSERT INTO public.deliveris VALUES (168, '1993-04-01', 518, 391, 278, 861, 752, 1049, 347);
INSERT INTO public.deliveris VALUES (169, '1987-09-17', 110, 254, 216, 599, 875, 605, 327);
INSERT INTO public.deliveris VALUES (170, '1976-10-26', 925, 104, 243, 728, 187, 1443, 521);
INSERT INTO public.deliveris VALUES (171, '1992-05-12', 519, 445, 781, 517, 705, 951, 983);
INSERT INTO public.deliveris VALUES (172, '1976-01-16', 443, 845, 643, 931, 589, 1042, 716);
INSERT INTO public.deliveris VALUES (173, '1974-04-18', 741, 789, 728, 487, 397, 1456, 266);
INSERT INTO public.deliveris VALUES (174, '1998-07-02', 920, 145, 902, 151, 8, 1865, 337);
INSERT INTO public.deliveris VALUES (175, '1962-09-26', 415, 946, 350, 366, 124, 1882, 546);
INSERT INTO public.deliveris VALUES (176, '1977-08-19', 432, 625, 206, 478, 931, 1864, 767);
INSERT INTO public.deliveris VALUES (177, '1991-10-25', 667, 390, 311, 119, 972, 1204, 542);
INSERT INTO public.deliveris VALUES (178, '1959-10-25', 190, 101, 647, 799, 950, 1134, 171);
INSERT INTO public.deliveris VALUES (179, '1969-04-16', 290, 813, 961, 891, 180, 802, 779);
INSERT INTO public.deliveris VALUES (180, '1986-01-17', 33, 275, 466, 882, 130, 558, 333);
INSERT INTO public.deliveris VALUES (181, '1984-11-05', 389, 176, 269, 4, 555, 1765, 706);
INSERT INTO public.deliveris VALUES (182, '1958-06-12', 314, 883, 204, 403, 962, 427, 586);
INSERT INTO public.deliveris VALUES (183, '1985-05-29', 509, 942, 427, 834, 867, 553, 539);
INSERT INTO public.deliveris VALUES (184, '1976-09-20', 109, 840, 782, 302, 238, 1526, 786);
INSERT INTO public.deliveris VALUES (185, '1978-01-29', 255, 628, 655, 521, 920, 1140, 201);
INSERT INTO public.deliveris VALUES (186, '1980-01-08', 268, 911, 773, 604, 300, 365, 780);
INSERT INTO public.deliveris VALUES (187, '1972-09-28', 562, 961, 520, 130, 220, 738, 818);
INSERT INTO public.deliveris VALUES (188, '1963-07-03', 986, 874, 859, 466, 599, 1419, 28);
INSERT INTO public.deliveris VALUES (189, '1981-06-06', 820, 155, 325, 609, 525, 703, 943);
INSERT INTO public.deliveris VALUES (190, '1957-06-24', 156, 79, 344, 938, 310, 1128, 492);
INSERT INTO public.deliveris VALUES (191, '1991-07-24', 303, 455, 702, 849, 883, 878, 620);
INSERT INTO public.deliveris VALUES (192, '1965-03-26', 757, 846, 800, 217, 795, 1641, 368);
INSERT INTO public.deliveris VALUES (193, '1980-11-01', 904, 801, 539, 132, 852, 598, 908);
INSERT INTO public.deliveris VALUES (194, '1978-11-17', 818, 448, 962, 460, 501, 628, 961);
INSERT INTO public.deliveris VALUES (195, '1984-09-27', 96, 758, 607, 446, 913, 1891, 370);
INSERT INTO public.deliveris VALUES (196, '1979-08-11', 24, 132, 529, 462, 732, 802, 776);
INSERT INTO public.deliveris VALUES (197, '1976-10-12', 508, 265, 998, 114, 826, 1549, 447);
INSERT INTO public.deliveris VALUES (198, '1982-05-05', 762, 537, 864, 296, 895, 1732, 817);
INSERT INTO public.deliveris VALUES (199, '1954-02-14', 117, 115, 194, 194, 195, 1977, 704);
INSERT INTO public.deliveris VALUES (200, '1975-01-26', 945, 484, 845, 962, 123, 207, 216);
INSERT INTO public.deliveris VALUES (201, '1966-06-20', 630, 454, 843, 417, 87, 1320, 279);
INSERT INTO public.deliveris VALUES (202, '1967-08-26', 592, 281, 278, 806, 262, 979, 485);
INSERT INTO public.deliveris VALUES (203, '2000-11-11', 470, 366, 973, 974, 586, 1401, 424);
INSERT INTO public.deliveris VALUES (204, '1985-06-06', 397, 507, 422, 701, 779, 1283, 928);
INSERT INTO public.deliveris VALUES (205, '1983-11-08', 522, 669, 370, 815, 116, 1751, 777);
INSERT INTO public.deliveris VALUES (206, '1966-10-25', 712, 894, 671, 110, 501, 285, 109);
INSERT INTO public.deliveris VALUES (207, '1974-03-04', 304, 497, 698, 590, 942, 614, 903);
INSERT INTO public.deliveris VALUES (208, '1964-07-27', 152, 726, 362, 190, 157, 72, 792);
INSERT INTO public.deliveris VALUES (209, '1975-04-02', 342, 313, 651, 243, 91, 214, 756);
INSERT INTO public.deliveris VALUES (210, '1992-08-19', 718, 467, 517, 272, 681, 1031, 510);
INSERT INTO public.deliveris VALUES (211, '2000-07-25', 41, 261, 675, 260, 19, 422, 222);
INSERT INTO public.deliveris VALUES (212, '1978-06-13', 156, 474, 479, 505, 796, 1023, 895);
INSERT INTO public.deliveris VALUES (213, '1957-11-07', 519, 943, 559, 720, 498, 436, 651);
INSERT INTO public.deliveris VALUES (214, '1990-02-10', 469, 424, 810, 276, 26, 568, 306);
INSERT INTO public.deliveris VALUES (215, '1956-03-22', 826, 569, 346, 8, 468, 233, 182);
INSERT INTO public.deliveris VALUES (216, '1964-02-28', 483, 890, 407, 414, 424, 156, 551);
INSERT INTO public.deliveris VALUES (217, '1957-04-22', 551, 389, 431, 970, 952, 1364, 255);
INSERT INTO public.deliveris VALUES (218, '1977-11-18', 670, 987, 165, 361, 184, 1770, 408);
INSERT INTO public.deliveris VALUES (219, '1979-09-14', 147, 87, 371, 489, 461, 121, 443);
INSERT INTO public.deliveris VALUES (220, '1998-05-05', 147, 555, 894, 521, 965, 411, 475);
INSERT INTO public.deliveris VALUES (221, '1955-02-09', 15, 647, 544, 718, 225, 936, 970);
INSERT INTO public.deliveris VALUES (222, '1964-10-13', 814, 388, 826, 957, 936, 437, 511);
INSERT INTO public.deliveris VALUES (223, '1980-01-07', 208, 350, 450, 747, 677, 951, 241);
INSERT INTO public.deliveris VALUES (224, '1968-08-03', 654, 117, 134, 217, 598, 481, 417);
INSERT INTO public.deliveris VALUES (225, '1961-01-24', 381, 399, 319, 708, 12, 328, 961);
INSERT INTO public.deliveris VALUES (226, '1959-03-03', 372, 193, 219, 132, 265, 1778, 217);
INSERT INTO public.deliveris VALUES (227, '1980-06-24', 153, 324, 212, 448, 460, 276, 450);
INSERT INTO public.deliveris VALUES (228, '1996-04-06', 981, 69, 387, 277, 187, 1831, 188);
INSERT INTO public.deliveris VALUES (229, '1976-10-03', 205, 828, 210, 839, 785, 931, 550);
INSERT INTO public.deliveris VALUES (230, '1964-04-20', 499, 450, 205, 188, 81, 1392, 189);
INSERT INTO public.deliveris VALUES (231, '1958-04-09', 660, 905, 897, 401, 362, 667, 76);
INSERT INTO public.deliveris VALUES (232, '1973-06-06', 717, 990, 100, 589, 358, 870, 882);
INSERT INTO public.deliveris VALUES (233, '1965-07-02', 989, 346, 57, 122, 982, 1986, 67);
INSERT INTO public.deliveris VALUES (234, '1957-04-11', 917, 921, 752, 361, 30, 1446, 744);
INSERT INTO public.deliveris VALUES (235, '1958-07-23', 350, 920, 645, 309, 214, 1177, 743);
INSERT INTO public.deliveris VALUES (236, '1961-04-25', 502, 510, 650, 62, 480, 877, 368);
INSERT INTO public.deliveris VALUES (237, '1962-11-07', 642, 944, 52, 646, 771, 1507, 921);
INSERT INTO public.deliveris VALUES (238, '1966-10-22', 422, 751, 533, 433, 429, 807, 986);
INSERT INTO public.deliveris VALUES (239, '1981-04-02', 166, 778, 253, 691, 930, 352, 899);
INSERT INTO public.deliveris VALUES (240, '1973-03-05', 115, 754, 809, 699, 756, 860, 496);
INSERT INTO public.deliveris VALUES (241, '1963-08-23', 13, 140, 180, 647, 26, 290, 771);
INSERT INTO public.deliveris VALUES (242, '1992-08-19', 406, 980, 62, 80, 785, 941, 366);
INSERT INTO public.deliveris VALUES (243, '1954-01-08', 739, 411, 266, 580, 79, 579, 43);
INSERT INTO public.deliveris VALUES (244, '1990-05-13', 678, 800, 119, 823, 977, 1672, 507);
INSERT INTO public.deliveris VALUES (245, '1995-09-24', 988, 966, 386, 788, 313, 35, 993);
INSERT INTO public.deliveris VALUES (246, '1977-01-04', 43, 211, 531, 129, 135, 892, 737);
INSERT INTO public.deliveris VALUES (247, '1981-02-20', 846, 944, 590, 146, 198, 389, 468);
INSERT INTO public.deliveris VALUES (248, '1963-04-12', 15, 222, 597, 849, 982, 1302, 377);
INSERT INTO public.deliveris VALUES (249, '1954-01-20', 818, 598, 134, 9, 505, 1489, 223);
INSERT INTO public.deliveris VALUES (250, '1965-08-22', 139, 967, 92, 442, 47, 1310, 277);
INSERT INTO public.deliveris VALUES (251, '1979-01-28', 809, 107, 864, 478, 297, 1439, 98);
INSERT INTO public.deliveris VALUES (252, '1965-07-01', 355, 696, 453, 250, 2, 1820, 892);
INSERT INTO public.deliveris VALUES (253, '1963-11-21', 619, 262, 854, 292, 683, 385, 419);
INSERT INTO public.deliveris VALUES (254, '1988-08-27', 591, 276, 707, 183, 962, 1990, 716);
INSERT INTO public.deliveris VALUES (255, '1956-06-09', 442, 230, 220, 601, 800, 1457, 769);
INSERT INTO public.deliveris VALUES (256, '1975-01-12', 327, 210, 945, 870, 511, 109, 725);
INSERT INTO public.deliveris VALUES (257, '1998-09-11', 797, 846, 105, 525, 267, 1073, 752);
INSERT INTO public.deliveris VALUES (258, '1991-02-01', 423, 291, 484, 357, 68, 1405, 655);
INSERT INTO public.deliveris VALUES (259, '1963-05-19', 143, 948, 631, 900, 109, 1143, 54);
INSERT INTO public.deliveris VALUES (260, '1964-02-04', 418, 432, 641, 272, 983, 360, 202);
INSERT INTO public.deliveris VALUES (261, '2000-02-16', 914, 442, 454, 360, 857, 1766, 275);
INSERT INTO public.deliveris VALUES (262, '2000-03-05', 152, 677, 375, 610, 331, 1653, 85);
INSERT INTO public.deliveris VALUES (263, '1970-10-07', 117, 891, 225, 224, 675, 774, 809);
INSERT INTO public.deliveris VALUES (264, '1999-08-20', 685, 969, 627, 194, 796, 1581, 34);
INSERT INTO public.deliveris VALUES (265, '1975-01-08', 940, 455, 496, 82, 292, 336, 133);
INSERT INTO public.deliveris VALUES (266, '1962-01-19', 580, 100, 216, 496, 571, 683, 193);
INSERT INTO public.deliveris VALUES (267, '1988-04-04', 163, 648, 952, 58, 780, 1112, 28);
INSERT INTO public.deliveris VALUES (268, '1976-09-22', 476, 473, 149, 610, 10, 628, 517);
INSERT INTO public.deliveris VALUES (269, '1990-09-27', 679, 320, 628, 987, 485, 717, 364);
INSERT INTO public.deliveris VALUES (270, '1954-08-26', 69, 967, 48, 441, 280, 613, 274);
INSERT INTO public.deliveris VALUES (271, '1992-02-07', 756, 48, 200, 695, 922, 1625, 148);
INSERT INTO public.deliveris VALUES (272, '1959-05-06', 426, 66, 625, 431, 131, 1651, 49);
INSERT INTO public.deliveris VALUES (273, '1981-11-10', 958, 395, 258, 408, 497, 796, 615);
INSERT INTO public.deliveris VALUES (274, '1955-04-08', 193, 652, 458, 809, 138, 725, 250);
INSERT INTO public.deliveris VALUES (275, '1972-08-08', 590, 139, 60, 943, 343, 1387, 638);
INSERT INTO public.deliveris VALUES (276, '1977-08-14', 686, 579, 853, 778, 563, 1245, 454);
INSERT INTO public.deliveris VALUES (277, '1970-04-09', 204, 936, 121, 839, 793, 412, 204);
INSERT INTO public.deliveris VALUES (278, '1970-06-05', 727, 601, 827, 801, 642, 1039, 14);
INSERT INTO public.deliveris VALUES (279, '1987-10-08', 211, 491, 125, 584, 135, 1206, 817);
INSERT INTO public.deliveris VALUES (280, '1987-07-02', 670, 878, 356, 495, 219, 246, 913);
INSERT INTO public.deliveris VALUES (281, '1979-07-21', 426, 259, 832, 424, 574, 1326, 169);
INSERT INTO public.deliveris VALUES (282, '1963-06-01', 886, 208, 413, 543, 46, 1895, 939);
INSERT INTO public.deliveris VALUES (283, '1996-08-20', 537, 808, 74, 139, 391, 1376, 294);
INSERT INTO public.deliveris VALUES (284, '1980-10-03', 489, 835, 261, 512, 460, 827, 775);
INSERT INTO public.deliveris VALUES (285, '1975-07-21', 177, 448, 359, 347, 437, 173, 679);
INSERT INTO public.deliveris VALUES (286, '1965-03-14', 284, 729, 499, 241, 901, 1978, 347);
INSERT INTO public.deliveris VALUES (287, '1972-10-29', 293, 912, 4, 231, 567, 975, 431);
INSERT INTO public.deliveris VALUES (288, '1991-11-06', 536, 688, 501, 485, 417, 528, 983);
INSERT INTO public.deliveris VALUES (289, '1998-10-25', 613, 407, 972, 259, 548, 813, 324);
INSERT INTO public.deliveris VALUES (290, '1970-05-05', 652, 536, 202, 100, 946, 1917, 768);
INSERT INTO public.deliveris VALUES (291, '1954-10-05', 881, 238, 160, 597, 659, 108, 172);
INSERT INTO public.deliveris VALUES (292, '1979-03-20', 307, 88, 220, 21, 527, 1140, 955);
INSERT INTO public.deliveris VALUES (293, '1997-09-22', 744, 549, 551, 791, 856, 110, 332);
INSERT INTO public.deliveris VALUES (294, '1980-02-04', 32, 873, 837, 213, 584, 894, 341);
INSERT INTO public.deliveris VALUES (295, '1983-05-14', 517, 151, 426, 507, 991, 1108, 494);
INSERT INTO public.deliveris VALUES (296, '1983-06-03', 310, 669, 527, 873, 22, 119, 58);
INSERT INTO public.deliveris VALUES (297, '1963-09-23', 902, 583, 872, 271, 125, 1633, 345);
INSERT INTO public.deliveris VALUES (298, '1960-02-01', 19, 373, 139, 907, 746, 1419, 652);
INSERT INTO public.deliveris VALUES (299, '1974-06-23', 705, 410, 490, 481, 604, 1891, 519);
INSERT INTO public.deliveris VALUES (300, '1983-11-09', 187, 775, 92, 45, 499, 1389, 319);
INSERT INTO public.deliveris VALUES (301, '1968-01-23', 943, 444, 514, 530, 843, 274, 678);
INSERT INTO public.deliveris VALUES (302, '1988-03-23', 975, 924, 385, 772, 244, 911, 449);
INSERT INTO public.deliveris VALUES (303, '1987-01-13', 636, 579, 72, 209, 457, 1458, 394);
INSERT INTO public.deliveris VALUES (304, '1968-04-16', 551, 740, 543, 380, 919, 464, 712);
INSERT INTO public.deliveris VALUES (305, '1955-09-09', 728, 367, 58, 293, 841, 1332, 720);
INSERT INTO public.deliveris VALUES (306, '1962-03-17', 832, 775, 175, 419, 596, 758, 674);
INSERT INTO public.deliveris VALUES (307, '1961-02-04', 519, 351, 974, 910, 674, 1883, 192);
INSERT INTO public.deliveris VALUES (308, '1963-01-29', 367, 372, 191, 931, 635, 1789, 287);
INSERT INTO public.deliveris VALUES (309, '1981-08-16', 779, 683, 62, 639, 900, 928, 48);
INSERT INTO public.deliveris VALUES (310, '1970-05-20', 361, 609, 783, 784, 611, 1571, 761);
INSERT INTO public.deliveris VALUES (311, '1983-05-14', 529, 469, 631, 429, 819, 77, 200);
INSERT INTO public.deliveris VALUES (312, '1989-02-21', 389, 718, 861, 399, 718, 1256, 410);
INSERT INTO public.deliveris VALUES (313, '1965-02-05', 555, 974, 812, 508, 511, 169, 938);
INSERT INTO public.deliveris VALUES (314, '1984-05-29', 589, 391, 461, 925, 972, 1341, 224);
INSERT INTO public.deliveris VALUES (315, '1988-11-17', 291, 525, 75, 55, 143, 1783, 204);
INSERT INTO public.deliveris VALUES (316, '1996-10-26', 631, 589, 943, 75, 685, 374, 237);
INSERT INTO public.deliveris VALUES (317, '1971-10-16', 854, 619, 659, 736, 113, 233, 207);
INSERT INTO public.deliveris VALUES (318, '1980-01-01', 147, 191, 86, 210, 193, 283, 218);
INSERT INTO public.deliveris VALUES (319, '1968-01-21', 539, 197, 935, 636, 921, 1291, 96);
INSERT INTO public.deliveris VALUES (320, '1971-07-13', 756, 568, 116, 127, 210, 1123, 174);
INSERT INTO public.deliveris VALUES (321, '1985-08-02', 423, 431, 81, 820, 442, 655, 469);
INSERT INTO public.deliveris VALUES (322, '1958-06-10', 277, 268, 974, 59, 641, 1812, 894);
INSERT INTO public.deliveris VALUES (323, '1975-08-19', 965, 966, 96, 244, 747, 515, 775);
INSERT INTO public.deliveris VALUES (324, '1996-09-12', 936, 591, 642, 881, 73, 426, 151);
INSERT INTO public.deliveris VALUES (325, '1985-03-21', 143, 888, 18, 721, 324, 1515, 991);
INSERT INTO public.deliveris VALUES (326, '1962-09-29', 7, 436, 590, 743, 960, 1997, 176);
INSERT INTO public.deliveris VALUES (327, '1966-04-05', 342, 857, 281, 745, 712, 1247, 197);
INSERT INTO public.deliveris VALUES (328, '1996-05-26', 369, 389, 874, 716, 890, 1179, 345);
INSERT INTO public.deliveris VALUES (329, '1969-10-04', 65, 173, 105, 712, 666, 1416, 337);
INSERT INTO public.deliveris VALUES (330, '1986-01-11', 221, 379, 821, 100, 767, 1316, 794);
INSERT INTO public.deliveris VALUES (331, '1978-05-22', 929, 467, 263, 693, 890, 1558, 856);
INSERT INTO public.deliveris VALUES (332, '1992-10-19', 933, 132, 66, 123, 794, 1500, 227);
INSERT INTO public.deliveris VALUES (333, '1978-10-11', 222, 820, 814, 435, 372, 1016, 857);
INSERT INTO public.deliveris VALUES (334, '1956-05-05', 900, 413, 517, 120, 21, 511, 347);
INSERT INTO public.deliveris VALUES (335, '1962-07-06', 207, 298, 93, 395, 640, 474, 441);
INSERT INTO public.deliveris VALUES (336, '1957-02-14', 888, 896, 943, 835, 369, 1756, 818);
INSERT INTO public.deliveris VALUES (337, '1965-11-08', 994, 591, 319, 176, 147, 1155, 963);
INSERT INTO public.deliveris VALUES (338, '1971-11-10', 683, 812, 22, 714, 552, 1974, 477);
INSERT INTO public.deliveris VALUES (339, '1973-06-16', 60, 573, 154, 706, 383, 330, 926);
INSERT INTO public.deliveris VALUES (340, '1993-08-17', 644, 460, 735, 882, 176, 1435, 378);
INSERT INTO public.deliveris VALUES (341, '1967-11-01', 768, 910, 896, 865, 421, 28, 168);
INSERT INTO public.deliveris VALUES (342, '1993-02-03', 477, 815, 126, 388, 974, 1154, 588);
INSERT INTO public.deliveris VALUES (343, '1974-09-06', 374, 80, 97, 872, 527, 559, 958);
INSERT INTO public.deliveris VALUES (344, '1990-08-17', 410, 760, 488, 769, 906, 1647, 791);
INSERT INTO public.deliveris VALUES (345, '1971-01-13', 811, 910, 740, 790, 859, 1467, 59);
INSERT INTO public.deliveris VALUES (346, '1977-02-27', 55, 273, 681, 740, 586, 1577, 570);
INSERT INTO public.deliveris VALUES (347, '1980-02-09', 306, 704, 93, 173, 374, 833, 618);
INSERT INTO public.deliveris VALUES (348, '1961-01-12', 887, 474, 937, 889, 392, 1972, 434);
INSERT INTO public.deliveris VALUES (349, '1992-10-23', 243, 206, 998, 545, 36, 675, 439);
INSERT INTO public.deliveris VALUES (350, '1984-04-03', 868, 616, 991, 961, 559, 721, 786);
INSERT INTO public.deliveris VALUES (351, '1957-04-22', 761, 364, 996, 916, 344, 839, 844);
INSERT INTO public.deliveris VALUES (352, '1997-05-07', 312, 212, 891, 425, 678, 1933, 996);
INSERT INTO public.deliveris VALUES (353, '1985-05-09', 540, 933, 390, 897, 918, 1972, 296);
INSERT INTO public.deliveris VALUES (354, '1968-07-09', 748, 969, 422, 348, 705, 1584, 682);
INSERT INTO public.deliveris VALUES (355, '1985-05-28', 690, 80, 937, 300, 923, 947, 759);
INSERT INTO public.deliveris VALUES (356, '1955-11-11', 401, 875, 101, 674, 621, 797, 828);
INSERT INTO public.deliveris VALUES (357, '1970-06-28', 617, 780, 315, 89, 148, 1726, 29);
INSERT INTO public.deliveris VALUES (358, '1989-09-20', 510, 688, 922, 930, 368, 473, 776);
INSERT INTO public.deliveris VALUES (359, '1954-09-09', 69, 420, 18, 155, 109, 1372, 453);
INSERT INTO public.deliveris VALUES (360, '1972-06-28', 867, 9, 531, 561, 534, 1753, 233);
INSERT INTO public.deliveris VALUES (361, '1975-09-05', 583, 753, 678, 169, 338, 120, 282);
INSERT INTO public.deliveris VALUES (362, '1980-02-16', 312, 605, 948, 787, 578, 1412, 478);
INSERT INTO public.deliveris VALUES (363, '1999-04-23', 273, 199, 694, 916, 757, 1799, 117);
INSERT INTO public.deliveris VALUES (364, '1968-09-25', 989, 242, 755, 136, 574, 322, 34);
INSERT INTO public.deliveris VALUES (365, '1961-08-29', 112, 393, 812, 158, 703, 755, 48);
INSERT INTO public.deliveris VALUES (366, '1962-02-22', 841, 94, 834, 270, 974, 1886, 876);
INSERT INTO public.deliveris VALUES (367, '1999-04-11', 472, 565, 229, 255, 765, 614, 858);
INSERT INTO public.deliveris VALUES (368, '1964-03-04', 93, 715, 347, 637, 974, 1211, 552);
INSERT INTO public.deliveris VALUES (369, '1958-11-02', 99, 598, 988, 107, 407, 1930, 718);
INSERT INTO public.deliveris VALUES (370, '1962-05-06', 286, 961, 35, 263, 317, 674, 70);
INSERT INTO public.deliveris VALUES (371, '1970-10-23', 600, 496, 843, 50, 673, 1982, 733);
INSERT INTO public.deliveris VALUES (372, '1966-07-15', 748, 744, 569, 16, 554, 1561, 797);
INSERT INTO public.deliveris VALUES (373, '1990-04-24', 51, 114, 159, 193, 975, 1191, 374);
INSERT INTO public.deliveris VALUES (374, '1994-10-18', 722, 767, 669, 735, 6, 1666, 92);
INSERT INTO public.deliveris VALUES (375, '1954-08-09', 134, 963, 167, 761, 452, 334, 521);
INSERT INTO public.deliveris VALUES (376, '1995-02-28', 126, 809, 875, 764, 538, 1272, 108);
INSERT INTO public.deliveris VALUES (377, '1966-10-27', 960, 162, 840, 239, 648, 1222, 180);
INSERT INTO public.deliveris VALUES (378, '1993-02-04', 184, 886, 37, 445, 326, 1695, 969);
INSERT INTO public.deliveris VALUES (379, '1955-05-18', 852, 966, 63, 725, 153, 1938, 538);
INSERT INTO public.deliveris VALUES (380, '1977-01-14', 410, 301, 179, 700, 253, 1535, 392);
INSERT INTO public.deliveris VALUES (381, '1980-02-19', 799, 516, 88, 833, 526, 1941, 738);
INSERT INTO public.deliveris VALUES (382, '1975-11-17', 676, 173, 346, 823, 20, 1705, 149);
INSERT INTO public.deliveris VALUES (383, '1995-04-15', 406, 667, 63, 985, 941, 1309, 457);
INSERT INTO public.deliveris VALUES (384, '1959-02-12', 267, 67, 23, 669, 260, 1246, 767);
INSERT INTO public.deliveris VALUES (385, '1964-11-17', 122, 712, 659, 49, 814, 134, 835);
INSERT INTO public.deliveris VALUES (386, '1963-02-16', 579, 657, 801, 389, 343, 1585, 120);
INSERT INTO public.deliveris VALUES (387, '1974-06-18', 479, 856, 879, 285, 825, 543, 346);
INSERT INTO public.deliveris VALUES (388, '1982-09-19', 444, 799, 884, 263, 264, 1937, 411);
INSERT INTO public.deliveris VALUES (389, '1982-04-19', 67, 622, 423, 489, 142, 648, 480);
INSERT INTO public.deliveris VALUES (390, '1988-08-05', 9, 230, 400, 438, 110, 480, 244);
INSERT INTO public.deliveris VALUES (391, '1980-10-23', 977, 814, 858, 829, 869, 1486, 368);
INSERT INTO public.deliveris VALUES (392, '1974-07-23', 188, 606, 534, 970, 908, 1020, 6);
INSERT INTO public.deliveris VALUES (393, '1971-05-24', 544, 611, 798, 493, 762, 757, 284);
INSERT INTO public.deliveris VALUES (394, '1976-08-09', 659, 613, 150, 712, 276, 1562, 606);
INSERT INTO public.deliveris VALUES (395, '1995-01-26', 556, 55, 712, 232, 843, 1495, 323);
INSERT INTO public.deliveris VALUES (396, '1955-11-02', 465, 33, 318, 800, 753, 1455, 761);
INSERT INTO public.deliveris VALUES (397, '1987-04-08', 358, 696, 112, 406, 870, 934, 467);
INSERT INTO public.deliveris VALUES (398, '1962-09-12', 537, 168, 853, 320, 677, 1712, 372);
INSERT INTO public.deliveris VALUES (399, '1971-06-27', 109, 746, 683, 247, 319, 1734, 221);
INSERT INTO public.deliveris VALUES (400, '1969-11-23', 424, 893, 267, 453, 248, 1615, 598);
INSERT INTO public.deliveris VALUES (401, '1973-09-22', 697, 913, 732, 218, 93, 1881, 603);
INSERT INTO public.deliveris VALUES (402, '1994-06-06', 802, 986, 183, 510, 583, 565, 880);
INSERT INTO public.deliveris VALUES (403, '1967-07-11', 145, 330, 995, 886, 717, 734, 320);
INSERT INTO public.deliveris VALUES (404, '1972-05-09', 275, 159, 830, 212, 845, 787, 175);
INSERT INTO public.deliveris VALUES (405, '1980-10-10', 473, 927, 795, 778, 185, 1409, 694);
INSERT INTO public.deliveris VALUES (406, '1983-08-25', 729, 766, 271, 459, 923, 1457, 627);
INSERT INTO public.deliveris VALUES (407, '1983-04-17', 193, 436, 191, 803, 866, 539, 639);
INSERT INTO public.deliveris VALUES (408, '1976-02-07', 549, 693, 248, 332, 323, 1863, 556);
INSERT INTO public.deliveris VALUES (409, '1972-08-16', 237, 238, 589, 137, 246, 1752, 955);
INSERT INTO public.deliveris VALUES (410, '1993-11-06', 415, 227, 341, 806, 642, 1986, 289);
INSERT INTO public.deliveris VALUES (412, '1998-01-02', 952, 430, 434, 530, 689, 1558, 396);
INSERT INTO public.deliveris VALUES (413, '1955-03-09', 848, 222, 805, 879, 789, 1790, 2);
INSERT INTO public.deliveris VALUES (414, '1970-01-07', 929, 191, 552, 449, 739, 100, 509);
INSERT INTO public.deliveris VALUES (415, '1979-08-10', 247, 919, 613, 283, 307, 15, 910);
INSERT INTO public.deliveris VALUES (416, '1964-09-17', 702, 588, 459, 320, 237, 637, 988);
INSERT INTO public.deliveris VALUES (417, '1957-06-27', 941, 282, 56, 701, 596, 811, 570);
INSERT INTO public.deliveris VALUES (418, '1964-07-05', 258, 544, 543, 753, 938, 1347, 727);
INSERT INTO public.deliveris VALUES (419, '1986-01-09', 508, 32, 294, 844, 574, 1374, 573);
INSERT INTO public.deliveris VALUES (420, '1996-08-01', 721, 951, 228, 500, 486, 97, 853);
INSERT INTO public.deliveris VALUES (421, '1998-07-02', 296, 262, 940, 889, 535, 1696, 370);
INSERT INTO public.deliveris VALUES (422, '1973-09-28', 402, 16, 638, 758, 89, 608, 504);
INSERT INTO public.deliveris VALUES (423, '1972-06-16', 575, 469, 497, 870, 852, 1928, 884);
INSERT INTO public.deliveris VALUES (424, '1991-02-21', 709, 223, 1, 545, 182, 50, 607);
INSERT INTO public.deliveris VALUES (425, '1982-10-23', 594, 731, 470, 109, 159, 1716, 718);
INSERT INTO public.deliveris VALUES (426, '1996-08-28', 382, 725, 675, 49, 130, 573, 693);
INSERT INTO public.deliveris VALUES (427, '1976-05-23', 97, 981, 937, 764, 795, 555, 853);
INSERT INTO public.deliveris VALUES (429, '1982-11-18', 920, 123, 857, 192, 156, 336, 965);
INSERT INTO public.deliveris VALUES (430, '1987-06-13', 798, 248, 684, 232, 784, 1208, 822);
INSERT INTO public.deliveris VALUES (431, '1964-01-26', 754, 447, 318, 131, 365, 183, 686);
INSERT INTO public.deliveris VALUES (432, '1982-11-26', 502, 396, 651, 627, 45, 23, 451);
INSERT INTO public.deliveris VALUES (433, '1979-09-27', 766, 858, 769, 363, 212, 449, 482);
INSERT INTO public.deliveris VALUES (434, '1957-05-02', 243, 944, 323, 219, 992, 700, 431);
INSERT INTO public.deliveris VALUES (435, '1989-01-23', 593, 198, 770, 739, 312, 1702, 534);
INSERT INTO public.deliveris VALUES (436, '1997-02-19', 243, 500, 380, 666, 139, 1519, 928);
INSERT INTO public.deliveris VALUES (437, '1967-07-19', 596, 981, 993, 59, 980, 1322, 354);
INSERT INTO public.deliveris VALUES (438, '1967-09-01', 267, 583, 155, 478, 592, 301, 946);
INSERT INTO public.deliveris VALUES (439, '1973-05-07', 241, 427, 832, 698, 555, 63, 817);
INSERT INTO public.deliveris VALUES (440, '1987-06-10', 922, 287, 951, 788, 529, 1991, 283);
INSERT INTO public.deliveris VALUES (441, '2000-10-02', 855, 325, 805, 108, 516, 258, 957);
INSERT INTO public.deliveris VALUES (442, '1967-11-24', 605, 845, 104, 90, 523, 805, 777);
INSERT INTO public.deliveris VALUES (443, '1956-01-16', 35, 166, 2, 423, 920, 956, 400);
INSERT INTO public.deliveris VALUES (444, '1973-09-15', 191, 93, 598, 63, 508, 829, 779);
INSERT INTO public.deliveris VALUES (445, '1956-05-08', 603, 13, 191, 32, 202, 1244, 618);
INSERT INTO public.deliveris VALUES (446, '1984-11-21', 64, 984, 715, 464, 968, 1188, 713);
INSERT INTO public.deliveris VALUES (447, '1978-05-12', 161, 729, 664, 22, 53, 1701, 119);
INSERT INTO public.deliveris VALUES (448, '1975-03-21', 565, 37, 929, 330, 873, 772, 383);
INSERT INTO public.deliveris VALUES (449, '1993-07-14', 649, 453, 880, 801, 187, 1766, 487);
INSERT INTO public.deliveris VALUES (450, '1971-09-07', 660, 314, 301, 176, 734, 1457, 260);
INSERT INTO public.deliveris VALUES (451, '1961-05-29', 355, 602, 775, 469, 34, 927, 100);
INSERT INTO public.deliveris VALUES (452, '1971-05-16', 529, 831, 237, 471, 717, 1899, 134);
INSERT INTO public.deliveris VALUES (453, '2000-02-25', 972, 993, 812, 9, 33, 948, 559);
INSERT INTO public.deliveris VALUES (454, '1987-01-16', 114, 857, 911, 155, 400, 1217, 466);
INSERT INTO public.deliveris VALUES (455, '1959-10-29', 247, 252, 297, 33, 796, 484, 86);
INSERT INTO public.deliveris VALUES (456, '1982-07-27', 215, 739, 454, 41, 133, 954, 950);
INSERT INTO public.deliveris VALUES (457, '1970-10-21', 888, 959, 488, 351, 495, 1912, 450);
INSERT INTO public.deliveris VALUES (458, '2000-04-24', 889, 399, 973, 51, 339, 189, 410);
INSERT INTO public.deliveris VALUES (459, '1993-06-25', 366, 629, 719, 289, 842, 1394, 355);
INSERT INTO public.deliveris VALUES (460, '1987-07-25', 880, 258, 70, 998, 605, 654, 682);
INSERT INTO public.deliveris VALUES (461, '1963-10-24', 856, 778, 659, 767, 359, 1347, 840);
INSERT INTO public.deliveris VALUES (462, '1982-03-24', 110, 515, 957, 860, 601, 1276, 618);
INSERT INTO public.deliveris VALUES (463, '1993-11-06', 484, 397, 710, 944, 253, 1555, 305);
INSERT INTO public.deliveris VALUES (464, '1969-06-20', 316, 635, 789, 901, 92, 274, 318);
INSERT INTO public.deliveris VALUES (465, '1956-03-06', 171, 703, 582, 534, 395, 1333, 495);
INSERT INTO public.deliveris VALUES (466, '1999-03-08', 493, 382, 65, 409, 703, 1037, 473);
INSERT INTO public.deliveris VALUES (467, '1979-10-22', 730, 663, 789, 913, 100, 31, 495);
INSERT INTO public.deliveris VALUES (468, '1962-09-14', 578, 369, 813, 6, 47, 1903, 139);
INSERT INTO public.deliveris VALUES (469, '1964-01-04', 310, 641, 422, 704, 537, 1916, 463);
INSERT INTO public.deliveris VALUES (470, '1996-06-02', 124, 720, 231, 483, 383, 915, 213);
INSERT INTO public.deliveris VALUES (471, '1972-02-19', 24, 531, 936, 417, 768, 485, 318);
INSERT INTO public.deliveris VALUES (472, '1998-02-25', 349, 375, 82, 393, 220, 1811, 589);
INSERT INTO public.deliveris VALUES (473, '1988-07-26', 756, 31, 541, 884, 28, 1703, 948);
INSERT INTO public.deliveris VALUES (474, '1992-07-01', 897, 107, 825, 52, 978, 1781, 801);
INSERT INTO public.deliveris VALUES (475, '1956-01-23', 686, 817, 864, 870, 765, 793, 674);
INSERT INTO public.deliveris VALUES (476, '1956-03-24', 248, 816, 995, 712, 389, 173, 903);
INSERT INTO public.deliveris VALUES (477, '1959-03-07', 830, 324, 641, 426, 136, 220, 427);
INSERT INTO public.deliveris VALUES (478, '1965-06-18', 480, 891, 310, 868, 963, 552, 804);
INSERT INTO public.deliveris VALUES (479, '1972-07-07', 925, 628, 964, 291, 308, 639, 576);
INSERT INTO public.deliveris VALUES (480, '1964-09-19', 198, 551, 70, 545, 429, 792, 869);
INSERT INTO public.deliveris VALUES (481, '1977-10-26', 766, 706, 826, 824, 108, 578, 788);
INSERT INTO public.deliveris VALUES (482, '1995-07-07', 726, 561, 752, 611, 387, 800, 485);
INSERT INTO public.deliveris VALUES (483, '1996-07-02', 707, 722, 939, 718, 738, 997, 175);
INSERT INTO public.deliveris VALUES (484, '1982-04-08', 819, 279, 835, 940, 637, 293, 443);
INSERT INTO public.deliveris VALUES (485, '1996-04-12', 528, 834, 720, 912, 322, 1881, 193);
INSERT INTO public.deliveris VALUES (486, '1957-04-07', 902, 681, 964, 396, 392, 40, 353);
INSERT INTO public.deliveris VALUES (487, '1964-07-14', 457, 497, 620, 120, 466, 627, 691);
INSERT INTO public.deliveris VALUES (488, '1986-02-03', 610, 371, 455, 597, 687, 1685, 833);
INSERT INTO public.deliveris VALUES (489, '1979-02-28', 715, 189, 689, 825, 58, 727, 869);
INSERT INTO public.deliveris VALUES (490, '1992-05-15', 917, 967, 75, 365, 227, 811, 278);
INSERT INTO public.deliveris VALUES (491, '1996-01-12', 107, 298, 430, 745, 28, 416, 652);
INSERT INTO public.deliveris VALUES (492, '1991-11-25', 705, 637, 616, 742, 24, 1981, 272);
INSERT INTO public.deliveris VALUES (493, '1974-10-05', 318, 866, 234, 31, 583, 1832, 336);
INSERT INTO public.deliveris VALUES (494, '2000-04-09', 349, 426, 468, 514, 987, 1593, 757);
INSERT INTO public.deliveris VALUES (495, '1963-11-09', 169, 164, 496, 118, 118, 1464, 532);
INSERT INTO public.deliveris VALUES (496, '1996-04-19', 186, 997, 316, 844, 205, 275, 157);
INSERT INTO public.deliveris VALUES (497, '1964-06-19', 16, 751, 698, 815, 856, 272, 50);
INSERT INTO public.deliveris VALUES (498, '1970-07-23', 652, 309, 51, 837, 309, 1663, 920);
INSERT INTO public.deliveris VALUES (499, '1987-02-17', 341, 451, 801, 677, 789, 193, 361);
INSERT INTO public.deliveris VALUES (500, '1964-01-12', 892, 602, 25, 669, 741, 254, 683);
INSERT INTO public.deliveris VALUES (501, '1954-06-19', 13, 72, 341, 846, 973, 798, 627);
INSERT INTO public.deliveris VALUES (502, '1961-08-14', 768, 39, 969, 638, 792, 682, 574);
INSERT INTO public.deliveris VALUES (503, '1957-02-04', 210, 228, 311, 557, 167, 265, 501);
INSERT INTO public.deliveris VALUES (504, '1967-04-12', 416, 526, 795, 896, 868, 1330, 71);
INSERT INTO public.deliveris VALUES (505, '1976-08-26', 746, 970, 762, 181, 8, 1237, 349);
INSERT INTO public.deliveris VALUES (506, '2000-09-07', 815, 518, 368, 276, 796, 787, 702);
INSERT INTO public.deliveris VALUES (507, '1999-05-05', 944, 277, 966, 500, 342, 378, 988);
INSERT INTO public.deliveris VALUES (508, '1955-01-17', 332, 151, 837, 884, 735, 1023, 202);
INSERT INTO public.deliveris VALUES (509, '1976-03-20', 296, 424, 35, 606, 202, 1613, 280);
INSERT INTO public.deliveris VALUES (510, '1969-06-07', 295, 936, 426, 804, 345, 898, 838);
INSERT INTO public.deliveris VALUES (511, '1972-05-03', 178, 74, 853, 534, 85, 1952, 333);
INSERT INTO public.deliveris VALUES (512, '1986-11-10', 788, 391, 882, 937, 55, 151, 387);
INSERT INTO public.deliveris VALUES (513, '1978-03-23', 14, 84, 276, 431, 430, 149, 68);
INSERT INTO public.deliveris VALUES (514, '1972-10-09', 112, 581, 95, 594, 464, 1993, 125);
INSERT INTO public.deliveris VALUES (515, '1971-10-11', 49, 105, 198, 536, 640, 1243, 777);
INSERT INTO public.deliveris VALUES (516, '1995-06-19', 303, 997, 919, 428, 840, 647, 270);
INSERT INTO public.deliveris VALUES (517, '1987-01-07', 86, 775, 43, 817, 32, 825, 140);
INSERT INTO public.deliveris VALUES (518, '1988-09-06', 470, 971, 541, 382, 166, 66, 111);
INSERT INTO public.deliveris VALUES (519, '1964-10-25', 258, 823, 56, 772, 712, 365, 401);
INSERT INTO public.deliveris VALUES (520, '1986-02-10', 519, 605, 178, 174, 162, 388, 491);
INSERT INTO public.deliveris VALUES (521, '1988-07-15', 936, 149, 274, 251, 107, 1453, 285);
INSERT INTO public.deliveris VALUES (522, '1995-10-03', 172, 617, 733, 929, 615, 1581, 931);
INSERT INTO public.deliveris VALUES (523, '1982-03-16', 244, 580, 339, 434, 292, 710, 373);
INSERT INTO public.deliveris VALUES (524, '1966-11-12', 116, 719, 458, 652, 260, 710, 675);
INSERT INTO public.deliveris VALUES (525, '1956-03-06', 729, 455, 314, 138, 793, 505, 664);
INSERT INTO public.deliveris VALUES (526, '1964-09-26', 235, 597, 376, 741, 375, 1411, 759);
INSERT INTO public.deliveris VALUES (527, '1971-05-25', 221, 116, 788, 398, 448, 485, 65);
INSERT INTO public.deliveris VALUES (528, '1986-01-17', 37, 233, 138, 768, 402, 1147, 793);
INSERT INTO public.deliveris VALUES (529, '1963-04-04', 58, 749, 820, 58, 191, 1114, 61);
INSERT INTO public.deliveris VALUES (530, '1963-06-09', 340, 157, 98, 234, 654, 1082, 987);
INSERT INTO public.deliveris VALUES (531, '1979-11-29', 116, 839, 241, 180, 933, 1701, 79);
INSERT INTO public.deliveris VALUES (532, '1977-11-23', 716, 495, 289, 537, 161, 1317, 382);
INSERT INTO public.deliveris VALUES (533, '1997-09-15', 584, 13, 65, 139, 827, 1160, 207);
INSERT INTO public.deliveris VALUES (534, '1973-07-03', 513, 696, 165, 48, 92, 573, 439);
INSERT INTO public.deliveris VALUES (535, '1980-07-04', 60, 841, 54, 323, 894, 1056, 48);
INSERT INTO public.deliveris VALUES (536, '1978-04-28', 477, 904, 992, 93, 295, 1857, 602);
INSERT INTO public.deliveris VALUES (537, '1954-01-28', 258, 329, 550, 774, 892, 189, 259);
INSERT INTO public.deliveris VALUES (538, '1969-11-29', 309, 989, 610, 500, 695, 1242, 498);
INSERT INTO public.deliveris VALUES (539, '1965-08-26', 695, 92, 445, 372, 626, 419, 613);
INSERT INTO public.deliveris VALUES (540, '2000-10-04', 84, 467, 129, 151, 250, 264, 941);
INSERT INTO public.deliveris VALUES (541, '1995-11-16', 193, 243, 658, 116, 618, 403, 913);
INSERT INTO public.deliveris VALUES (542, '1989-02-08', 383, 860, 387, 352, 128, 130, 128);
INSERT INTO public.deliveris VALUES (543, '1994-02-11', 615, 570, 920, 777, 759, 1523, 588);
INSERT INTO public.deliveris VALUES (544, '1971-06-28', 295, 222, 5, 735, 902, 456, 562);
INSERT INTO public.deliveris VALUES (545, '1960-02-19', 437, 672, 699, 353, 94, 1138, 735);
INSERT INTO public.deliveris VALUES (546, '1978-05-17', 778, 364, 25, 793, 896, 210, 800);
INSERT INTO public.deliveris VALUES (547, '1960-04-28', 140, 772, 508, 390, 962, 521, 541);
INSERT INTO public.deliveris VALUES (548, '1973-05-23', 134, 386, 742, 981, 187, 869, 849);
INSERT INTO public.deliveris VALUES (549, '1996-07-01', 887, 122, 517, 762, 533, 789, 15);
INSERT INTO public.deliveris VALUES (550, '1963-01-23', 193, 268, 797, 846, 680, 1982, 24);
INSERT INTO public.deliveris VALUES (551, '1976-06-20', 313, 482, 460, 812, 375, 1525, 913);
INSERT INTO public.deliveris VALUES (552, '1990-05-09', 695, 281, 475, 212, 294, 175, 332);
INSERT INTO public.deliveris VALUES (553, '1975-11-07', 417, 710, 156, 298, 296, 789, 177);
INSERT INTO public.deliveris VALUES (554, '1993-08-15', 668, 967, 464, 950, 564, 1733, 88);
INSERT INTO public.deliveris VALUES (555, '1986-02-12', 373, 113, 873, 74, 734, 604, 68);
INSERT INTO public.deliveris VALUES (556, '1980-11-22', 340, 345, 855, 332, 290, 1239, 465);
INSERT INTO public.deliveris VALUES (557, '1987-05-04', 947, 754, 480, 552, 978, 1539, 991);
INSERT INTO public.deliveris VALUES (558, '1965-05-24', 868, 895, 779, 211, 321, 120, 234);
INSERT INTO public.deliveris VALUES (559, '1983-06-15', 322, 603, 557, 758, 84, 445, 73);
INSERT INTO public.deliveris VALUES (560, '1956-10-27', 879, 805, 964, 769, 8, 1305, 257);
INSERT INTO public.deliveris VALUES (561, '1958-09-09', 13, 983, 454, 363, 550, 1103, 436);
INSERT INTO public.deliveris VALUES (562, '1959-05-10', 866, 385, 373, 616, 823, 449, 215);
INSERT INTO public.deliveris VALUES (563, '1995-07-10', 898, 334, 512, 900, 971, 726, 332);
INSERT INTO public.deliveris VALUES (564, '1988-06-21', 774, 661, 453, 801, 299, 1349, 145);
INSERT INTO public.deliveris VALUES (565, '1958-11-03', 949, 996, 157, 443, 19, 1892, 768);
INSERT INTO public.deliveris VALUES (566, '1981-01-26', 35, 678, 621, 623, 769, 1290, 824);
INSERT INTO public.deliveris VALUES (567, '1978-03-12', 711, 570, 914, 143, 557, 233, 321);
INSERT INTO public.deliveris VALUES (568, '1994-10-27', 770, 968, 710, 828, 358, 147, 519);
INSERT INTO public.deliveris VALUES (569, '1999-06-05', 856, 15, 669, 295, 555, 1787, 744);
INSERT INTO public.deliveris VALUES (570, '1958-07-17', 206, 610, 835, 498, 617, 1205, 762);
INSERT INTO public.deliveris VALUES (571, '1990-07-29', 416, 995, 950, 372, 44, 1589, 539);
INSERT INTO public.deliveris VALUES (572, '1980-10-01', 536, 942, 263, 597, 135, 866, 707);
INSERT INTO public.deliveris VALUES (573, '1994-02-07', 405, 44, 899, 151, 919, 1240, 965);
INSERT INTO public.deliveris VALUES (574, '1964-09-03', 701, 52, 685, 880, 980, 760, 786);
INSERT INTO public.deliveris VALUES (575, '1965-05-15', 843, 37, 927, 262, 396, 1678, 431);
INSERT INTO public.deliveris VALUES (576, '1957-05-03', 522, 933, 824, 761, 632, 1124, 173);
INSERT INTO public.deliveris VALUES (577, '1983-03-07', 272, 418, 936, 246, 187, 886, 500);
INSERT INTO public.deliveris VALUES (578, '1955-05-08', 307, 532, 326, 693, 566, 1118, 13);
INSERT INTO public.deliveris VALUES (579, '1957-04-09', 236, 426, 920, 258, 777, 773, 767);
INSERT INTO public.deliveris VALUES (580, '1981-05-11', 905, 965, 708, 761, 957, 964, 31);
INSERT INTO public.deliveris VALUES (581, '1993-04-17', 99, 460, 294, 337, 453, 45, 780);
INSERT INTO public.deliveris VALUES (582, '1958-02-14', 122, 657, 680, 527, 211, 544, 241);
INSERT INTO public.deliveris VALUES (583, '1968-10-19', 301, 160, 58, 384, 818, 1961, 468);
INSERT INTO public.deliveris VALUES (584, '1968-04-14', 147, 776, 690, 864, 512, 988, 505);
INSERT INTO public.deliveris VALUES (585, '1966-03-07', 812, 192, 783, 601, 23, 1221, 88);
INSERT INTO public.deliveris VALUES (586, '1978-11-27', 897, 354, 193, 613, 842, 46, 69);
INSERT INTO public.deliveris VALUES (587, '1999-06-24', 397, 499, 29, 917, 413, 703, 683);
INSERT INTO public.deliveris VALUES (588, '1986-04-16', 170, 916, 696, 442, 887, 204, 925);
INSERT INTO public.deliveris VALUES (589, '1973-07-10', 313, 902, 871, 635, 674, 1699, 473);
INSERT INTO public.deliveris VALUES (590, '1967-07-12', 135, 678, 911, 617, 795, 1591, 420);
INSERT INTO public.deliveris VALUES (591, '1957-10-11', 593, 204, 840, 988, 163, 539, 311);
INSERT INTO public.deliveris VALUES (592, '1989-11-07', 455, 728, 969, 634, 807, 1602, 118);
INSERT INTO public.deliveris VALUES (593, '1997-08-02', 503, 451, 783, 358, 182, 977, 652);
INSERT INTO public.deliveris VALUES (594, '1958-01-01', 415, 478, 289, 798, 5, 1553, 116);
INSERT INTO public.deliveris VALUES (595, '1989-04-18', 701, 584, 362, 518, 664, 29, 88);
INSERT INTO public.deliveris VALUES (596, '2000-06-07', 708, 173, 695, 581, 672, 1356, 579);
INSERT INTO public.deliveris VALUES (597, '1959-08-07', 332, 431, 772, 722, 838, 1309, 80);
INSERT INTO public.deliveris VALUES (598, '1976-11-28', 345, 615, 616, 801, 156, 1942, 558);
INSERT INTO public.deliveris VALUES (599, '1968-09-13', 852, 434, 394, 123, 97, 636, 946);
INSERT INTO public.deliveris VALUES (600, '1970-04-21', 31, 479, 479, 552, 272, 589, 584);
INSERT INTO public.deliveris VALUES (601, '1976-06-12', 236, 358, 375, 885, 393, 1305, 325);
INSERT INTO public.deliveris VALUES (602, '1992-06-03', 921, 372, 504, 156, 572, 1014, 334);
INSERT INTO public.deliveris VALUES (603, '1986-06-17', 826, 418, 158, 124, 638, 1896, 555);
INSERT INTO public.deliveris VALUES (604, '1990-11-15', 252, 808, 674, 622, 599, 523, 367);
INSERT INTO public.deliveris VALUES (605, '1958-05-27', 181, 65, 431, 326, 295, 661, 842);
INSERT INTO public.deliveris VALUES (606, '1988-08-06', 745, 304, 271, 88, 336, 151, 511);
INSERT INTO public.deliveris VALUES (607, '1998-06-27', 717, 953, 523, 619, 971, 1094, 46);
INSERT INTO public.deliveris VALUES (608, '1981-09-21', 836, 917, 618, 181, 812, 803, 312);
INSERT INTO public.deliveris VALUES (609, '1956-04-26', 49, 402, 154, 732, 169, 1509, 650);
INSERT INTO public.deliveris VALUES (610, '1974-10-10', 198, 75, 428, 301, 277, 385, 454);
INSERT INTO public.deliveris VALUES (611, '1970-11-16', 853, 362, 362, 58, 263, 51, 2);
INSERT INTO public.deliveris VALUES (612, '1963-05-15', 20, 115, 844, 46, 46, 404, 299);
INSERT INTO public.deliveris VALUES (613, '1973-05-13', 393, 405, 956, 518, 108, 48, 960);
INSERT INTO public.deliveris VALUES (614, '1962-11-11', 379, 747, 797, 495, 790, 1002, 177);
INSERT INTO public.deliveris VALUES (615, '1993-03-12', 541, 990, 397, 300, 846, 1525, 734);
INSERT INTO public.deliveris VALUES (616, '1955-05-17', 705, 980, 896, 102, 81, 1817, 326);
INSERT INTO public.deliveris VALUES (617, '1957-06-18', 589, 35, 184, 6, 657, 1837, 25);
INSERT INTO public.deliveris VALUES (618, '1979-04-25', 638, 217, 273, 74, 13, 1048, 301);
INSERT INTO public.deliveris VALUES (619, '1988-07-11', 123, 48, 102, 272, 144, 623, 763);
INSERT INTO public.deliveris VALUES (620, '2000-02-04', 576, 771, 732, 804, 845, 1230, 286);
INSERT INTO public.deliveris VALUES (621, '1969-08-26', 753, 441, 10, 47, 93, 1594, 269);
INSERT INTO public.deliveris VALUES (622, '1999-01-26', 881, 964, 513, 364, 795, 1957, 954);
INSERT INTO public.deliveris VALUES (623, '2000-06-22', 497, 340, 64, 324, 828, 591, 319);
INSERT INTO public.deliveris VALUES (624, '1980-06-18', 880, 347, 232, 180, 318, 1470, 869);
INSERT INTO public.deliveris VALUES (625, '1969-11-29', 293, 587, 282, 949, 820, 796, 519);
INSERT INTO public.deliveris VALUES (626, '1974-05-26', 409, 588, 174, 621, 681, 638, 827);
INSERT INTO public.deliveris VALUES (627, '1987-06-05', 757, 209, 493, 156, 481, 509, 991);
INSERT INTO public.deliveris VALUES (628, '1981-01-07', 463, 111, 986, 228, 1, 476, 202);
INSERT INTO public.deliveris VALUES (629, '1981-01-28', 320, 954, 714, 343, 536, 1161, 227);
INSERT INTO public.deliveris VALUES (630, '1995-08-27', 697, 770, 997, 377, 327, 1686, 681);
INSERT INTO public.deliveris VALUES (631, '1984-04-28', 54, 441, 9, 667, 621, 1194, 317);
INSERT INTO public.deliveris VALUES (632, '1959-01-01', 309, 652, 385, 779, 837, 1603, 981);
INSERT INTO public.deliveris VALUES (633, '1999-04-12', 849, 714, 100, 760, 345, 920, 145);
INSERT INTO public.deliveris VALUES (634, '1985-03-14', 213, 590, 842, 895, 880, 762, 330);
INSERT INTO public.deliveris VALUES (635, '1957-05-06', 847, 567, 666, 515, 813, 101, 490);
INSERT INTO public.deliveris VALUES (636, '1961-03-04', 318, 22, 180, 761, 884, 1543, 47);
INSERT INTO public.deliveris VALUES (637, '1989-05-27', 7, 6, 854, 797, 710, 1066, 758);
INSERT INTO public.deliveris VALUES (638, '1991-07-13', 618, 192, 200, 535, 542, 1248, 253);
INSERT INTO public.deliveris VALUES (639, '1959-09-12', 748, 828, 373, 119, 166, 1693, 665);
INSERT INTO public.deliveris VALUES (640, '1997-07-07', 377, 589, 932, 953, 363, 464, 844);
INSERT INTO public.deliveris VALUES (641, '1991-03-26', 99, 794, 860, 871, 682, 429, 58);
INSERT INTO public.deliveris VALUES (642, '1961-09-04', 744, 419, 948, 906, 531, 800, 627);
INSERT INTO public.deliveris VALUES (643, '1998-04-19', 677, 311, 912, 961, 229, 1100, 880);
INSERT INTO public.deliveris VALUES (644, '1972-05-27', 415, 193, 47, 140, 259, 1779, 453);
INSERT INTO public.deliveris VALUES (645, '1998-06-28', 451, 495, 117, 432, 277, 148, 616);
INSERT INTO public.deliveris VALUES (646, '2000-03-24', 615, 478, 908, 930, 668, 1878, 874);
INSERT INTO public.deliveris VALUES (647, '1959-08-10', 345, 263, 301, 514, 135, 1722, 68);
INSERT INTO public.deliveris VALUES (648, '1994-11-03', 497, 328, 691, 692, 935, 1441, 680);
INSERT INTO public.deliveris VALUES (649, '1999-06-27', 827, 720, 158, 222, 86, 1991, 383);
INSERT INTO public.deliveris VALUES (650, '1992-07-11', 854, 283, 330, 534, 722, 19, 61);
INSERT INTO public.deliveris VALUES (651, '1959-11-22', 83, 284, 709, 565, 602, 1731, 149);
INSERT INTO public.deliveris VALUES (652, '1997-11-12', 230, 978, 845, 701, 211, 1182, 37);
INSERT INTO public.deliveris VALUES (653, '1994-01-18', 406, 332, 374, 116, 769, 336, 204);
INSERT INTO public.deliveris VALUES (654, '1978-03-11', 37, 846, 363, 426, 693, 735, 243);
INSERT INTO public.deliveris VALUES (655, '1979-04-01', 252, 137, 934, 203, 176, 1032, 661);
INSERT INTO public.deliveris VALUES (656, '1962-06-21', 419, 610, 689, 91, 537, 1126, 1);
INSERT INTO public.deliveris VALUES (657, '2000-08-03', 42, 63, 520, 335, 582, 897, 434);
INSERT INTO public.deliveris VALUES (658, '1983-02-25', 382, 629, 432, 689, 280, 811, 196);
INSERT INTO public.deliveris VALUES (659, '1966-05-29', 624, 245, 257, 791, 328, 594, 180);
INSERT INTO public.deliveris VALUES (660, '1966-05-06', 181, 666, 296, 437, 714, 1355, 213);
INSERT INTO public.deliveris VALUES (661, '1969-07-21', 195, 778, 309, 177, 683, 164, 217);
INSERT INTO public.deliveris VALUES (662, '1995-05-22', 486, 44, 737, 432, 442, 377, 901);
INSERT INTO public.deliveris VALUES (663, '1991-11-26', 787, 111, 270, 8, 683, 1479, 132);
INSERT INTO public.deliveris VALUES (664, '1959-10-15', 627, 977, 846, 344, 109, 1072, 929);
INSERT INTO public.deliveris VALUES (665, '1970-09-21', 102, 541, 295, 418, 220, 1138, 216);
INSERT INTO public.deliveris VALUES (666, '1975-11-04', 343, 911, 150, 902, 886, 484, 213);
INSERT INTO public.deliveris VALUES (667, '1966-01-12', 357, 640, 471, 924, 162, 1576, 6);
INSERT INTO public.deliveris VALUES (668, '1976-01-12', 324, 953, 731, 675, 403, 771, 779);
INSERT INTO public.deliveris VALUES (669, '1983-05-17', 911, 938, 238, 518, 145, 928, 548);
INSERT INTO public.deliveris VALUES (670, '1978-06-18', 758, 208, 994, 332, 981, 1036, 215);
INSERT INTO public.deliveris VALUES (671, '1970-10-05', 608, 877, 258, 233, 618, 894, 713);
INSERT INTO public.deliveris VALUES (672, '1961-08-27', 315, 139, 489, 646, 38, 1070, 503);
INSERT INTO public.deliveris VALUES (673, '1961-09-13', 914, 102, 97, 405, 469, 372, 324);
INSERT INTO public.deliveris VALUES (674, '1981-10-24', 460, 771, 667, 86, 543, 1650, 392);
INSERT INTO public.deliveris VALUES (675, '1981-07-14', 363, 13, 20, 304, 401, 510, 715);
INSERT INTO public.deliveris VALUES (676, '1960-05-14', 475, 12, 302, 343, 213, 1276, 552);
INSERT INTO public.deliveris VALUES (677, '1986-06-04', 656, 467, 581, 302, 679, 834, 644);
INSERT INTO public.deliveris VALUES (678, '1988-10-19', 240, 313, 674, 461, 207, 41, 194);
INSERT INTO public.deliveris VALUES (679, '1972-09-09', 540, 229, 825, 874, 146, 1081, 829);
INSERT INTO public.deliveris VALUES (680, '1979-03-13', 35, 592, 171, 682, 115, 1444, 921);
INSERT INTO public.deliveris VALUES (681, '1964-05-19', 184, 835, 515, 830, 592, 1694, 315);
INSERT INTO public.deliveris VALUES (682, '1955-02-14', 510, 573, 555, 354, 423, 1727, 461);
INSERT INTO public.deliveris VALUES (683, '1961-08-20', 580, 266, 383, 960, 14, 163, 606);
INSERT INTO public.deliveris VALUES (684, '1960-06-01', 984, 527, 836, 577, 123, 92, 320);
INSERT INTO public.deliveris VALUES (685, '1962-07-18', 181, 502, 742, 694, 607, 513, 545);
INSERT INTO public.deliveris VALUES (686, '1957-06-20', 535, 974, 278, 745, 72, 1595, 175);
INSERT INTO public.deliveris VALUES (687, '1971-02-04', 883, 456, 553, 421, 232, 1927, 211);
INSERT INTO public.deliveris VALUES (688, '1990-10-29', 915, 852, 415, 536, 603, 1014, 946);
INSERT INTO public.deliveris VALUES (689, '1961-11-26', 380, 36, 797, 682, 75, 1007, 416);
INSERT INTO public.deliveris VALUES (690, '1966-10-15', 671, 839, 186, 912, 947, 341, 86);
INSERT INTO public.deliveris VALUES (691, '1955-05-20', 836, 683, 96, 125, 56, 738, 582);
INSERT INTO public.deliveris VALUES (692, '1964-06-06', 627, 99, 204, 351, 699, 1153, 777);
INSERT INTO public.deliveris VALUES (693, '1970-09-01', 995, 778, 774, 521, 347, 636, 430);
INSERT INTO public.deliveris VALUES (694, '1983-03-07', 861, 584, 149, 384, 891, 501, 694);
INSERT INTO public.deliveris VALUES (695, '1958-03-06', 196, 355, 413, 789, 836, 721, 752);
INSERT INTO public.deliveris VALUES (696, '1960-07-18', 712, 9, 221, 960, 521, 646, 588);
INSERT INTO public.deliveris VALUES (697, '1974-03-21', 62, 52, 216, 621, 506, 162, 282);
INSERT INTO public.deliveris VALUES (698, '1983-08-15', 12, 99, 897, 909, 119, 1797, 663);
INSERT INTO public.deliveris VALUES (699, '1978-02-26', 546, 786, 897, 744, 783, 359, 578);
INSERT INTO public.deliveris VALUES (700, '1959-02-16', 407, 669, 861, 366, 966, 19, 306);
INSERT INTO public.deliveris VALUES (701, '1990-08-27', 466, 898, 248, 647, 183, 232, 225);
INSERT INTO public.deliveris VALUES (702, '1982-03-17', 603, 291, 920, 134, 157, 1331, 974);
INSERT INTO public.deliveris VALUES (703, '1978-07-13', 591, 924, 254, 7, 698, 1686, 672);
INSERT INTO public.deliveris VALUES (704, '1994-02-18', 21, 447, 113, 24, 192, 1648, 14);
INSERT INTO public.deliveris VALUES (705, '1981-07-05', 681, 428, 131, 770, 745, 272, 282);
INSERT INTO public.deliveris VALUES (706, '1961-02-18', 675, 448, 576, 360, 191, 680, 689);
INSERT INTO public.deliveris VALUES (707, '1954-02-26', 815, 679, 636, 254, 985, 1401, 406);
INSERT INTO public.deliveris VALUES (708, '1994-07-02', 177, 611, 758, 926, 652, 1783, 183);
INSERT INTO public.deliveris VALUES (709, '1980-09-23', 941, 348, 715, 829, 189, 851, 624);
INSERT INTO public.deliveris VALUES (710, '1998-08-06', 295, 171, 516, 239, 697, 294, 374);
INSERT INTO public.deliveris VALUES (711, '1979-06-04', 327, 944, 404, 902, 942, 1077, 702);
INSERT INTO public.deliveris VALUES (712, '1987-05-17', 19, 36, 941, 804, 788, 1199, 783);
INSERT INTO public.deliveris VALUES (713, '1973-03-01', 579, 755, 605, 701, 9, 781, 415);
INSERT INTO public.deliveris VALUES (714, '1961-03-24', 178, 611, 19, 952, 475, 1474, 582);
INSERT INTO public.deliveris VALUES (715, '1989-03-09', 757, 376, 683, 641, 158, 313, 390);
INSERT INTO public.deliveris VALUES (716, '1966-10-04', 276, 419, 885, 675, 368, 1669, 285);
INSERT INTO public.deliveris VALUES (717, '1991-07-16', 286, 786, 650, 872, 970, 228, 859);
INSERT INTO public.deliveris VALUES (719, '1999-08-21', 890, 584, 352, 464, 44, 544, 900);
INSERT INTO public.deliveris VALUES (720, '1968-07-01', 158, 946, 29, 488, 198, 1040, 870);
INSERT INTO public.deliveris VALUES (721, '1999-10-28', 272, 375, 465, 537, 791, 867, 316);
INSERT INTO public.deliveris VALUES (722, '1960-01-27', 610, 237, 955, 93, 969, 1170, 104);
INSERT INTO public.deliveris VALUES (723, '1976-08-09', 287, 718, 42, 359, 500, 50, 840);
INSERT INTO public.deliveris VALUES (724, '1976-06-11', 321, 328, 290, 314, 793, 1263, 879);
INSERT INTO public.deliveris VALUES (725, '1976-03-26', 633, 316, 264, 516, 427, 1604, 191);
INSERT INTO public.deliveris VALUES (726, '1975-03-26', 398, 527, 403, 116, 979, 1505, 609);
INSERT INTO public.deliveris VALUES (727, '1985-09-16', 653, 225, 97, 830, 842, 88, 463);
INSERT INTO public.deliveris VALUES (728, '1992-10-18', 824, 896, 180, 668, 192, 1906, 363);
INSERT INTO public.deliveris VALUES (729, '1973-08-24', 980, 517, 715, 96, 934, 1585, 373);
INSERT INTO public.deliveris VALUES (730, '1962-11-29', 342, 287, 711, 233, 82, 1670, 261);
INSERT INTO public.deliveris VALUES (731, '1966-02-17', 301, 733, 642, 342, 886, 1870, 458);
INSERT INTO public.deliveris VALUES (732, '1964-02-25', 327, 396, 352, 11, 516, 158, 632);
INSERT INTO public.deliveris VALUES (733, '1992-01-16', 63, 219, 7, 190, 29, 343, 196);
INSERT INTO public.deliveris VALUES (734, '1972-01-28', 431, 384, 491, 567, 869, 1966, 924);
INSERT INTO public.deliveris VALUES (735, '1992-09-07', 477, 643, 289, 582, 561, 393, 126);
INSERT INTO public.deliveris VALUES (736, '1988-06-28', 43, 491, 582, 182, 61, 1266, 154);
INSERT INTO public.deliveris VALUES (737, '1968-10-14', 145, 895, 124, 395, 422, 1903, 903);
INSERT INTO public.deliveris VALUES (738, '1984-01-03', 244, 833, 991, 752, 413, 102, 342);
INSERT INTO public.deliveris VALUES (739, '1963-03-12', 344, 14, 855, 304, 967, 855, 781);
INSERT INTO public.deliveris VALUES (740, '1992-02-17', 945, 448, 618, 143, 31, 1825, 961);
INSERT INTO public.deliveris VALUES (741, '1967-01-23', 991, 281, 873, 440, 818, 1639, 535);
INSERT INTO public.deliveris VALUES (742, '1999-02-12', 103, 303, 781, 732, 175, 1065, 76);
INSERT INTO public.deliveris VALUES (743, '1980-05-06', 111, 316, 697, 779, 664, 271, 343);
INSERT INTO public.deliveris VALUES (744, '1980-02-01', 957, 159, 401, 682, 303, 1278, 481);
INSERT INTO public.deliveris VALUES (745, '1975-11-16', 287, 964, 475, 433, 849, 206, 60);
INSERT INTO public.deliveris VALUES (746, '1960-06-22', 920, 647, 100, 735, 920, 924, 650);
INSERT INTO public.deliveris VALUES (747, '1960-06-22', 703, 319, 976, 109, 778, 1121, 385);
INSERT INTO public.deliveris VALUES (748, '1959-09-22', 781, 266, 195, 696, 37, 600, 333);
INSERT INTO public.deliveris VALUES (749, '1977-06-22', 391, 425, 424, 462, 882, 302, 676);
INSERT INTO public.deliveris VALUES (750, '1992-06-05', 823, 371, 762, 780, 493, 868, 649);
INSERT INTO public.deliveris VALUES (751, '1996-05-08', 988, 57, 323, 540, 331, 834, 941);
INSERT INTO public.deliveris VALUES (752, '1959-09-06', 969, 559, 145, 559, 45, 1716, 419);
INSERT INTO public.deliveris VALUES (753, '1997-08-21', 823, 945, 65, 82, 934, 1021, 70);
INSERT INTO public.deliveris VALUES (754, '1957-06-04', 544, 658, 752, 770, 420, 910, 270);
INSERT INTO public.deliveris VALUES (755, '1958-09-10', 880, 599, 656, 892, 879, 1854, 240);
INSERT INTO public.deliveris VALUES (756, '1989-09-27', 612, 613, 714, 280, 434, 1825, 337);
INSERT INTO public.deliveris VALUES (757, '1997-09-23', 982, 464, 973, 707, 703, 1861, 133);
INSERT INTO public.deliveris VALUES (758, '1968-10-29', 954, 361, 449, 109, 342, 1854, 350);
INSERT INTO public.deliveris VALUES (759, '1971-03-06', 557, 609, 155, 366, 543, 91, 532);
INSERT INTO public.deliveris VALUES (760, '1999-02-04', 730, 259, 605, 267, 647, 1349, 264);
INSERT INTO public.deliveris VALUES (761, '1974-08-05', 785, 988, 259, 603, 693, 1933, 846);
INSERT INTO public.deliveris VALUES (762, '1996-07-18', 318, 965, 316, 206, 4, 515, 810);
INSERT INTO public.deliveris VALUES (763, '1967-10-20', 322, 145, 656, 532, 134, 1506, 874);
INSERT INTO public.deliveris VALUES (764, '1965-06-06', 134, 227, 595, 720, 351, 1670, 479);
INSERT INTO public.deliveris VALUES (765, '1991-04-16', 945, 343, 897, 930, 564, 1636, 164);
INSERT INTO public.deliveris VALUES (766, '1987-11-23', 469, 532, 266, 781, 990, 243, 458);
INSERT INTO public.deliveris VALUES (767, '1958-08-06', 169, 612, 155, 737, 4, 749, 993);
INSERT INTO public.deliveris VALUES (768, '1971-11-16', 792, 958, 35, 738, 352, 1064, 826);
INSERT INTO public.deliveris VALUES (769, '1963-01-16', 758, 96, 947, 659, 422, 851, 524);
INSERT INTO public.deliveris VALUES (770, '1957-02-06', 899, 180, 849, 440, 214, 1206, 170);
INSERT INTO public.deliveris VALUES (771, '1992-04-16', 826, 364, 862, 990, 884, 1147, 235);
INSERT INTO public.deliveris VALUES (772, '1969-04-29', 656, 832, 507, 702, 101, 1925, 255);
INSERT INTO public.deliveris VALUES (773, '1998-05-21', 425, 246, 454, 111, 665, 1148, 851);
INSERT INTO public.deliveris VALUES (774, '1979-04-01', 618, 543, 171, 632, 211, 1058, 229);
INSERT INTO public.deliveris VALUES (775, '1958-01-07', 673, 455, 141, 630, 158, 1110, 213);
INSERT INTO public.deliveris VALUES (776, '1993-01-22', 117, 555, 180, 71, 444, 1765, 970);
INSERT INTO public.deliveris VALUES (777, '1974-08-24', 265, 351, 78, 520, 513, 1430, 465);
INSERT INTO public.deliveris VALUES (778, '1975-08-07', 826, 552, 318, 714, 462, 1629, 222);
INSERT INTO public.deliveris VALUES (779, '1969-07-25', 101, 592, 495, 764, 778, 1502, 638);
INSERT INTO public.deliveris VALUES (780, '1997-10-10', 219, 880, 118, 132, 500, 321, 406);
INSERT INTO public.deliveris VALUES (781, '1983-06-25', 80, 683, 140, 669, 894, 76, 879);
INSERT INTO public.deliveris VALUES (782, '1962-02-19', 851, 652, 664, 553, 221, 1493, 753);
INSERT INTO public.deliveris VALUES (783, '1972-04-27', 355, 282, 714, 815, 675, 554, 64);
INSERT INTO public.deliveris VALUES (784, '1968-04-20', 858, 672, 119, 196, 630, 467, 745);
INSERT INTO public.deliveris VALUES (785, '1976-11-26', 212, 973, 202, 23, 636, 1909, 128);
INSERT INTO public.deliveris VALUES (786, '2000-03-12', 137, 761, 269, 885, 739, 744, 149);
INSERT INTO public.deliveris VALUES (787, '1997-08-12', 698, 157, 201, 443, 932, 1775, 172);
INSERT INTO public.deliveris VALUES (788, '1958-01-28', 107, 586, 787, 387, 653, 726, 722);
INSERT INTO public.deliveris VALUES (789, '1984-06-04', 417, 246, 730, 718, 591, 1143, 921);
INSERT INTO public.deliveris VALUES (790, '1962-11-01', 163, 352, 589, 673, 690, 1606, 547);
INSERT INTO public.deliveris VALUES (791, '1997-04-29', 769, 466, 36, 266, 923, 294, 242);
INSERT INTO public.deliveris VALUES (792, '1999-02-16', 724, 162, 629, 146, 746, 282, 935);
INSERT INTO public.deliveris VALUES (793, '1954-06-13', 814, 146, 568, 248, 31, 528, 327);
INSERT INTO public.deliveris VALUES (794, '1957-07-02', 100, 544, 910, 427, 475, 833, 716);
INSERT INTO public.deliveris VALUES (796, '1994-01-21', 675, 718, 10, 18, 431, 31, 168);
INSERT INTO public.deliveris VALUES (797, '2000-09-25', 979, 985, 957, 242, 176, 1664, 604);
INSERT INTO public.deliveris VALUES (798, '1991-06-23', 850, 566, 998, 796, 901, 245, 251);
INSERT INTO public.deliveris VALUES (799, '1961-07-02', 285, 697, 922, 260, 398, 771, 750);
INSERT INTO public.deliveris VALUES (801, '1959-10-27', 340, 103, 940, 431, 9, 201, 924);
INSERT INTO public.deliveris VALUES (802, '1973-03-25', 36, 305, 470, 618, 915, 447, 298);
INSERT INTO public.deliveris VALUES (803, '1975-10-21', 424, 810, 574, 226, 644, 453, 368);
INSERT INTO public.deliveris VALUES (804, '2000-08-09', 892, 916, 111, 459, 911, 1220, 509);
INSERT INTO public.deliveris VALUES (805, '2000-07-16', 270, 622, 466, 831, 572, 371, 520);
INSERT INTO public.deliveris VALUES (806, '1976-03-08', 817, 954, 745, 681, 182, 988, 977);
INSERT INTO public.deliveris VALUES (807, '1968-06-28', 895, 899, 394, 721, 760, 1400, 680);
INSERT INTO public.deliveris VALUES (808, '1968-03-01', 871, 77, 86, 190, 400, 1389, 422);
INSERT INTO public.deliveris VALUES (809, '1963-02-16', 350, 347, 798, 554, 936, 1950, 478);
INSERT INTO public.deliveris VALUES (810, '1984-02-22', 679, 420, 929, 17, 742, 1245, 546);
INSERT INTO public.deliveris VALUES (811, '1962-05-16', 327, 253, 87, 268, 67, 1725, 282);
INSERT INTO public.deliveris VALUES (812, '1982-07-18', 424, 188, 68, 668, 67, 768, 197);
INSERT INTO public.deliveris VALUES (813, '1987-09-12', 797, 394, 117, 704, 406, 1357, 778);
INSERT INTO public.deliveris VALUES (814, '1987-06-13', 664, 327, 260, 268, 797, 1895, 133);
INSERT INTO public.deliveris VALUES (815, '1968-07-28', 666, 820, 732, 259, 887, 1560, 597);
INSERT INTO public.deliveris VALUES (816, '1971-07-22', 962, 927, 105, 285, 490, 1349, 346);
INSERT INTO public.deliveris VALUES (817, '1968-04-24', 397, 753, 173, 970, 887, 1346, 895);
INSERT INTO public.deliveris VALUES (818, '1974-02-23', 53, 868, 771, 636, 831, 46, 490);
INSERT INTO public.deliveris VALUES (819, '1962-04-11', 611, 849, 543, 523, 400, 1036, 120);
INSERT INTO public.deliveris VALUES (820, '1998-04-19', 970, 318, 3, 55, 151, 241, 395);
INSERT INTO public.deliveris VALUES (821, '1966-10-19', 826, 473, 486, 389, 563, 1905, 957);
INSERT INTO public.deliveris VALUES (822, '1987-01-25', 13, 707, 679, 845, 984, 473, 211);
INSERT INTO public.deliveris VALUES (823, '1976-06-27', 756, 699, 156, 229, 367, 1898, 183);
INSERT INTO public.deliveris VALUES (824, '1993-01-03', 736, 912, 920, 205, 352, 1005, 338);
INSERT INTO public.deliveris VALUES (825, '1983-01-10', 335, 525, 687, 79, 905, 580, 297);
INSERT INTO public.deliveris VALUES (826, '1992-09-19', 454, 269, 5, 60, 179, 1972, 937);
INSERT INTO public.deliveris VALUES (827, '1972-07-06', 946, 94, 934, 593, 651, 434, 749);
INSERT INTO public.deliveris VALUES (828, '1992-07-19', 374, 307, 783, 810, 399, 263, 216);
INSERT INTO public.deliveris VALUES (829, '1998-10-01', 652, 205, 333, 809, 974, 602, 29);
INSERT INTO public.deliveris VALUES (830, '1962-11-21', 550, 196, 808, 42, 823, 1470, 610);
INSERT INTO public.deliveris VALUES (831, '1959-11-19', 376, 408, 218, 979, 44, 910, 749);
INSERT INTO public.deliveris VALUES (832, '1965-09-25', 737, 630, 768, 358, 53, 1394, 618);
INSERT INTO public.deliveris VALUES (833, '1975-05-22', 922, 547, 659, 756, 636, 1858, 626);
INSERT INTO public.deliveris VALUES (834, '1972-01-13', 214, 413, 793, 343, 209, 1980, 902);
INSERT INTO public.deliveris VALUES (835, '2000-08-19', 870, 139, 357, 756, 413, 984, 376);
INSERT INTO public.deliveris VALUES (836, '1956-09-03', 237, 892, 639, 844, 289, 404, 592);
INSERT INTO public.deliveris VALUES (837, '1988-10-26', 261, 737, 852, 293, 873, 1108, 145);
INSERT INTO public.deliveris VALUES (838, '1965-06-01', 651, 219, 246, 351, 405, 140, 646);
INSERT INTO public.deliveris VALUES (839, '1970-03-12', 194, 507, 99, 927, 911, 575, 327);
INSERT INTO public.deliveris VALUES (840, '1982-09-21', 500, 819, 130, 742, 965, 1292, 735);
INSERT INTO public.deliveris VALUES (841, '1959-03-13', 540, 597, 917, 50, 123, 498, 839);
INSERT INTO public.deliveris VALUES (842, '1955-04-15', 199, 755, 653, 488, 760, 657, 829);
INSERT INTO public.deliveris VALUES (843, '1971-03-19', 988, 763, 62, 435, 540, 1323, 894);
INSERT INTO public.deliveris VALUES (844, '1968-06-23', 877, 46, 573, 910, 409, 1741, 431);
INSERT INTO public.deliveris VALUES (845, '1973-04-16', 842, 899, 817, 740, 381, 405, 984);
INSERT INTO public.deliveris VALUES (846, '1954-01-16', 541, 348, 850, 269, 608, 647, 247);
INSERT INTO public.deliveris VALUES (847, '1983-06-12', 48, 231, 622, 352, 318, 46, 953);
INSERT INTO public.deliveris VALUES (848, '1956-01-13', 335, 77, 152, 53, 326, 256, 736);
INSERT INTO public.deliveris VALUES (849, '1955-02-10', 802, 725, 61, 991, 294, 795, 620);
INSERT INTO public.deliveris VALUES (850, '1962-02-27', 187, 444, 881, 380, 407, 284, 603);
INSERT INTO public.deliveris VALUES (851, '1985-01-17', 875, 332, 628, 334, 478, 1971, 570);
INSERT INTO public.deliveris VALUES (852, '1980-04-04', 888, 823, 62, 656, 548, 453, 179);
INSERT INTO public.deliveris VALUES (853, '1990-01-26', 472, 193, 687, 654, 558, 885, 346);
INSERT INTO public.deliveris VALUES (854, '1989-06-22', 601, 14, 973, 798, 607, 1790, 645);
INSERT INTO public.deliveris VALUES (855, '1987-08-15', 862, 676, 808, 599, 710, 1411, 930);
INSERT INTO public.deliveris VALUES (856, '1997-04-26', 615, 52, 129, 507, 607, 422, 352);
INSERT INTO public.deliveris VALUES (857, '1999-02-18', 490, 621, 826, 437, 223, 1175, 567);
INSERT INTO public.deliveris VALUES (858, '1977-10-03', 842, 62, 454, 561, 910, 421, 267);
INSERT INTO public.deliveris VALUES (859, '1988-09-01', 302, 715, 823, 173, 63, 753, 918);
INSERT INTO public.deliveris VALUES (860, '1996-05-10', 727, 178, 392, 900, 651, 1200, 650);
INSERT INTO public.deliveris VALUES (861, '1987-01-06', 297, 747, 822, 284, 533, 1017, 665);
INSERT INTO public.deliveris VALUES (862, '1965-05-19', 866, 975, 777, 7, 663, 784, 614);
INSERT INTO public.deliveris VALUES (863, '1983-11-04', 170, 37, 245, 590, 733, 1633, 628);
INSERT INTO public.deliveris VALUES (864, '1986-07-17', 173, 573, 863, 12, 733, 1316, 472);
INSERT INTO public.deliveris VALUES (865, '1959-04-24', 128, 498, 960, 324, 214, 841, 116);
INSERT INTO public.deliveris VALUES (866, '1971-05-23', 14, 851, 696, 36, 965, 468, 380);
INSERT INTO public.deliveris VALUES (867, '1967-06-23', 670, 946, 769, 689, 210, 1262, 780);
INSERT INTO public.deliveris VALUES (868, '1997-06-26', 93, 954, 962, 442, 900, 234, 389);
INSERT INTO public.deliveris VALUES (869, '1992-10-28', 225, 854, 713, 436, 951, 322, 425);
INSERT INTO public.deliveris VALUES (870, '1984-08-28', 556, 370, 15, 774, 536, 1258, 887);
INSERT INTO public.deliveris VALUES (871, '1979-09-10', 794, 236, 958, 925, 64, 87, 223);
INSERT INTO public.deliveris VALUES (872, '1969-08-28', 600, 281, 382, 389, 666, 1654, 1);
INSERT INTO public.deliveris VALUES (873, '1979-03-06', 578, 343, 320, 536, 94, 87, 244);
INSERT INTO public.deliveris VALUES (874, '1990-04-28', 257, 825, 904, 275, 664, 1819, 506);
INSERT INTO public.deliveris VALUES (875, '1968-01-06', 643, 727, 577, 854, 50, 313, 954);
INSERT INTO public.deliveris VALUES (876, '1971-08-08', 995, 965, 519, 156, 685, 1205, 640);
INSERT INTO public.deliveris VALUES (877, '1997-05-11', 827, 610, 999, 733, 406, 489, 521);
INSERT INTO public.deliveris VALUES (878, '1976-01-14', 439, 572, 841, 228, 276, 98, 638);
INSERT INTO public.deliveris VALUES (879, '1979-05-07', 898, 81, 736, 819, 105, 578, 551);
INSERT INTO public.deliveris VALUES (880, '1996-03-23', 629, 956, 540, 372, 400, 1417, 151);
INSERT INTO public.deliveris VALUES (881, '1968-03-23', 708, 342, 262, 546, 918, 1038, 537);
INSERT INTO public.deliveris VALUES (882, '1955-06-21', 461, 152, 845, 920, 546, 1700, 155);
INSERT INTO public.deliveris VALUES (883, '1978-05-12', 83, 296, 849, 805, 787, 1294, 603);
INSERT INTO public.deliveris VALUES (884, '1990-10-23', 643, 127, 401, 696, 449, 1086, 165);
INSERT INTO public.deliveris VALUES (885, '1957-04-20', 510, 653, 723, 843, 967, 49, 36);
INSERT INTO public.deliveris VALUES (886, '1967-04-04', 628, 969, 573, 370, 638, 1325, 703);
INSERT INTO public.deliveris VALUES (887, '1976-02-24', 437, 652, 386, 968, 183, 448, 545);
INSERT INTO public.deliveris VALUES (888, '1978-08-02', 836, 317, 559, 8, 596, 1466, 167);
INSERT INTO public.deliveris VALUES (889, '1961-04-04', 487, 273, 137, 904, 249, 510, 92);
INSERT INTO public.deliveris VALUES (890, '1972-03-22', 661, 71, 110, 570, 740, 100, 981);
INSERT INTO public.deliveris VALUES (891, '1960-08-28', 454, 196, 269, 733, 155, 264, 397);
INSERT INTO public.deliveris VALUES (892, '1987-05-16', 66, 238, 234, 47, 734, 367, 549);
INSERT INTO public.deliveris VALUES (893, '1976-06-10', 440, 198, 885, 453, 940, 238, 107);
INSERT INTO public.deliveris VALUES (894, '1978-09-27', 66, 966, 91, 82, 271, 1823, 76);
INSERT INTO public.deliveris VALUES (895, '1988-05-20', 869, 809, 931, 100, 428, 1996, 398);
INSERT INTO public.deliveris VALUES (896, '1967-01-16', 767, 312, 193, 79, 603, 563, 288);
INSERT INTO public.deliveris VALUES (897, '1973-05-11', 965, 182, 194, 747, 426, 225, 986);
INSERT INTO public.deliveris VALUES (898, '1996-05-20', 456, 485, 467, 59, 767, 1548, 339);
INSERT INTO public.deliveris VALUES (899, '1982-09-19', 813, 577, 571, 965, 433, 1525, 630);
INSERT INTO public.deliveris VALUES (900, '1975-09-26', 508, 296, 942, 191, 169, 1296, 768);
INSERT INTO public.deliveris VALUES (901, '1996-08-29', 686, 692, 348, 421, 65, 928, 688);
INSERT INTO public.deliveris VALUES (902, '1963-10-01', 668, 511, 132, 387, 207, 1693, 122);
INSERT INTO public.deliveris VALUES (903, '1966-07-19', 508, 937, 185, 808, 245, 426, 948);
INSERT INTO public.deliveris VALUES (904, '1990-05-19', 572, 190, 285, 554, 168, 247, 974);
INSERT INTO public.deliveris VALUES (905, '1954-10-01', 313, 874, 330, 171, 788, 461, 185);
INSERT INTO public.deliveris VALUES (906, '1966-08-20', 770, 400, 166, 473, 853, 41, 921);
INSERT INTO public.deliveris VALUES (907, '1962-01-12', 971, 890, 132, 120, 995, 1893, 409);
INSERT INTO public.deliveris VALUES (908, '1986-03-14', 885, 64, 118, 230, 664, 1755, 869);
INSERT INTO public.deliveris VALUES (909, '1999-08-21', 657, 646, 717, 854, 270, 912, 306);
INSERT INTO public.deliveris VALUES (910, '1983-10-19', 552, 993, 539, 324, 397, 903, 83);
INSERT INTO public.deliveris VALUES (911, '1955-04-09', 406, 781, 498, 530, 984, 1060, 455);
INSERT INTO public.deliveris VALUES (912, '1958-05-27', 810, 985, 31, 784, 454, 219, 288);
INSERT INTO public.deliveris VALUES (913, '1981-10-10', 967, 263, 495, 889, 398, 1725, 253);
INSERT INTO public.deliveris VALUES (914, '1983-07-21', 12, 100, 983, 796, 975, 564, 593);
INSERT INTO public.deliveris VALUES (915, '1996-05-20', 574, 737, 792, 455, 36, 1727, 409);
INSERT INTO public.deliveris VALUES (916, '1990-08-03', 940, 3, 700, 758, 652, 1451, 653);
INSERT INTO public.deliveris VALUES (917, '1955-09-09', 110, 13, 463, 630, 704, 1104, 657);
INSERT INTO public.deliveris VALUES (918, '1987-01-06', 958, 631, 616, 592, 208, 291, 466);
INSERT INTO public.deliveris VALUES (919, '1994-03-29', 257, 230, 693, 23, 17, 910, 222);
INSERT INTO public.deliveris VALUES (920, '1978-09-24', 721, 291, 268, 159, 379, 1425, 372);
INSERT INTO public.deliveris VALUES (921, '1964-08-24', 125, 513, 456, 298, 875, 505, 713);
INSERT INTO public.deliveris VALUES (922, '1999-01-11', 936, 27, 359, 518, 731, 1223, 218);
INSERT INTO public.deliveris VALUES (923, '1954-06-12', 737, 260, 572, 678, 449, 1657, 472);
INSERT INTO public.deliveris VALUES (924, '1972-02-06', 601, 409, 210, 783, 408, 396, 680);
INSERT INTO public.deliveris VALUES (925, '1957-02-14', 761, 211, 235, 721, 343, 1778, 59);
INSERT INTO public.deliveris VALUES (926, '1964-02-14', 85, 202, 7, 902, 403, 171, 116);
INSERT INTO public.deliveris VALUES (927, '1955-04-25', 843, 746, 20, 170, 57, 790, 105);
INSERT INTO public.deliveris VALUES (928, '1978-01-03', 665, 577, 266, 769, 482, 92, 8);
INSERT INTO public.deliveris VALUES (929, '1996-02-05', 976, 158, 927, 814, 856, 1121, 730);
INSERT INTO public.deliveris VALUES (930, '1980-05-16', 747, 222, 953, 889, 219, 596, 54);
INSERT INTO public.deliveris VALUES (931, '1980-11-29', 58, 544, 955, 684, 614, 1857, 501);
INSERT INTO public.deliveris VALUES (932, '1980-07-04', 874, 443, 5, 155, 841, 802, 767);
INSERT INTO public.deliveris VALUES (933, '1991-06-27', 864, 14, 859, 932, 288, 605, 472);
INSERT INTO public.deliveris VALUES (934, '1991-01-24', 479, 442, 231, 877, 737, 1478, 577);
INSERT INTO public.deliveris VALUES (935, '1980-10-01', 646, 352, 104, 403, 918, 1482, 523);
INSERT INTO public.deliveris VALUES (936, '1973-02-14', 759, 185, 235, 81, 743, 1267, 152);
INSERT INTO public.deliveris VALUES (937, '1961-05-28', 694, 76, 949, 36, 560, 1067, 882);
INSERT INTO public.deliveris VALUES (938, '1977-04-10', 477, 557, 717, 419, 675, 402, 604);
INSERT INTO public.deliveris VALUES (939, '1990-01-20', 886, 928, 187, 997, 284, 1077, 331);
INSERT INTO public.deliveris VALUES (940, '1977-01-15', 557, 647, 231, 133, 922, 130, 990);
INSERT INTO public.deliveris VALUES (941, '1973-07-03', 636, 651, 852, 531, 931, 374, 942);
INSERT INTO public.deliveris VALUES (942, '1973-04-24', 349, 683, 985, 758, 534, 243, 699);
INSERT INTO public.deliveris VALUES (943, '1963-10-17', 112, 390, 242, 113, 586, 372, 702);
INSERT INTO public.deliveris VALUES (944, '1971-02-15', 780, 379, 809, 356, 490, 416, 90);
INSERT INTO public.deliveris VALUES (945, '1954-05-05', 475, 654, 865, 167, 938, 1580, 410);
INSERT INTO public.deliveris VALUES (946, '1980-02-20', 813, 675, 772, 835, 617, 1220, 97);
INSERT INTO public.deliveris VALUES (947, '1972-07-26', 532, 253, 36, 186, 28, 1137, 186);
INSERT INTO public.deliveris VALUES (948, '1959-11-01', 858, 297, 331, 410, 501, 1925, 354);
INSERT INTO public.deliveris VALUES (949, '1988-10-18', 876, 111, 836, 406, 532, 923, 257);
INSERT INTO public.deliveris VALUES (950, '1960-11-16', 401, 81, 720, 44, 933, 294, 473);
INSERT INTO public.deliveris VALUES (951, '1984-08-16', 76, 72, 285, 703, 350, 794, 99);
INSERT INTO public.deliveris VALUES (952, '1991-01-26', 752, 894, 747, 887, 989, 1021, 318);
INSERT INTO public.deliveris VALUES (953, '1988-08-22', 759, 667, 505, 49, 462, 1508, 796);
INSERT INTO public.deliveris VALUES (954, '1977-04-27', 373, 963, 763, 565, 400, 1311, 715);
INSERT INTO public.deliveris VALUES (955, '1955-05-07', 302, 783, 447, 961, 363, 442, 90);
INSERT INTO public.deliveris VALUES (956, '1990-07-26', 321, 810, 839, 897, 324, 802, 750);
INSERT INTO public.deliveris VALUES (957, '1962-04-20', 734, 337, 477, 606, 804, 1454, 426);
INSERT INTO public.deliveris VALUES (958, '1986-11-15', 851, 176, 394, 163, 875, 1595, 316);
INSERT INTO public.deliveris VALUES (959, '1980-01-13', 978, 887, 982, 743, 134, 1611, 981);
INSERT INTO public.deliveris VALUES (960, '1961-11-09', 703, 116, 696, 229, 941, 1142, 155);
INSERT INTO public.deliveris VALUES (961, '1958-01-12', 122, 563, 388, 487, 566, 1385, 996);
INSERT INTO public.deliveris VALUES (962, '1975-08-08', 969, 681, 993, 541, 670, 806, 509);
INSERT INTO public.deliveris VALUES (963, '1961-05-06', 40, 645, 443, 395, 919, 642, 904);
INSERT INTO public.deliveris VALUES (964, '1998-10-07', 625, 805, 108, 369, 27, 1255, 115);
INSERT INTO public.deliveris VALUES (965, '1964-10-08', 906, 202, 287, 422, 65, 203, 519);
INSERT INTO public.deliveris VALUES (966, '1979-06-20', 904, 887, 229, 243, 545, 390, 416);
INSERT INTO public.deliveris VALUES (967, '1970-09-11', 72, 267, 424, 273, 341, 1415, 581);
INSERT INTO public.deliveris VALUES (968, '1963-08-24', 226, 314, 371, 532, 712, 403, 641);
INSERT INTO public.deliveris VALUES (969, '2000-11-11', 97, 186, 643, 121, 333, 691, 735);
INSERT INTO public.deliveris VALUES (970, '1993-10-06', 23, 824, 88, 94, 39, 1771, 187);
INSERT INTO public.deliveris VALUES (971, '1983-04-19', 486, 818, 93, 552, 270, 1664, 546);
INSERT INTO public.deliveris VALUES (972, '1982-06-11', 680, 121, 365, 693, 356, 566, 717);
INSERT INTO public.deliveris VALUES (973, '1976-03-08', 144, 188, 871, 709, 777, 1518, 99);
INSERT INTO public.deliveris VALUES (974, '1954-04-07', 576, 289, 347, 969, 930, 758, 444);
INSERT INTO public.deliveris VALUES (975, '1981-06-06', 576, 944, 660, 851, 108, 859, 958);
INSERT INTO public.deliveris VALUES (976, '2000-02-16', 865, 703, 382, 604, 991, 1758, 456);
INSERT INTO public.deliveris VALUES (977, '1999-02-17', 675, 60, 888, 580, 460, 717, 903);
INSERT INTO public.deliveris VALUES (978, '1990-02-15', 832, 98, 518, 35, 921, 1508, 462);
INSERT INTO public.deliveris VALUES (979, '1996-06-20', 772, 125, 213, 799, 76, 1115, 135);
INSERT INTO public.deliveris VALUES (980, '1974-04-03', 748, 425, 788, 782, 516, 670, 279);
INSERT INTO public.deliveris VALUES (981, '1989-05-22', 714, 544, 823, 843, 221, 139, 561);
INSERT INTO public.deliveris VALUES (982, '1981-07-12', 504, 451, 915, 287, 266, 949, 621);
INSERT INTO public.deliveris VALUES (983, '1980-10-05', 3, 766, 201, 696, 216, 453, 454);
INSERT INTO public.deliveris VALUES (984, '1967-11-13', 873, 990, 270, 729, 271, 1883, 693);
INSERT INTO public.deliveris VALUES (985, '1960-11-27', 319, 660, 581, 335, 488, 597, 750);
INSERT INTO public.deliveris VALUES (986, '1965-06-11', 233, 177, 8, 185, 759, 1792, 232);
INSERT INTO public.deliveris VALUES (987, '1969-02-08', 50, 577, 930, 467, 773, 1535, 659);
INSERT INTO public.deliveris VALUES (988, '1972-02-02', 719, 214, 19, 1, 522, 376, 243);
INSERT INTO public.deliveris VALUES (989, '1993-04-10', 926, 195, 389, 94, 50, 970, 39);
INSERT INTO public.deliveris VALUES (990, '1982-11-08', 606, 45, 676, 828, 737, 462, 365);
INSERT INTO public.deliveris VALUES (991, '1961-09-07', 387, 622, 732, 580, 297, 16, 351);
INSERT INTO public.deliveris VALUES (992, '1972-07-01', 629, 481, 956, 338, 376, 1910, 630);
INSERT INTO public.deliveris VALUES (993, '1995-05-20', 325, 144, 157, 99, 354, 903, 551);
INSERT INTO public.deliveris VALUES (994, '1977-02-09', 988, 280, 10, 700, 869, 1722, 789);
INSERT INTO public.deliveris VALUES (995, '1977-06-20', 294, 406, 876, 190, 859, 639, 814);
INSERT INTO public.deliveris VALUES (996, '1985-04-11', 777, 164, 256, 195, 99, 1921, 925);
INSERT INTO public.deliveris VALUES (997, '1993-03-12', 957, 664, 735, 310, 805, 332, 366);


--
-- Data for Name: occupation; Type: TABLE DATA; Schema: public; Owner: postgres
--

INSERT INTO public.occupation VALUES (1, 'Clgctxtw');
INSERT INTO public.occupation VALUES (2, 'Hpdblikjwu');
INSERT INTO public.occupation VALUES (3, 'Uhuofnr');
INSERT INTO public.occupation VALUES (4, 'Ajej');
INSERT INTO public.occupation VALUES (5, 'Icdefats');
INSERT INTO public.occupation VALUES (6, 'Fxtwjf');
INSERT INTO public.occupation VALUES (7, 'Itgnuiwog');
INSERT INTO public.occupation VALUES (8, 'Eqlxxncc');
INSERT INTO public.occupation VALUES (9, 'Cwugu');
INSERT INTO public.occupation VALUES (10, 'Ifylbbvajd');
INSERT INTO public.occupation VALUES (11, 'Sphhsrsbe');
INSERT INTO public.occupation VALUES (12, 'Vocnt');
INSERT INTO public.occupation VALUES (13, 'Abtmdkja');
INSERT INTO public.occupation VALUES (14, 'Uwjkyvblg');
INSERT INTO public.occupation VALUES (15, 'Anshwvmg');
INSERT INTO public.occupation VALUES (16, 'Hqofthufbp');
INSERT INTO public.occupation VALUES (17, 'Ovrrwkvuo');
INSERT INTO public.occupation VALUES (18, 'Qqtformsc');
INSERT INTO public.occupation VALUES (19, 'Jykovm');
INSERT INTO public.occupation VALUES (20, 'Gniavv');
INSERT INTO public.occupation VALUES (21, 'Bwio');
INSERT INTO public.occupation VALUES (22, 'Rywcwurmts');
INSERT INTO public.occupation VALUES (23, 'Pyqbdev');
INSERT INTO public.occupation VALUES (24, 'Giwn');
INSERT INTO public.occupation VALUES (25, 'Emiaphhg');
INSERT INTO public.occupation VALUES (26, 'Kvej');
INSERT INTO public.occupation VALUES (27, 'Ltmr');
INSERT INTO public.occupation VALUES (28, 'Dbpfp');
INSERT INTO public.occupation VALUES (29, 'Wmpwdj');
INSERT INTO public.occupation VALUES (30, 'Jghevlkmu');
INSERT INTO public.occupation VALUES (31, 'Wbfx');
INSERT INTO public.occupation VALUES (32, 'Ujjwagkxj');
INSERT INTO public.occupation VALUES (33, 'Bcayhqdg');
INSERT INTO public.occupation VALUES (34, 'Hhhro');
INSERT INTO public.occupation VALUES (35, 'Aidgub');
INSERT INTO public.occupation VALUES (36, 'Gcwirg');
INSERT INTO public.occupation VALUES (37, 'Yklsjv');
INSERT INTO public.occupation VALUES (38, 'Pqcjbiku');
INSERT INTO public.occupation VALUES (39, 'Amsxmpxu');
INSERT INTO public.occupation VALUES (40, 'Grnl');
INSERT INTO public.occupation VALUES (41, 'Tljfognd');
INSERT INTO public.occupation VALUES (42, 'Qscmpdopo');
INSERT INTO public.occupation VALUES (43, 'Qkbhprd');
INSERT INTO public.occupation VALUES (44, 'Pjvsc');
INSERT INTO public.occupation VALUES (45, 'Youfmce');
INSERT INTO public.occupation VALUES (46, 'Lmix');
INSERT INTO public.occupation VALUES (47, 'Evxnjyxfh');
INSERT INTO public.occupation VALUES (48, 'Kxlmmrfcbi');
INSERT INTO public.occupation VALUES (49, 'Sklxhh');
INSERT INTO public.occupation VALUES (50, 'Tufvb');
INSERT INTO public.occupation VALUES (51, 'Caiwuapslj');
INSERT INTO public.occupation VALUES (52, 'Qtnicauee');
INSERT INTO public.occupation VALUES (53, 'Qtealnp');
INSERT INTO public.occupation VALUES (54, 'Qjqv');
INSERT INTO public.occupation VALUES (55, 'Kvovgc');
INSERT INTO public.occupation VALUES (56, 'Yjknahk');
INSERT INTO public.occupation VALUES (57, 'Rmlgu');
INSERT INTO public.occupation VALUES (58, 'Mnbfsai');
INSERT INTO public.occupation VALUES (59, 'Yhaqcuqbk');
INSERT INTO public.occupation VALUES (60, 'Eymhangv');
INSERT INTO public.occupation VALUES (61, 'Snvlnqvaas');
INSERT INTO public.occupation VALUES (62, 'Eawnt');
INSERT INTO public.occupation VALUES (63, 'Eusdtjnud');
INSERT INTO public.occupation VALUES (64, 'Oxohlnm');
INSERT INTO public.occupation VALUES (65, 'Nbrqrccnkg');
INSERT INTO public.occupation VALUES (66, 'Haac');
INSERT INTO public.occupation VALUES (67, 'Jwds');
INSERT INTO public.occupation VALUES (68, 'Xbbecj');
INSERT INTO public.occupation VALUES (69, 'Jfnrtpc');
INSERT INTO public.occupation VALUES (70, 'Mxkcddkd');
INSERT INTO public.occupation VALUES (71, 'Wyfa');
INSERT INTO public.occupation VALUES (72, 'Jshxoc');
INSERT INTO public.occupation VALUES (73, 'Wsmswslkg');
INSERT INTO public.occupation VALUES (74, 'Jrnya');
INSERT INTO public.occupation VALUES (75, 'Iwnfksi');
INSERT INTO public.occupation VALUES (76, 'Nwepd');
INSERT INTO public.occupation VALUES (77, 'Bhvk');
INSERT INTO public.occupation VALUES (78, 'Lbvuim');
INSERT INTO public.occupation VALUES (79, 'Wtvm');
INSERT INTO public.occupation VALUES (80, 'Spuj');
INSERT INTO public.occupation VALUES (81, 'Eqjcqxeyid');
INSERT INTO public.occupation VALUES (82, 'Bbvsfl');
INSERT INTO public.occupation VALUES (83, 'Vlyhhlso');
INSERT INTO public.occupation VALUES (84, 'Rggnrliram');
INSERT INTO public.occupation VALUES (85, 'Pwtqiajo');
INSERT INTO public.occupation VALUES (86, 'Qcfitfttpg');
INSERT INTO public.occupation VALUES (87, 'Wbwavove');
INSERT INTO public.occupation VALUES (88, 'Sodxeqk');
INSERT INTO public.occupation VALUES (89, 'Sahk');
INSERT INTO public.occupation VALUES (90, 'Ntskkwia');
INSERT INTO public.occupation VALUES (91, 'Gmfusm');
INSERT INTO public.occupation VALUES (92, 'Dxcdpvdqf');
INSERT INTO public.occupation VALUES (93, 'Uaofus');
INSERT INTO public.occupation VALUES (94, 'Rgeiq');
INSERT INTO public.occupation VALUES (95, 'Suqvjihb');
INSERT INTO public.occupation VALUES (96, 'Chvmcbv');
INSERT INTO public.occupation VALUES (97, 'Xncjsypkfw');
INSERT INTO public.occupation VALUES (98, 'Wjktvyjjbf');
INSERT INTO public.occupation VALUES (99, 'Dcnjnbkcd');
INSERT INTO public.occupation VALUES (100, 'Ebppnn');
INSERT INTO public.occupation VALUES (101, 'Olfbo');
INSERT INTO public.occupation VALUES (102, 'Mkye');
INSERT INTO public.occupation VALUES (103, 'Isaidp');
INSERT INTO public.occupation VALUES (104, 'Caqxvk');
INSERT INTO public.occupation VALUES (105, 'Sidapba');
INSERT INTO public.occupation VALUES (106, 'Dbddn');
INSERT INTO public.occupation VALUES (107, 'Ageuipjjs');
INSERT INTO public.occupation VALUES (108, 'Vwal');
INSERT INTO public.occupation VALUES (109, 'Nbgmovxf');
INSERT INTO public.occupation VALUES (110, 'Ymsuyllq');
INSERT INTO public.occupation VALUES (111, 'Omlyfpc');
INSERT INTO public.occupation VALUES (112, 'Fqhupudgb');
INSERT INTO public.occupation VALUES (113, 'Qackimwy');
INSERT INTO public.occupation VALUES (114, 'Hotqelwf');
INSERT INTO public.occupation VALUES (115, 'Geieg');
INSERT INTO public.occupation VALUES (116, 'Mgblx');
INSERT INTO public.occupation VALUES (117, 'Jyymaeyrg');
INSERT INTO public.occupation VALUES (118, 'Pqyu');
INSERT INTO public.occupation VALUES (119, 'Jkpeayeg');
INSERT INTO public.occupation VALUES (120, 'Nuimcpr');
INSERT INTO public.occupation VALUES (121, 'Amfgnoycts');
INSERT INTO public.occupation VALUES (122, 'Unfknv');
INSERT INTO public.occupation VALUES (123, 'Gvsm');
INSERT INTO public.occupation VALUES (124, 'Mmcbdsxv');
INSERT INTO public.occupation VALUES (125, 'Irly');
INSERT INTO public.occupation VALUES (126, 'Twratkem');
INSERT INTO public.occupation VALUES (127, 'Nagawcq');
INSERT INTO public.occupation VALUES (128, 'Dfsivto');
INSERT INTO public.occupation VALUES (129, 'Monmbfam');
INSERT INTO public.occupation VALUES (130, 'Fettdimjt');
INSERT INTO public.occupation VALUES (131, 'Uptowf');
INSERT INTO public.occupation VALUES (132, 'Ofqj');
INSERT INTO public.occupation VALUES (133, 'Fxepkm');
INSERT INTO public.occupation VALUES (134, 'Wmgsdwwb');
INSERT INTO public.occupation VALUES (135, 'Cmexxjen');
INSERT INTO public.occupation VALUES (136, 'Oyyhavmg');
INSERT INTO public.occupation VALUES (137, 'Qjcpy');
INSERT INTO public.occupation VALUES (138, 'Wiso');
INSERT INTO public.occupation VALUES (139, 'Xmph');
INSERT INTO public.occupation VALUES (140, 'Oeyvgywpc');
INSERT INTO public.occupation VALUES (141, 'Gvlrvlaj');
INSERT INTO public.occupation VALUES (142, 'Rcsnjdt');
INSERT INTO public.occupation VALUES (143, 'Eytannug');
INSERT INTO public.occupation VALUES (144, 'Hdos');
INSERT INTO public.occupation VALUES (145, 'Bvbtg');
INSERT INTO public.occupation VALUES (146, 'Qojabhttbf');
INSERT INTO public.occupation VALUES (147, 'Ujrdhim');
INSERT INTO public.occupation VALUES (148, 'Jitjpnyehe');
INSERT INTO public.occupation VALUES (149, 'Dgyv');
INSERT INTO public.occupation VALUES (150, 'Ywitkyeeks');
INSERT INTO public.occupation VALUES (151, 'Abmdtpn');
INSERT INTO public.occupation VALUES (152, 'Qmxuh');
INSERT INTO public.occupation VALUES (153, 'Rsonccxmg');
INSERT INTO public.occupation VALUES (154, 'Csksi');
INSERT INTO public.occupation VALUES (155, 'Adblgvivmp');
INSERT INTO public.occupation VALUES (156, 'Uwgcownll');
INSERT INTO public.occupation VALUES (157, 'Iuogol');
INSERT INTO public.occupation VALUES (158, 'Voskqie');
INSERT INTO public.occupation VALUES (159, 'Rypkrwg');
INSERT INTO public.occupation VALUES (160, 'Utvfw');
INSERT INTO public.occupation VALUES (161, 'Fbkm');
INSERT INTO public.occupation VALUES (162, 'Gjsglmg');
INSERT INTO public.occupation VALUES (163, 'Vcxk');
INSERT INTO public.occupation VALUES (164, 'Bbfg');
INSERT INTO public.occupation VALUES (165, 'Qjmotycwl');
INSERT INTO public.occupation VALUES (166, 'Pnafk');
INSERT INTO public.occupation VALUES (167, 'Sivoqnlin');
INSERT INTO public.occupation VALUES (168, 'Yvwerlbdvr');
INSERT INTO public.occupation VALUES (169, 'Bsfw');
INSERT INTO public.occupation VALUES (170, 'Meelslevy');
INSERT INTO public.occupation VALUES (171, 'Achop');
INSERT INTO public.occupation VALUES (172, 'Ixkqdvqs');
INSERT INTO public.occupation VALUES (173, 'Mnbfh');
INSERT INTO public.occupation VALUES (174, 'Nkwoi');
INSERT INTO public.occupation VALUES (175, 'Enuf');
INSERT INTO public.occupation VALUES (176, 'Nlthnnv');
INSERT INTO public.occupation VALUES (177, 'Cuyutx');
INSERT INTO public.occupation VALUES (178, 'Fajxfrry');
INSERT INTO public.occupation VALUES (179, 'Vvnpxuuugl');
INSERT INTO public.occupation VALUES (180, 'Lggf');
INSERT INTO public.occupation VALUES (181, 'Jonpdcff');
INSERT INTO public.occupation VALUES (182, 'Umcxp');
INSERT INTO public.occupation VALUES (183, 'Txhww');
INSERT INTO public.occupation VALUES (184, 'Iwwugs');
INSERT INTO public.occupation VALUES (185, 'Sqnroolh');
INSERT INTO public.occupation VALUES (186, 'Gmob');
INSERT INTO public.occupation VALUES (187, 'Mlufp');
INSERT INTO public.occupation VALUES (188, 'Xgqtptikj');
INSERT INTO public.occupation VALUES (189, 'Oxwtggukt');
INSERT INTO public.occupation VALUES (190, 'Townwlpac');
INSERT INTO public.occupation VALUES (191, 'Jjms');
INSERT INTO public.occupation VALUES (192, 'Mwnwlf');
INSERT INTO public.occupation VALUES (193, 'Crvs');
INSERT INTO public.occupation VALUES (194, 'Ehicbg');
INSERT INTO public.occupation VALUES (195, 'Ioeyslmtn');
INSERT INTO public.occupation VALUES (196, 'Bipo');
INSERT INTO public.occupation VALUES (197, 'Pmhgcfch');
INSERT INTO public.occupation VALUES (198, 'Xmtvnhsvoi');
INSERT INTO public.occupation VALUES (199, 'Jtfdk');
INSERT INTO public.occupation VALUES (200, 'Pypqnnjuf');
INSERT INTO public.occupation VALUES (201, 'Wmstcanyc');
INSERT INTO public.occupation VALUES (202, 'Pefhds');
INSERT INTO public.occupation VALUES (203, 'Ekwi');
INSERT INTO public.occupation VALUES (204, 'Xlcubihli');
INSERT INTO public.occupation VALUES (205, 'Cgcqsviua');
INSERT INTO public.occupation VALUES (206, 'Vtriqmxd');
INSERT INTO public.occupation VALUES (207, 'Mrjuk');
INSERT INTO public.occupation VALUES (208, 'Mdfiv');
INSERT INTO public.occupation VALUES (209, 'Lotgl');
INSERT INTO public.occupation VALUES (210, 'Egim');
INSERT INTO public.occupation VALUES (211, 'Yxnfabjqff');
INSERT INTO public.occupation VALUES (212, 'Lxgp');
INSERT INTO public.occupation VALUES (213, 'Mcga');
INSERT INTO public.occupation VALUES (214, 'Ordbe');
INSERT INTO public.occupation VALUES (215, 'Vvfsd');
INSERT INTO public.occupation VALUES (216, 'Ttwqwxq');
INSERT INTO public.occupation VALUES (217, 'Jkrwbwjemk');
INSERT INTO public.occupation VALUES (218, 'Yuilyukgha');
INSERT INTO public.occupation VALUES (219, 'Amgwv');
INSERT INTO public.occupation VALUES (220, 'Gudj');
INSERT INTO public.occupation VALUES (221, 'Ihaxdq');
INSERT INTO public.occupation VALUES (222, 'Fhsf');
INSERT INTO public.occupation VALUES (223, 'Uqqyvokb');
INSERT INTO public.occupation VALUES (224, 'Fshnb');
INSERT INTO public.occupation VALUES (225, 'Svfoffvvi');
INSERT INTO public.occupation VALUES (226, 'Kuddv');
INSERT INTO public.occupation VALUES (227, 'Tuhbp');
INSERT INTO public.occupation VALUES (228, 'Bedcoedjuw');
INSERT INTO public.occupation VALUES (229, 'Rukwsb');
INSERT INTO public.occupation VALUES (230, 'Dcqicrfwu');
INSERT INTO public.occupation VALUES (231, 'Gcpawy');
INSERT INTO public.occupation VALUES (232, 'Urkyccdnoa');
INSERT INTO public.occupation VALUES (233, 'Smasjoih');
INSERT INTO public.occupation VALUES (234, 'Icvoqd');
INSERT INTO public.occupation VALUES (235, 'Glpwvwgtr');
INSERT INTO public.occupation VALUES (236, 'Knie');
INSERT INTO public.occupation VALUES (237, 'Gadq');
INSERT INTO public.occupation VALUES (238, 'Gdrtkq');
INSERT INTO public.occupation VALUES (239, 'Mwkc');
INSERT INTO public.occupation VALUES (240, 'Nwoueotgt');
INSERT INTO public.occupation VALUES (241, 'Nbnhgdjobu');
INSERT INTO public.occupation VALUES (242, 'Gwvrgfey');
INSERT INTO public.occupation VALUES (243, 'Mdbvecgk');
INSERT INTO public.occupation VALUES (244, 'Ohanuw');
INSERT INTO public.occupation VALUES (245, 'Yjpcy');
INSERT INTO public.occupation VALUES (246, 'Eromeu');
INSERT INTO public.occupation VALUES (247, 'Ycgckuast');
INSERT INTO public.occupation VALUES (248, 'Rvqkiqajq');
INSERT INTO public.occupation VALUES (249, 'Kdhuccoh');
INSERT INTO public.occupation VALUES (250, 'Qtkh');
INSERT INTO public.occupation VALUES (251, 'Mvsymrxe');
INSERT INTO public.occupation VALUES (252, 'Arosasbqq');
INSERT INTO public.occupation VALUES (253, 'Jbwftqo');
INSERT INTO public.occupation VALUES (254, 'Wjbbbwwos');
INSERT INTO public.occupation VALUES (255, 'Ticawqpx');
INSERT INTO public.occupation VALUES (256, 'Xpeaev');
INSERT INTO public.occupation VALUES (257, 'Jiswey');
INSERT INTO public.occupation VALUES (258, 'Ifkahmho');
INSERT INTO public.occupation VALUES (259, 'Egbwkssoew');
INSERT INTO public.occupation VALUES (260, 'Ftaqi');
INSERT INTO public.occupation VALUES (261, 'Yekiijsv');
INSERT INTO public.occupation VALUES (262, 'Dpsh');
INSERT INTO public.occupation VALUES (263, 'Pswbyd');
INSERT INTO public.occupation VALUES (264, 'Lbojcxpdcs');
INSERT INTO public.occupation VALUES (265, 'Xtay');
INSERT INTO public.occupation VALUES (266, 'Nxaemvhlxi');
INSERT INTO public.occupation VALUES (267, 'Exmmy');
INSERT INTO public.occupation VALUES (268, 'Hnpvheu');
INSERT INTO public.occupation VALUES (269, 'Slbqch');
INSERT INTO public.occupation VALUES (270, 'Xneaq');
INSERT INTO public.occupation VALUES (271, 'Vmxpjxj');
INSERT INTO public.occupation VALUES (272, 'Uqomlo');
INSERT INTO public.occupation VALUES (273, 'Vcxtm');
INSERT INTO public.occupation VALUES (274, 'Ytiq');
INSERT INTO public.occupation VALUES (275, 'Nrkdjiacl');
INSERT INTO public.occupation VALUES (276, 'Npgyvvidew');
INSERT INTO public.occupation VALUES (277, 'Kbmxqmdhhh');
INSERT INTO public.occupation VALUES (278, 'Vsyma');
INSERT INTO public.occupation VALUES (279, 'Ipby');
INSERT INTO public.occupation VALUES (280, 'Qpvsfoelvl');
INSERT INTO public.occupation VALUES (281, 'Jdmjn');
INSERT INTO public.occupation VALUES (282, 'Katipheek');
INSERT INTO public.occupation VALUES (283, 'Cusvklnjal');
INSERT INTO public.occupation VALUES (284, 'Rbwaa');
INSERT INTO public.occupation VALUES (285, 'Kwvpldko');
INSERT INTO public.occupation VALUES (286, 'Aqkvq');
INSERT INTO public.occupation VALUES (287, 'Avqmiugou');
INSERT INTO public.occupation VALUES (288, 'Cttf');
INSERT INTO public.occupation VALUES (289, 'Xuogtis');
INSERT INTO public.occupation VALUES (290, 'Sxcrtb');
INSERT INTO public.occupation VALUES (291, 'Dsthcfw');
INSERT INTO public.occupation VALUES (292, 'Vqoidw');
INSERT INTO public.occupation VALUES (293, 'Quxpcnxq');
INSERT INTO public.occupation VALUES (294, 'Upvdljp');
INSERT INTO public.occupation VALUES (295, 'Uulwd');
INSERT INTO public.occupation VALUES (296, 'Fqosudq');
INSERT INTO public.occupation VALUES (297, 'Putudpmrh');
INSERT INTO public.occupation VALUES (298, 'Xhin');
INSERT INTO public.occupation VALUES (299, 'Xcdsue');
INSERT INTO public.occupation VALUES (300, 'Pjmgxhbm');
INSERT INTO public.occupation VALUES (301, 'Dpfaqbrda');
INSERT INTO public.occupation VALUES (302, 'Dpjysmogp');
INSERT INTO public.occupation VALUES (303, 'Wcknegji');
INSERT INTO public.occupation VALUES (304, 'Ovmiwaww');
INSERT INTO public.occupation VALUES (305, 'Ajyfkeyqe');
INSERT INTO public.occupation VALUES (306, 'Darbmvdqnr');
INSERT INTO public.occupation VALUES (307, 'Owaraowut');
INSERT INTO public.occupation VALUES (308, 'Xeuwhns');
INSERT INTO public.occupation VALUES (309, 'Fmigqbod');
INSERT INTO public.occupation VALUES (310, 'Trvistt');
INSERT INTO public.occupation VALUES (311, 'Xkrpmqwqcw');
INSERT INTO public.occupation VALUES (312, 'Mceaqp');
INSERT INTO public.occupation VALUES (313, 'Ncxjxwsecl');
INSERT INTO public.occupation VALUES (314, 'Aiqiy');
INSERT INTO public.occupation VALUES (315, 'Jjolkt');
INSERT INTO public.occupation VALUES (316, 'Hrgfcrex');
INSERT INTO public.occupation VALUES (317, 'Soayycrkyc');
INSERT INTO public.occupation VALUES (318, 'Tojmmqcxj');
INSERT INTO public.occupation VALUES (319, 'Xjrpw');
INSERT INTO public.occupation VALUES (320, 'Hpkjdlobf');
INSERT INTO public.occupation VALUES (321, 'Snjgm');
INSERT INTO public.occupation VALUES (322, 'Dwyta');
INSERT INTO public.occupation VALUES (323, 'Emhjtsp');
INSERT INTO public.occupation VALUES (324, 'Tvfpneb');
INSERT INTO public.occupation VALUES (325, 'Exutr');
INSERT INTO public.occupation VALUES (326, 'Tthkvphbds');
INSERT INTO public.occupation VALUES (327, 'Cbktspoqa');
INSERT INTO public.occupation VALUES (328, 'Kxdnrmlqmf');
INSERT INTO public.occupation VALUES (329, 'Ifkykvudxm');
INSERT INTO public.occupation VALUES (330, 'Fjpgjvl');
INSERT INTO public.occupation VALUES (331, 'Npnltvbrk');
INSERT INTO public.occupation VALUES (332, 'Cqyptiy');
INSERT INTO public.occupation VALUES (333, 'Kdovpw');
INSERT INTO public.occupation VALUES (334, 'Sukkx');
INSERT INTO public.occupation VALUES (335, 'Tgiempnu');
INSERT INTO public.occupation VALUES (336, 'Nrdl');
INSERT INTO public.occupation VALUES (337, 'Eippuwpy');
INSERT INTO public.occupation VALUES (338, 'Bsruiobog');
INSERT INTO public.occupation VALUES (339, 'Jegou');
INSERT INTO public.occupation VALUES (340, 'Mreroxpt');
INSERT INTO public.occupation VALUES (341, 'Orlmbavtbk');
INSERT INTO public.occupation VALUES (342, 'Cykr');
INSERT INTO public.occupation VALUES (343, 'Hssgjlvg');
INSERT INTO public.occupation VALUES (344, 'Bgcjbqjgo');
INSERT INTO public.occupation VALUES (345, 'Jahbiggdx');
INSERT INTO public.occupation VALUES (346, 'Wqlijye');
INSERT INTO public.occupation VALUES (347, 'Krywafu');
INSERT INTO public.occupation VALUES (348, 'Rdjxsliki');
INSERT INTO public.occupation VALUES (349, 'Pcxidma');
INSERT INTO public.occupation VALUES (350, 'Xkiaesodf');
INSERT INTO public.occupation VALUES (351, 'Bekuyw');
INSERT INTO public.occupation VALUES (352, 'Ngycp');
INSERT INTO public.occupation VALUES (353, 'Lfiedokbt');
INSERT INTO public.occupation VALUES (354, 'Jqhulyk');
INSERT INTO public.occupation VALUES (355, 'Vqwihlkbwm');
INSERT INTO public.occupation VALUES (356, 'Gonyhbbtc');
INSERT INTO public.occupation VALUES (357, 'Ucfyfdov');
INSERT INTO public.occupation VALUES (358, 'Dvouqjilvj');
INSERT INTO public.occupation VALUES (359, 'Eosk');
INSERT INTO public.occupation VALUES (360, 'Ficqfvecwu');
INSERT INTO public.occupation VALUES (361, 'Fyul');
INSERT INTO public.occupation VALUES (362, 'Tmuc');
INSERT INTO public.occupation VALUES (363, 'Ipdqh');
INSERT INTO public.occupation VALUES (364, 'Jpthtkg');
INSERT INTO public.occupation VALUES (365, 'Ymsatour');
INSERT INTO public.occupation VALUES (366, 'Ykeugq');
INSERT INTO public.occupation VALUES (367, 'Apqxhk');
INSERT INTO public.occupation VALUES (368, 'Amnwohyxg');
INSERT INTO public.occupation VALUES (369, 'Cpeiub');
INSERT INTO public.occupation VALUES (370, 'Qqwxlvceos');
INSERT INTO public.occupation VALUES (371, 'Afakhwkg');
INSERT INTO public.occupation VALUES (372, 'Fubkcshmn');
INSERT INTO public.occupation VALUES (373, 'Bqemy');
INSERT INTO public.occupation VALUES (374, 'Nfsglxkdjq');
INSERT INTO public.occupation VALUES (375, 'Hsjsagsa');
INSERT INTO public.occupation VALUES (376, 'Luxst');
INSERT INTO public.occupation VALUES (377, 'Inmv');
INSERT INTO public.occupation VALUES (378, 'Toitiqjkmb');
INSERT INTO public.occupation VALUES (379, 'Cgdnev');
INSERT INTO public.occupation VALUES (380, 'Uajag');
INSERT INTO public.occupation VALUES (381, 'Wedqvq');
INSERT INTO public.occupation VALUES (382, 'Bvofj');
INSERT INTO public.occupation VALUES (383, 'Anbr');
INSERT INTO public.occupation VALUES (384, 'Qirbjcycjk');
INSERT INTO public.occupation VALUES (385, 'Antv');
INSERT INTO public.occupation VALUES (386, 'Wgsqbq');
INSERT INTO public.occupation VALUES (387, 'Dyjdevdc');
INSERT INTO public.occupation VALUES (388, 'Tywh');
INSERT INTO public.occupation VALUES (389, 'Knpne');
INSERT INTO public.occupation VALUES (390, 'Btyiwq');
INSERT INTO public.occupation VALUES (391, 'Unrck');
INSERT INTO public.occupation VALUES (392, 'Iojd');
INSERT INTO public.occupation VALUES (393, 'Eanpaync');
INSERT INTO public.occupation VALUES (394, 'Pnne');
INSERT INTO public.occupation VALUES (395, 'Fjnrjy');
INSERT INTO public.occupation VALUES (396, 'Rpap');
INSERT INTO public.occupation VALUES (397, 'Mkugjv');
INSERT INTO public.occupation VALUES (398, 'Jxrwmybee');
INSERT INTO public.occupation VALUES (399, 'Jubhf');
INSERT INTO public.occupation VALUES (400, 'Qvop');
INSERT INTO public.occupation VALUES (401, 'Drqgemdi');
INSERT INTO public.occupation VALUES (402, 'Shefslghpu');
INSERT INTO public.occupation VALUES (403, 'Hybp');
INSERT INTO public.occupation VALUES (404, 'Qwwtgwlm');
INSERT INTO public.occupation VALUES (405, 'Aqvti');
INSERT INTO public.occupation VALUES (406, 'Duucj');
INSERT INTO public.occupation VALUES (407, 'Mygpxkg');
INSERT INTO public.occupation VALUES (408, 'Miufvdud');
INSERT INTO public.occupation VALUES (409, 'Ohmfqafgo');
INSERT INTO public.occupation VALUES (410, 'Ubwhwavwnl');
INSERT INTO public.occupation VALUES (411, 'Sygrvqc');
INSERT INTO public.occupation VALUES (412, 'Pjhlppw');
INSERT INTO public.occupation VALUES (413, 'Pmfcibeg');
INSERT INTO public.occupation VALUES (414, 'Gmkjystkfn');
INSERT INTO public.occupation VALUES (415, 'Uuovxqj');
INSERT INTO public.occupation VALUES (416, 'Okxxfdjlyy');
INSERT INTO public.occupation VALUES (417, 'Pkqrbymmfs');
INSERT INTO public.occupation VALUES (418, 'Kdfylajy');
INSERT INTO public.occupation VALUES (419, 'Vbvotwwykp');
INSERT INTO public.occupation VALUES (420, 'Xdryeafxs');
INSERT INTO public.occupation VALUES (421, 'Njvo');
INSERT INTO public.occupation VALUES (422, 'Rtcvp');
INSERT INTO public.occupation VALUES (423, 'Tytw');
INSERT INTO public.occupation VALUES (424, 'Niammqhe');
INSERT INTO public.occupation VALUES (425, 'Gfmkahgig');
INSERT INTO public.occupation VALUES (426, 'Devniod');
INSERT INTO public.occupation VALUES (427, 'Uxvhbtqm');
INSERT INTO public.occupation VALUES (428, 'Kficsaodkg');
INSERT INTO public.occupation VALUES (429, 'Voujjnb');
INSERT INTO public.occupation VALUES (430, 'Prekrsxc');
INSERT INTO public.occupation VALUES (431, 'Odqnlsb');
INSERT INTO public.occupation VALUES (432, 'Yphbgxpry');
INSERT INTO public.occupation VALUES (433, 'Ugmyugavg');
INSERT INTO public.occupation VALUES (434, 'Nlso');
INSERT INTO public.occupation VALUES (435, 'Cexramk');
INSERT INTO public.occupation VALUES (436, 'Oepi');
INSERT INTO public.occupation VALUES (437, 'Ftocqkf');
INSERT INTO public.occupation VALUES (438, 'Hvlry');
INSERT INTO public.occupation VALUES (439, 'Vrtbf');
INSERT INTO public.occupation VALUES (440, 'Ivqhkrsgq');
INSERT INTO public.occupation VALUES (441, 'Vpsxr');
INSERT INTO public.occupation VALUES (442, 'Kqbemsdqf');
INSERT INTO public.occupation VALUES (443, 'Huvxqarhak');
INSERT INTO public.occupation VALUES (444, 'Ejfj');
INSERT INTO public.occupation VALUES (445, 'Uphcwl');
INSERT INTO public.occupation VALUES (446, 'Rabvqpewe');
INSERT INTO public.occupation VALUES (447, 'Puysw');
INSERT INTO public.occupation VALUES (448, 'Xijp');
INSERT INTO public.occupation VALUES (449, 'Soqa');
INSERT INTO public.occupation VALUES (450, 'Uiqcepg');
INSERT INTO public.occupation VALUES (451, 'Esmk');
INSERT INTO public.occupation VALUES (452, 'Aejylj');
INSERT INTO public.occupation VALUES (453, 'Xdjablg');
INSERT INTO public.occupation VALUES (454, 'Djtkqlwq');
INSERT INTO public.occupation VALUES (455, 'Lkpdodwee');
INSERT INTO public.occupation VALUES (456, 'Paineibm');
INSERT INTO public.occupation VALUES (457, 'Jrtawtc');
INSERT INTO public.occupation VALUES (458, 'Lpiss');
INSERT INTO public.occupation VALUES (459, 'Iaiegmryv');
INSERT INTO public.occupation VALUES (460, 'Lefkg');
INSERT INTO public.occupation VALUES (461, 'Rurgy');
INSERT INTO public.occupation VALUES (462, 'Jmikxbdbrs');
INSERT INTO public.occupation VALUES (463, 'Vwgdihydh');
INSERT INTO public.occupation VALUES (464, 'Ggrxdsbp');
INSERT INTO public.occupation VALUES (465, 'Rwvokhnma');
INSERT INTO public.occupation VALUES (466, 'Cxqxwuvsb');
INSERT INTO public.occupation VALUES (467, 'Rcyi');
INSERT INTO public.occupation VALUES (468, 'Jkkf');
INSERT INTO public.occupation VALUES (469, 'Nwoninhf');
INSERT INTO public.occupation VALUES (470, 'Fdrjd');
INSERT INTO public.occupation VALUES (471, 'Gskiffegh');
INSERT INTO public.occupation VALUES (472, 'Dnvvivxf');
INSERT INTO public.occupation VALUES (473, 'Mpvqoaqvp');
INSERT INTO public.occupation VALUES (474, 'Gglxdlkll');
INSERT INTO public.occupation VALUES (475, 'Mmklng');
INSERT INTO public.occupation VALUES (476, 'Nljhiwgv');
INSERT INTO public.occupation VALUES (477, 'Whpxae');
INSERT INTO public.occupation VALUES (478, 'Qhbmqnvamy');
INSERT INTO public.occupation VALUES (479, 'Jacmuq');
INSERT INTO public.occupation VALUES (480, 'Bqdu');
INSERT INTO public.occupation VALUES (481, 'Gvqhtt');
INSERT INTO public.occupation VALUES (482, 'Svxrf');
INSERT INTO public.occupation VALUES (483, 'Coolnhy');
INSERT INTO public.occupation VALUES (484, 'Lobuvp');
INSERT INTO public.occupation VALUES (485, 'Dxvfaynkub');
INSERT INTO public.occupation VALUES (486, 'Fvystx');
INSERT INTO public.occupation VALUES (487, 'Gkmgwxww');
INSERT INTO public.occupation VALUES (488, 'Gjpjh');
INSERT INTO public.occupation VALUES (489, 'Abcir');
INSERT INTO public.occupation VALUES (490, 'Mgic');
INSERT INTO public.occupation VALUES (491, 'Ihdrdumak');
INSERT INTO public.occupation VALUES (492, 'Urcqjjb');
INSERT INTO public.occupation VALUES (493, 'Spnne');
INSERT INTO public.occupation VALUES (494, 'Nsfqij');
INSERT INTO public.occupation VALUES (495, 'Ssvd');
INSERT INTO public.occupation VALUES (496, 'Yyje');
INSERT INTO public.occupation VALUES (497, 'Hvtpg');
INSERT INTO public.occupation VALUES (498, 'Nukkgfphg');
INSERT INTO public.occupation VALUES (499, 'Aclgcg');
INSERT INTO public.occupation VALUES (500, 'Prtpntqygr');
INSERT INTO public.occupation VALUES (501, 'Cqhxscxc');
INSERT INTO public.occupation VALUES (502, 'Qvigvln');
INSERT INTO public.occupation VALUES (503, 'Furq');
INSERT INTO public.occupation VALUES (504, 'Ifhaiuicb');
INSERT INTO public.occupation VALUES (505, 'Jktnybp');
INSERT INTO public.occupation VALUES (506, 'Otsd');
INSERT INTO public.occupation VALUES (507, 'Ofmelcwvyg');
INSERT INTO public.occupation VALUES (508, 'Slediar');
INSERT INTO public.occupation VALUES (509, 'Xmbevhsfxd');
INSERT INTO public.occupation VALUES (510, 'Msunpgr');
INSERT INTO public.occupation VALUES (511, 'Lgqhxy');
INSERT INTO public.occupation VALUES (512, 'Gkpkdiu');
INSERT INTO public.occupation VALUES (513, 'Ervejoh');
INSERT INTO public.occupation VALUES (514, 'Llrycm');
INSERT INTO public.occupation VALUES (515, 'Aneuxdg');
INSERT INTO public.occupation VALUES (516, 'Jdehyjgrmk');
INSERT INTO public.occupation VALUES (517, 'Bqpeahiv');
INSERT INTO public.occupation VALUES (518, 'Rkkeonbkk');
INSERT INTO public.occupation VALUES (519, 'Auqsvex');
INSERT INTO public.occupation VALUES (520, 'Gpny');
INSERT INTO public.occupation VALUES (521, 'Jaivchiqw');
INSERT INTO public.occupation VALUES (522, 'Qwnfdrvh');
INSERT INTO public.occupation VALUES (523, 'Xkucvfsw');
INSERT INTO public.occupation VALUES (524, 'Kkqqkqcp');
INSERT INTO public.occupation VALUES (525, 'Gfgccbovus');
INSERT INTO public.occupation VALUES (526, 'Cfpgnb');
INSERT INTO public.occupation VALUES (527, 'Mnyljaj');
INSERT INTO public.occupation VALUES (528, 'Fpncb');
INSERT INTO public.occupation VALUES (529, 'Sjhdx');
INSERT INTO public.occupation VALUES (530, 'Fwywb');
INSERT INTO public.occupation VALUES (531, 'Erlxdvjsw');
INSERT INTO public.occupation VALUES (532, 'Slvlm');
INSERT INTO public.occupation VALUES (533, 'Rfkcxuqqb');
INSERT INTO public.occupation VALUES (534, 'Bokbp');
INSERT INTO public.occupation VALUES (535, 'Ymxvswc');
INSERT INTO public.occupation VALUES (536, 'Ugkjkshfyu');
INSERT INTO public.occupation VALUES (537, 'Npyuvv');
INSERT INTO public.occupation VALUES (538, 'Salypclepb');
INSERT INTO public.occupation VALUES (539, 'Loko');
INSERT INTO public.occupation VALUES (540, 'Wvtmxa');
INSERT INTO public.occupation VALUES (541, 'Kgvyymmje');
INSERT INTO public.occupation VALUES (542, 'Jysqlwfq');
INSERT INTO public.occupation VALUES (543, 'Ydgmmp');
INSERT INTO public.occupation VALUES (544, 'Ldotvpouug');
INSERT INTO public.occupation VALUES (545, 'Cffii');
INSERT INTO public.occupation VALUES (546, 'Lvkvtdik');
INSERT INTO public.occupation VALUES (547, 'Okuox');
INSERT INTO public.occupation VALUES (548, 'Mnwtq');
INSERT INTO public.occupation VALUES (549, 'Emyarhum');
INSERT INTO public.occupation VALUES (550, 'Rjhgxdkq');
INSERT INTO public.occupation VALUES (551, 'Uhqopkth');
INSERT INTO public.occupation VALUES (552, 'Idqjnfsgsk');
INSERT INTO public.occupation VALUES (553, 'Eugchmiqap');
INSERT INTO public.occupation VALUES (554, 'Itdbbjgm');
INSERT INTO public.occupation VALUES (555, 'Nrkoa');
INSERT INTO public.occupation VALUES (556, 'Qenrcaiwv');
INSERT INTO public.occupation VALUES (557, 'Abdn');
INSERT INTO public.occupation VALUES (558, 'Woymtjulh');
INSERT INTO public.occupation VALUES (559, 'Efsoiiyi');
INSERT INTO public.occupation VALUES (560, 'Rqpycsmc');
INSERT INTO public.occupation VALUES (561, 'Crqmivkroy');
INSERT INTO public.occupation VALUES (562, 'Feelfac');
INSERT INTO public.occupation VALUES (563, 'Xicetdebdq');
INSERT INTO public.occupation VALUES (564, 'Qeyo');
INSERT INTO public.occupation VALUES (565, 'Rwqjawnb');
INSERT INTO public.occupation VALUES (566, 'Xsnbtdhu');
INSERT INTO public.occupation VALUES (567, 'Xoyyawdxm');
INSERT INTO public.occupation VALUES (568, 'Wbnalyodf');
INSERT INTO public.occupation VALUES (569, 'Qnwlfhbaih');
INSERT INTO public.occupation VALUES (570, 'Xhkjfw');
INSERT INTO public.occupation VALUES (571, 'Agtsgxxvxa');
INSERT INTO public.occupation VALUES (572, 'Pgatihlpxw');
INSERT INTO public.occupation VALUES (573, 'Sdeel');
INSERT INTO public.occupation VALUES (574, 'Nhcqpkrofh');
INSERT INTO public.occupation VALUES (575, 'Afhwhqwt');
INSERT INTO public.occupation VALUES (576, 'Ybwg');
INSERT INTO public.occupation VALUES (577, 'Sdvrfp');
INSERT INTO public.occupation VALUES (578, 'Xmeasey');
INSERT INTO public.occupation VALUES (579, 'Vjegbhtoc');
INSERT INTO public.occupation VALUES (580, 'Ehrtvvvbb');
INSERT INTO public.occupation VALUES (581, 'Vnnhfo');
INSERT INTO public.occupation VALUES (582, 'Jxdoyecph');
INSERT INTO public.occupation VALUES (583, 'Sgihorab');
INSERT INTO public.occupation VALUES (584, 'Jbyklavcsh');
INSERT INTO public.occupation VALUES (585, 'Rwfmjsyas');
INSERT INTO public.occupation VALUES (586, 'Dcbtn');
INSERT INTO public.occupation VALUES (587, 'Mdskigbsty');
INSERT INTO public.occupation VALUES (588, 'Horilnbq');
INSERT INTO public.occupation VALUES (589, 'Qlbjicegx');
INSERT INTO public.occupation VALUES (590, 'Ifcfvxuam');
INSERT INTO public.occupation VALUES (591, 'Rqfhydttf');
INSERT INTO public.occupation VALUES (592, 'Vvuceqgjq');
INSERT INTO public.occupation VALUES (593, 'Fpuyuavru');
INSERT INTO public.occupation VALUES (594, 'Fsxcbypabu');
INSERT INTO public.occupation VALUES (595, 'Yxhnqflrkm');
INSERT INTO public.occupation VALUES (596, 'Efbqvw');
INSERT INTO public.occupation VALUES (597, 'Igypxekqd');
INSERT INTO public.occupation VALUES (598, 'Jgehbflpgg');
INSERT INTO public.occupation VALUES (599, 'Cedter');
INSERT INTO public.occupation VALUES (600, 'Bfoqygs');
INSERT INTO public.occupation VALUES (601, 'Oeyesbjn');
INSERT INTO public.occupation VALUES (602, 'Doyuofitf');
INSERT INTO public.occupation VALUES (603, 'Dgmmcntll');
INSERT INTO public.occupation VALUES (604, 'Bsykl');
INSERT INTO public.occupation VALUES (605, 'Oyoaw');
INSERT INTO public.occupation VALUES (606, 'Mqmkwrcbyq');
INSERT INTO public.occupation VALUES (607, 'Qtnjjalf');
INSERT INTO public.occupation VALUES (608, 'Cktcy');
INSERT INTO public.occupation VALUES (609, 'Gpqg');
INSERT INTO public.occupation VALUES (610, 'Eaxqrvlg');
INSERT INTO public.occupation VALUES (611, 'Rrkhmidgsp');
INSERT INTO public.occupation VALUES (612, 'Bkpjh');
INSERT INTO public.occupation VALUES (613, 'Egvucgd');
INSERT INTO public.occupation VALUES (614, 'Jpjyx');
INSERT INTO public.occupation VALUES (615, 'Qmpiqcuqhr');
INSERT INTO public.occupation VALUES (616, 'Ynmu');
INSERT INTO public.occupation VALUES (617, 'Xleudnabae');
INSERT INTO public.occupation VALUES (618, 'Lbhaxbw');
INSERT INTO public.occupation VALUES (619, 'Uflhc');
INSERT INTO public.occupation VALUES (620, 'Nkoksm');
INSERT INTO public.occupation VALUES (621, 'Taclvbwc');
INSERT INTO public.occupation VALUES (622, 'Pdtdrirhq');
INSERT INTO public.occupation VALUES (623, 'Eydi');
INSERT INTO public.occupation VALUES (624, 'Ysxsvlf');
INSERT INTO public.occupation VALUES (625, 'Vtqf');
INSERT INTO public.occupation VALUES (626, 'Tbrtjwghfk');
INSERT INTO public.occupation VALUES (627, 'Mcjup');
INSERT INTO public.occupation VALUES (628, 'Tfdqrmjla');
INSERT INTO public.occupation VALUES (629, 'Xolklrxx');
INSERT INTO public.occupation VALUES (630, 'Cpiq');
INSERT INTO public.occupation VALUES (631, 'Rcojw');
INSERT INTO public.occupation VALUES (632, 'Qpsuwmcwnb');
INSERT INTO public.occupation VALUES (633, 'Ghpw');
INSERT INTO public.occupation VALUES (634, 'Aduru');
INSERT INTO public.occupation VALUES (635, 'Luux');
INSERT INTO public.occupation VALUES (636, 'Repsqtqi');
INSERT INTO public.occupation VALUES (637, 'Haqlpw');
INSERT INTO public.occupation VALUES (638, 'Pgtsxru');
INSERT INTO public.occupation VALUES (639, 'Jwvj');
INSERT INTO public.occupation VALUES (640, 'Xtjtkhnetr');
INSERT INTO public.occupation VALUES (641, 'Flgc');
INSERT INTO public.occupation VALUES (642, 'Jqxokxtrxr');
INSERT INTO public.occupation VALUES (643, 'Aqlrinuj');
INSERT INTO public.occupation VALUES (644, 'Marxv');
INSERT INTO public.occupation VALUES (645, 'Jgohelnx');
INSERT INTO public.occupation VALUES (646, 'Aischadt');
INSERT INTO public.occupation VALUES (647, 'Rwkoc');
INSERT INTO public.occupation VALUES (648, 'Yhgkd');
INSERT INTO public.occupation VALUES (649, 'Qwjhtsl');
INSERT INTO public.occupation VALUES (650, 'Fkwttywfwi');
INSERT INTO public.occupation VALUES (651, 'Ciqjva');
INSERT INTO public.occupation VALUES (652, 'Vvmncig');
INSERT INTO public.occupation VALUES (653, 'Uhpebhdarh');
INSERT INTO public.occupation VALUES (654, 'Neyrqwk');
INSERT INTO public.occupation VALUES (655, 'Oxxnetlmnp');
INSERT INTO public.occupation VALUES (656, 'Wdbx');
INSERT INTO public.occupation VALUES (657, 'Drspplxn');
INSERT INTO public.occupation VALUES (658, 'Sjwykwyes');
INSERT INTO public.occupation VALUES (659, 'Gflukxehre');
INSERT INTO public.occupation VALUES (660, 'Rcxixsvm');
INSERT INTO public.occupation VALUES (661, 'Yidjf');
INSERT INTO public.occupation VALUES (662, 'Ixpcl');
INSERT INTO public.occupation VALUES (663, 'Lfktmjgyei');
INSERT INTO public.occupation VALUES (664, 'Oqjehd');
INSERT INTO public.occupation VALUES (665, 'Fggwqx');
INSERT INTO public.occupation VALUES (666, 'Irmonwaxnh');
INSERT INTO public.occupation VALUES (667, 'Jxwowmi');
INSERT INTO public.occupation VALUES (668, 'Duitpfj');
INSERT INTO public.occupation VALUES (669, 'Mfusjfej');
INSERT INTO public.occupation VALUES (670, 'Fvyiaotguc');
INSERT INTO public.occupation VALUES (671, 'Enefxtvqwi');
INSERT INTO public.occupation VALUES (672, 'Fvibgvjwkv');
INSERT INTO public.occupation VALUES (673, 'Ructhcvv');
INSERT INTO public.occupation VALUES (674, 'Fchjdydwc');
INSERT INTO public.occupation VALUES (675, 'Tgbonihvfy');
INSERT INTO public.occupation VALUES (676, 'Amon');
INSERT INTO public.occupation VALUES (677, 'Tnygd');
INSERT INTO public.occupation VALUES (678, 'Fhgufiofw');
INSERT INTO public.occupation VALUES (679, 'Ybmfyepgkt');
INSERT INTO public.occupation VALUES (680, 'Hxsdmrpwk');
INSERT INTO public.occupation VALUES (681, 'Mmqi');
INSERT INTO public.occupation VALUES (682, 'Uvmrbnkf');
INSERT INTO public.occupation VALUES (683, 'Wlanoyfvn');
INSERT INTO public.occupation VALUES (684, 'Iyvqee');
INSERT INTO public.occupation VALUES (685, 'Gyjhimajqw');
INSERT INTO public.occupation VALUES (686, 'Dyblmcsut');
INSERT INTO public.occupation VALUES (687, 'Kwpjggincx');
INSERT INTO public.occupation VALUES (688, 'Fdjfmplq');
INSERT INTO public.occupation VALUES (689, 'Pxeofbpt');
INSERT INTO public.occupation VALUES (690, 'Iwproi');
INSERT INTO public.occupation VALUES (691, 'Akufglhusq');
INSERT INTO public.occupation VALUES (692, 'Wtcowcevuw');
INSERT INTO public.occupation VALUES (693, 'Apex');
INSERT INTO public.occupation VALUES (694, 'Xalsh');
INSERT INTO public.occupation VALUES (695, 'Yvrrlk');
INSERT INTO public.occupation VALUES (696, 'Mjsho');
INSERT INTO public.occupation VALUES (697, 'Klkjptuhh');
INSERT INTO public.occupation VALUES (698, 'Gyjlashfpi');
INSERT INTO public.occupation VALUES (699, 'Njaf');
INSERT INTO public.occupation VALUES (700, 'Ajecc');
INSERT INTO public.occupation VALUES (701, 'Nweglvy');
INSERT INTO public.occupation VALUES (702, 'Fcsftmsuy');
INSERT INTO public.occupation VALUES (703, 'Qcrpb');
INSERT INTO public.occupation VALUES (704, 'Mdielqofl');
INSERT INTO public.occupation VALUES (705, 'Slfcbcmo');
INSERT INTO public.occupation VALUES (706, 'Hcrud');
INSERT INTO public.occupation VALUES (707, 'Jkbqm');
INSERT INTO public.occupation VALUES (708, 'Plhbqiikt');
INSERT INTO public.occupation VALUES (709, 'Jawebwdi');
INSERT INTO public.occupation VALUES (710, 'Qbui');
INSERT INTO public.occupation VALUES (711, 'Bfepxrmq');
INSERT INTO public.occupation VALUES (712, 'Earbrkus');
INSERT INTO public.occupation VALUES (713, 'Saevbpni');
INSERT INTO public.occupation VALUES (714, 'Wvkqk');
INSERT INTO public.occupation VALUES (715, 'Myrc');
INSERT INTO public.occupation VALUES (716, 'Dbcegvajp');
INSERT INTO public.occupation VALUES (717, 'Hwxpivipul');
INSERT INTO public.occupation VALUES (718, 'Kvwjbhdqu');
INSERT INTO public.occupation VALUES (719, 'Asxd');
INSERT INTO public.occupation VALUES (720, 'Nxiadaua');
INSERT INTO public.occupation VALUES (721, 'Earuq');
INSERT INTO public.occupation VALUES (722, 'Iybfw');
INSERT INTO public.occupation VALUES (723, 'Ukcgpkp');
INSERT INTO public.occupation VALUES (724, 'Jyvnepj');
INSERT INTO public.occupation VALUES (725, 'Mnsw');
INSERT INTO public.occupation VALUES (726, 'Uotbxjswot');
INSERT INTO public.occupation VALUES (727, 'Nkak');
INSERT INTO public.occupation VALUES (728, 'Bbnog');
INSERT INTO public.occupation VALUES (729, 'Dfpybixt');
INSERT INTO public.occupation VALUES (730, 'Sueyoun');
INSERT INTO public.occupation VALUES (731, 'Gvvswogci');
INSERT INTO public.occupation VALUES (732, 'Nmpakla');
INSERT INTO public.occupation VALUES (733, 'Xsxcygjyy');
INSERT INTO public.occupation VALUES (734, 'Emgybfnpn');
INSERT INTO public.occupation VALUES (735, 'Jrtlwqrojc');
INSERT INTO public.occupation VALUES (736, 'Frbwwvva');
INSERT INTO public.occupation VALUES (737, 'Huxebiym');
INSERT INTO public.occupation VALUES (738, 'Isgp');
INSERT INTO public.occupation VALUES (739, 'Abraxrgla');
INSERT INTO public.occupation VALUES (740, 'Cnhkihiyu');
INSERT INTO public.occupation VALUES (741, 'Upoclert');
INSERT INTO public.occupation VALUES (742, 'Temwx');
INSERT INTO public.occupation VALUES (743, 'Jkgwbxndoo');
INSERT INTO public.occupation VALUES (744, 'Ylengieua');
INSERT INTO public.occupation VALUES (745, 'Jurvrr');
INSERT INTO public.occupation VALUES (746, 'Quwfutlh');
INSERT INTO public.occupation VALUES (747, 'Omgsypa');
INSERT INTO public.occupation VALUES (748, 'Fpxpcm');
INSERT INTO public.occupation VALUES (749, 'Lutqgwk');
INSERT INTO public.occupation VALUES (750, 'Srux');
INSERT INTO public.occupation VALUES (751, 'Wwmjaywxv');
INSERT INTO public.occupation VALUES (752, 'Dphe');
INSERT INTO public.occupation VALUES (753, 'Mocaqc');
INSERT INTO public.occupation VALUES (754, 'Hhmh');
INSERT INTO public.occupation VALUES (755, 'Lsoqkseuk');
INSERT INTO public.occupation VALUES (756, 'Axniwpmnu');
INSERT INTO public.occupation VALUES (757, 'Ljoxfdfqi');
INSERT INTO public.occupation VALUES (758, 'Ucsr');
INSERT INTO public.occupation VALUES (759, 'Vqylj');
INSERT INTO public.occupation VALUES (760, 'Guej');
INSERT INTO public.occupation VALUES (761, 'Hesssvdllt');
INSERT INTO public.occupation VALUES (762, 'Jcklbthv');
INSERT INTO public.occupation VALUES (763, 'Hyrfcf');
INSERT INTO public.occupation VALUES (764, 'Snycymvpf');
INSERT INTO public.occupation VALUES (765, 'Tjdshrx');
INSERT INTO public.occupation VALUES (766, 'Eexabthcq');
INSERT INTO public.occupation VALUES (767, 'Mgcmanari');
INSERT INTO public.occupation VALUES (768, 'Bntvrrmkr');
INSERT INTO public.occupation VALUES (769, 'Dipfct');
INSERT INTO public.occupation VALUES (770, 'Kvblwdelb');
INSERT INTO public.occupation VALUES (771, 'Qsgmmogj');
INSERT INTO public.occupation VALUES (772, 'Iipulh');
INSERT INTO public.occupation VALUES (773, 'Uujp');
INSERT INTO public.occupation VALUES (774, 'Pbkrrwt');
INSERT INTO public.occupation VALUES (775, 'Pfma');
INSERT INTO public.occupation VALUES (776, 'Xxrif');
INSERT INTO public.occupation VALUES (777, 'Ryeg');
INSERT INTO public.occupation VALUES (778, 'Xjkgtj');
INSERT INTO public.occupation VALUES (779, 'Mwoust');
INSERT INTO public.occupation VALUES (780, 'Xaflotwk');
INSERT INTO public.occupation VALUES (781, 'Detmo');
INSERT INTO public.occupation VALUES (782, 'Bsleu');
INSERT INTO public.occupation VALUES (783, 'Onmwyfky');
INSERT INTO public.occupation VALUES (784, 'Bismqqxog');
INSERT INTO public.occupation VALUES (785, 'Nijkyljuc');
INSERT INTO public.occupation VALUES (786, 'Pykdmwh');
INSERT INTO public.occupation VALUES (787, 'Qepbano');
INSERT INTO public.occupation VALUES (788, 'Yinnda');
INSERT INTO public.occupation VALUES (789, 'Dkmsqk');
INSERT INTO public.occupation VALUES (790, 'Vnyj');
INSERT INTO public.occupation VALUES (791, 'Jxetadjovw');
INSERT INTO public.occupation VALUES (792, 'Xbeguf');
INSERT INTO public.occupation VALUES (793, 'Qkpryf');
INSERT INTO public.occupation VALUES (794, 'Vxirehrt');
INSERT INTO public.occupation VALUES (795, 'Jpyriyhsoy');
INSERT INTO public.occupation VALUES (796, 'Gwep');
INSERT INTO public.occupation VALUES (797, 'Tqcogcuwgk');
INSERT INTO public.occupation VALUES (798, 'Bsxnwc');
INSERT INTO public.occupation VALUES (799, 'Cfainddb');
INSERT INTO public.occupation VALUES (800, 'Becycgpt');
INSERT INTO public.occupation VALUES (801, 'Ooniqi');
INSERT INTO public.occupation VALUES (802, 'Ntmpylarqu');
INSERT INTO public.occupation VALUES (803, 'Lkppjvipkh');
INSERT INTO public.occupation VALUES (804, 'Hjnt');
INSERT INTO public.occupation VALUES (805, 'Ksptj');
INSERT INTO public.occupation VALUES (806, 'Mafbp');
INSERT INTO public.occupation VALUES (807, 'Krrhwkpe');
INSERT INTO public.occupation VALUES (808, 'Qtol');
INSERT INTO public.occupation VALUES (809, 'Jqcpc');
INSERT INTO public.occupation VALUES (810, 'Lhwoyno');
INSERT INTO public.occupation VALUES (811, 'Njbfeg');
INSERT INTO public.occupation VALUES (812, 'Wimb');
INSERT INTO public.occupation VALUES (813, 'Ydclye');
INSERT INTO public.occupation VALUES (814, 'Etpqnp');
INSERT INTO public.occupation VALUES (815, 'Mdcipbywdt');
INSERT INTO public.occupation VALUES (816, 'Atujlycgu');
INSERT INTO public.occupation VALUES (817, 'Sikk');
INSERT INTO public.occupation VALUES (818, 'Wsbpa');
INSERT INTO public.occupation VALUES (819, 'Qeadyehs');
INSERT INTO public.occupation VALUES (820, 'Lpqqclsagw');
INSERT INTO public.occupation VALUES (821, 'Yaodlhkb');
INSERT INTO public.occupation VALUES (822, 'Bbtmnuf');
INSERT INTO public.occupation VALUES (823, 'Etqhreqob');
INSERT INTO public.occupation VALUES (824, 'Ewlkgtu');
INSERT INTO public.occupation VALUES (825, 'Dxygfimw');
INSERT INTO public.occupation VALUES (826, 'Byfihd');
INSERT INTO public.occupation VALUES (827, 'Jdahxu');
INSERT INTO public.occupation VALUES (828, 'Ksxkc');
INSERT INTO public.occupation VALUES (829, 'Jspuctj');
INSERT INTO public.occupation VALUES (830, 'Xrrtveyt');
INSERT INTO public.occupation VALUES (831, 'Sfpt');
INSERT INTO public.occupation VALUES (832, 'Wxku');
INSERT INTO public.occupation VALUES (833, 'Dyxv');
INSERT INTO public.occupation VALUES (834, 'Clmsq');
INSERT INTO public.occupation VALUES (835, 'Fxsdq');
INSERT INTO public.occupation VALUES (836, 'Ttsyjwjj');
INSERT INTO public.occupation VALUES (837, 'Pvyrlx');
INSERT INTO public.occupation VALUES (838, 'Pwegsg');
INSERT INTO public.occupation VALUES (839, 'Cyihnnbe');
INSERT INTO public.occupation VALUES (840, 'Vqhs');
INSERT INTO public.occupation VALUES (841, 'Gelbrewg');
INSERT INTO public.occupation VALUES (842, 'Larfpp');
INSERT INTO public.occupation VALUES (843, 'Mfkwei');
INSERT INTO public.occupation VALUES (844, 'Hcucnvmfbj');
INSERT INTO public.occupation VALUES (845, 'Rqqurlsx');
INSERT INTO public.occupation VALUES (846, 'Cmtpuhtefb');
INSERT INTO public.occupation VALUES (847, 'Yxshkxrdy');
INSERT INTO public.occupation VALUES (848, 'Wwfmy');
INSERT INTO public.occupation VALUES (849, 'Unegxeyiam');
INSERT INTO public.occupation VALUES (850, 'Kmeds');
INSERT INTO public.occupation VALUES (851, 'Nqei');
INSERT INTO public.occupation VALUES (852, 'Oygiweri');
INSERT INTO public.occupation VALUES (853, 'Fpgcy');
INSERT INTO public.occupation VALUES (854, 'Pwxcw');
INSERT INTO public.occupation VALUES (855, 'Mndwj');
INSERT INTO public.occupation VALUES (856, 'Cpohmqqnuf');
INSERT INTO public.occupation VALUES (857, 'Ydopabhj');
INSERT INTO public.occupation VALUES (858, 'Lgkok');
INSERT INTO public.occupation VALUES (859, 'Gnknjmbku');
INSERT INTO public.occupation VALUES (860, 'Muqh');
INSERT INTO public.occupation VALUES (861, 'Qcmgkkidep');
INSERT INTO public.occupation VALUES (862, 'Bedhgwdd');
INSERT INTO public.occupation VALUES (863, 'Wskyqrdlut');
INSERT INTO public.occupation VALUES (864, 'Rolvlselm');
INSERT INTO public.occupation VALUES (865, 'Dpgqwax');
INSERT INTO public.occupation VALUES (866, 'Hftt');
INSERT INTO public.occupation VALUES (867, 'Ilds');
INSERT INTO public.occupation VALUES (868, 'Asycnrahqt');
INSERT INTO public.occupation VALUES (869, 'Hgqsbrdsj');
INSERT INTO public.occupation VALUES (870, 'Jrnev');
INSERT INTO public.occupation VALUES (871, 'Shsx');
INSERT INTO public.occupation VALUES (872, 'Pimucmolks');
INSERT INTO public.occupation VALUES (873, 'Cxdgjgrnr');
INSERT INTO public.occupation VALUES (874, 'Dkhulxcv');
INSERT INTO public.occupation VALUES (875, 'Tvpekc');
INSERT INTO public.occupation VALUES (876, 'Harvjqquy');
INSERT INTO public.occupation VALUES (877, 'Ihvq');
INSERT INTO public.occupation VALUES (878, 'Eawrfrxuh');
INSERT INTO public.occupation VALUES (879, 'Rnhgj');
INSERT INTO public.occupation VALUES (880, 'Mqxxpwdqgc');
INSERT INTO public.occupation VALUES (881, 'Unsvlr');
INSERT INTO public.occupation VALUES (882, 'Letov');
INSERT INTO public.occupation VALUES (883, 'Wisj');
INSERT INTO public.occupation VALUES (884, 'Txwoe');
INSERT INTO public.occupation VALUES (885, 'Lcxp');
INSERT INTO public.occupation VALUES (886, 'Qcwaqbro');
INSERT INTO public.occupation VALUES (887, 'Oersrbfui');
INSERT INTO public.occupation VALUES (888, 'Ihjqxhcfr');
INSERT INTO public.occupation VALUES (889, 'Gwrlps');
INSERT INTO public.occupation VALUES (890, 'Mhbfqi');
INSERT INTO public.occupation VALUES (891, 'Vklgisly');
INSERT INTO public.occupation VALUES (892, 'Xkxdkc');
INSERT INTO public.occupation VALUES (893, 'Pwnhhmaid');
INSERT INTO public.occupation VALUES (894, 'Howigs');
INSERT INTO public.occupation VALUES (895, 'Fowgvgoqlq');
INSERT INTO public.occupation VALUES (896, 'Nutglbwpk');
INSERT INTO public.occupation VALUES (897, 'Pmoin');
INSERT INTO public.occupation VALUES (898, 'Oxeuotct');
INSERT INTO public.occupation VALUES (899, 'Macmoka');
INSERT INTO public.occupation VALUES (900, 'Atlkoxg');
INSERT INTO public.occupation VALUES (901, 'Ygeqhg');
INSERT INTO public.occupation VALUES (902, 'Fgked');
INSERT INTO public.occupation VALUES (903, 'Jdsql');
INSERT INTO public.occupation VALUES (904, 'Jdjfkarh');
INSERT INTO public.occupation VALUES (905, 'Glww');
INSERT INTO public.occupation VALUES (906, 'Jwum');
INSERT INTO public.occupation VALUES (907, 'Aqeakw');
INSERT INTO public.occupation VALUES (908, 'Yovisrca');
INSERT INTO public.occupation VALUES (909, 'Ibklparaq');
INSERT INTO public.occupation VALUES (910, 'Tpxpi');
INSERT INTO public.occupation VALUES (911, 'Lnufeqm');
INSERT INTO public.occupation VALUES (912, 'Khijvai');
INSERT INTO public.occupation VALUES (913, 'Fvhquhvwc');
INSERT INTO public.occupation VALUES (914, 'Bruigrgmk');
INSERT INTO public.occupation VALUES (915, 'Bfbqk');
INSERT INTO public.occupation VALUES (916, 'Nfetqchlnv');
INSERT INTO public.occupation VALUES (917, 'Mtbtdqu');
INSERT INTO public.occupation VALUES (918, 'Ydaeiy');
INSERT INTO public.occupation VALUES (919, 'Eakaubsm');
INSERT INTO public.occupation VALUES (920, 'Wqptverwgf');
INSERT INTO public.occupation VALUES (921, 'Xftwl');
INSERT INTO public.occupation VALUES (922, 'Hlcc');
INSERT INTO public.occupation VALUES (923, 'Nqusvhj');
INSERT INTO public.occupation VALUES (924, 'Mtpwcmw');
INSERT INTO public.occupation VALUES (925, 'Bcytkigp');
INSERT INTO public.occupation VALUES (926, 'Wwtipy');
INSERT INTO public.occupation VALUES (927, 'Vrdqauarp');
INSERT INTO public.occupation VALUES (928, 'Inwdfili');
INSERT INTO public.occupation VALUES (929, 'Psvqbpa');
INSERT INTO public.occupation VALUES (930, 'Ewgfny');
INSERT INTO public.occupation VALUES (931, 'Hcpbvwnts');
INSERT INTO public.occupation VALUES (932, 'Xfmjhxdkkb');
INSERT INTO public.occupation VALUES (933, 'Klpmemjgj');
INSERT INTO public.occupation VALUES (934, 'Ehjhwouvap');
INSERT INTO public.occupation VALUES (935, 'Yhjvxtofsl');
INSERT INTO public.occupation VALUES (936, 'Ijmyuc');
INSERT INTO public.occupation VALUES (937, 'Wjhwnx');
INSERT INTO public.occupation VALUES (938, 'Mullvuo');
INSERT INTO public.occupation VALUES (939, 'Nayo');
INSERT INTO public.occupation VALUES (940, 'Ranoohgh');
INSERT INTO public.occupation VALUES (941, 'Cbynlnr');
INSERT INTO public.occupation VALUES (942, 'Rntraonihq');
INSERT INTO public.occupation VALUES (943, 'Rwxfapykxt');
INSERT INTO public.occupation VALUES (944, 'Ofjjcmsxn');
INSERT INTO public.occupation VALUES (945, 'Tfowsdqa');
INSERT INTO public.occupation VALUES (946, 'Vmdieuqgqp');
INSERT INTO public.occupation VALUES (947, 'Yqrhml');
INSERT INTO public.occupation VALUES (948, 'Vjijhjm');
INSERT INTO public.occupation VALUES (949, 'Giwuphf');
INSERT INTO public.occupation VALUES (950, 'Xcyd');
INSERT INTO public.occupation VALUES (951, 'Qubfy');
INSERT INTO public.occupation VALUES (952, 'Ovewvrys');
INSERT INTO public.occupation VALUES (953, 'Ouqujrvy');
INSERT INTO public.occupation VALUES (954, 'Lsntfmrf');
INSERT INTO public.occupation VALUES (955, 'Xvoh');
INSERT INTO public.occupation VALUES (956, 'Ebaaic');
INSERT INTO public.occupation VALUES (957, 'Apkiabmi');
INSERT INTO public.occupation VALUES (958, 'Sorobsecvn');
INSERT INTO public.occupation VALUES (959, 'Dwgtlrwsvb');
INSERT INTO public.occupation VALUES (960, 'Tekl');
INSERT INTO public.occupation VALUES (961, 'Nwnjeuvf');
INSERT INTO public.occupation VALUES (962, 'Cctgvy');
INSERT INTO public.occupation VALUES (963, 'Yfll');
INSERT INTO public.occupation VALUES (964, 'Splywwc');
INSERT INTO public.occupation VALUES (965, 'Hcsjpnoouk');
INSERT INTO public.occupation VALUES (966, 'Arklhcigdx');
INSERT INTO public.occupation VALUES (967, 'Whuffju');
INSERT INTO public.occupation VALUES (968, 'Cellj');
INSERT INTO public.occupation VALUES (969, 'Jtmib');
INSERT INTO public.occupation VALUES (970, 'Sexv');
INSERT INTO public.occupation VALUES (971, 'Qrjhr');
INSERT INTO public.occupation VALUES (972, 'Qnde');
INSERT INTO public.occupation VALUES (973, 'Qeywowa');
INSERT INTO public.occupation VALUES (974, 'Cmklahnww');
INSERT INTO public.occupation VALUES (975, 'Fyux');
INSERT INTO public.occupation VALUES (976, 'Ebfcryvvby');
INSERT INTO public.occupation VALUES (977, 'Qkmlsest');
INSERT INTO public.occupation VALUES (978, 'Sfvlxbib');
INSERT INTO public.occupation VALUES (979, 'Oark');
INSERT INTO public.occupation VALUES (980, 'Dldehogoh');
INSERT INTO public.occupation VALUES (981, 'Umkov');
INSERT INTO public.occupation VALUES (982, 'Khdpw');
INSERT INTO public.occupation VALUES (983, 'Ltdipuqpc');
INSERT INTO public.occupation VALUES (984, 'Mnyuj');
INSERT INTO public.occupation VALUES (985, 'Ajfrqyw');
INSERT INTO public.occupation VALUES (986, 'Uuqfx');
INSERT INTO public.occupation VALUES (987, 'Yply');
INSERT INTO public.occupation VALUES (988, 'Hlthl');
INSERT INTO public.occupation VALUES (989, 'Pmlgqmo');
INSERT INTO public.occupation VALUES (990, 'Qmwyvy');
INSERT INTO public.occupation VALUES (991, 'Qtbmyslnuw');
INSERT INTO public.occupation VALUES (992, 'Doknrhrctr');
INSERT INTO public.occupation VALUES (993, 'Pkcuof');
INSERT INTO public.occupation VALUES (994, 'Xqgmsbnu');
INSERT INTO public.occupation VALUES (995, 'Gjsk');
INSERT INTO public.occupation VALUES (996, 'Vjiyyc');
INSERT INTO public.occupation VALUES (997, 'Fwurwps');
INSERT INTO public.occupation VALUES (998, 'Kyjeaqwnh');
INSERT INTO public.occupation VALUES (999, 'Regqtl');
INSERT INTO public.occupation VALUES (1000, 'Dphv');


--
-- Data for Name: points; Type: TABLE DATA; Schema: public; Owner: postgres
--

INSERT INTO public.points VALUES (1, 'Dkqfyoh');
INSERT INTO public.points VALUES (2, 'Kpkcdyefe');
INSERT INTO public.points VALUES (3, 'Trplcrlatr');
INSERT INTO public.points VALUES (4, 'Bctbioaph');
INSERT INTO public.points VALUES (5, 'Clot');
INSERT INTO public.points VALUES (6, 'Bjlitca');
INSERT INTO public.points VALUES (7, 'Wrdo');
INSERT INTO public.points VALUES (8, 'Xlnru');
INSERT INTO public.points VALUES (9, 'Wtbih');
INSERT INTO public.points VALUES (10, 'Oeshkfdanl');
INSERT INTO public.points VALUES (11, 'Ercgl');
INSERT INTO public.points VALUES (12, 'Sqbvmulo');
INSERT INTO public.points VALUES (13, 'Vtau');
INSERT INTO public.points VALUES (14, 'Abexr');
INSERT INTO public.points VALUES (15, 'Fynurl');
INSERT INTO public.points VALUES (16, 'Waxnyot');
INSERT INTO public.points VALUES (17, 'Djnegrxgn');
INSERT INTO public.points VALUES (18, 'Uythiwvw');
INSERT INTO public.points VALUES (19, 'Duijenbqd');
INSERT INTO public.points VALUES (20, 'Vktcy');
INSERT INTO public.points VALUES (21, 'Darhscoscs');
INSERT INTO public.points VALUES (22, 'Dxsdfvsnry');
INSERT INTO public.points VALUES (23, 'Lvpmoukwtv');
INSERT INTO public.points VALUES (24, 'Pvhwylmcue');
INSERT INTO public.points VALUES (25, 'Ypvyymwv');
INSERT INTO public.points VALUES (26, 'Nbxvmvdn');
INSERT INTO public.points VALUES (27, 'Wgvtqurng');
INSERT INTO public.points VALUES (28, 'Qbmtpwpjfn');
INSERT INTO public.points VALUES (29, 'Yymrxxwcnb');
INSERT INTO public.points VALUES (30, 'Drqalrni');
INSERT INTO public.points VALUES (31, 'Lekyjf');
INSERT INTO public.points VALUES (32, 'Srhakfoaf');
INSERT INTO public.points VALUES (33, 'Yinpvw');
INSERT INTO public.points VALUES (34, 'Covit');
INSERT INTO public.points VALUES (35, 'Yaqfxdw');
INSERT INTO public.points VALUES (36, 'Fnfcax');
INSERT INTO public.points VALUES (37, 'Vpplq');
INSERT INTO public.points VALUES (38, 'Asyy');
INSERT INTO public.points VALUES (39, 'Uhdn');
INSERT INTO public.points VALUES (40, 'Cabxi');
INSERT INTO public.points VALUES (41, 'Nygphbwuj');
INSERT INTO public.points VALUES (42, 'Vuwoemip');
INSERT INTO public.points VALUES (43, 'Jjrnqlkc');
INSERT INTO public.points VALUES (44, 'Obrief');
INSERT INTO public.points VALUES (45, 'Qlmatoc');
INSERT INTO public.points VALUES (46, 'Iitbyo');
INSERT INTO public.points VALUES (47, 'Namqah');
INSERT INTO public.points VALUES (48, 'Mofrirhgqh');
INSERT INTO public.points VALUES (49, 'Eloboa');
INSERT INTO public.points VALUES (50, 'Lvhlx');
INSERT INTO public.points VALUES (51, 'Ygfe');
INSERT INTO public.points VALUES (52, 'Cjlhy');
INSERT INTO public.points VALUES (53, 'Tygglmyw');
INSERT INTO public.points VALUES (54, 'Dklwmftw');
INSERT INTO public.points VALUES (55, 'Cehbdwhcr');
INSERT INTO public.points VALUES (56, 'Qfpbfsa');
INSERT INTO public.points VALUES (57, 'Enymhayvel');
INSERT INTO public.points VALUES (58, 'Bjspuyq');
INSERT INTO public.points VALUES (59, 'Yjvoaajr');
INSERT INTO public.points VALUES (60, 'Cejjmsil');
INSERT INTO public.points VALUES (61, 'Dwjovlvga');
INSERT INTO public.points VALUES (62, 'Wluaeqsi');
INSERT INTO public.points VALUES (63, 'Ylpveuxhgq');
INSERT INTO public.points VALUES (64, 'Nnqruspl');
INSERT INTO public.points VALUES (65, 'Lsmt');
INSERT INTO public.points VALUES (66, 'Xbojtecwh');
INSERT INTO public.points VALUES (67, 'Ckqukbhxk');
INSERT INTO public.points VALUES (68, 'Npkkrgea');
INSERT INTO public.points VALUES (69, 'Qaey');
INSERT INTO public.points VALUES (70, 'Xwjbhbqn');
INSERT INTO public.points VALUES (71, 'Bawh');
INSERT INTO public.points VALUES (72, 'Yiftr');
INSERT INTO public.points VALUES (73, 'Rfrty');
INSERT INTO public.points VALUES (74, 'Yqco');
INSERT INTO public.points VALUES (75, 'Mhmbxuloyf');
INSERT INTO public.points VALUES (76, 'Qphlauju');
INSERT INTO public.points VALUES (77, 'Tvxqqjnr');
INSERT INTO public.points VALUES (78, 'Hygjvy');
INSERT INTO public.points VALUES (79, 'Wpgsof');
INSERT INTO public.points VALUES (80, 'Udhsqs');
INSERT INTO public.points VALUES (81, 'Pvnfqjesa');
INSERT INTO public.points VALUES (82, 'Mteanxu');
INSERT INTO public.points VALUES (83, 'Lxavq');
INSERT INTO public.points VALUES (84, 'Hqyhpo');
INSERT INTO public.points VALUES (85, 'Bgvavaefqf');
INSERT INTO public.points VALUES (86, 'Ahwnbmb');
INSERT INTO public.points VALUES (87, 'Oxkupxdqp');
INSERT INTO public.points VALUES (88, 'Rjwcad');
INSERT INTO public.points VALUES (89, 'Srowippml');
INSERT INTO public.points VALUES (90, 'Pmnketcc');
INSERT INTO public.points VALUES (91, 'Mbuqpdnd');
INSERT INTO public.points VALUES (92, 'Nnqrg');
INSERT INTO public.points VALUES (93, 'Dchodvr');
INSERT INTO public.points VALUES (94, 'Epfusu');
INSERT INTO public.points VALUES (95, 'Imujsrgpu');
INSERT INTO public.points VALUES (96, 'Tepuhnjxa');
INSERT INTO public.points VALUES (97, 'Vnqaenomq');
INSERT INTO public.points VALUES (98, 'Rihnwroav');
INSERT INTO public.points VALUES (99, 'Pyjlsspp');
INSERT INTO public.points VALUES (100, 'Kopxh');
INSERT INTO public.points VALUES (101, 'Ffiscscfr');
INSERT INTO public.points VALUES (102, 'Obpcjii');
INSERT INTO public.points VALUES (103, 'Mjnior');
INSERT INTO public.points VALUES (104, 'Iwqaaav');
INSERT INTO public.points VALUES (105, 'Oygrnsawvt');
INSERT INTO public.points VALUES (106, 'Pddyip');
INSERT INTO public.points VALUES (107, 'Umhkp');
INSERT INTO public.points VALUES (108, 'Akpiovloug');
INSERT INTO public.points VALUES (109, 'Sgatjr');
INSERT INTO public.points VALUES (110, 'Kqmbr');
INSERT INTO public.points VALUES (111, 'Tntyqcvw');
INSERT INTO public.points VALUES (112, 'Sbmdkd');
INSERT INTO public.points VALUES (113, 'Rdbv');
INSERT INTO public.points VALUES (114, 'Jlpunivxpc');
INSERT INTO public.points VALUES (115, 'Ogkgt');
INSERT INTO public.points VALUES (116, 'Hwbmk');
INSERT INTO public.points VALUES (117, 'Vhiwnqpae');
INSERT INTO public.points VALUES (118, 'Sakig');
INSERT INTO public.points VALUES (119, 'Hltwcmcvqe');
INSERT INTO public.points VALUES (120, 'Vglbc');
INSERT INTO public.points VALUES (121, 'Tsfeacbjp');
INSERT INTO public.points VALUES (122, 'Eulpjdli');
INSERT INTO public.points VALUES (123, 'Jquaoo');
INSERT INTO public.points VALUES (124, 'Urjxolc');
INSERT INTO public.points VALUES (125, 'Llws');
INSERT INTO public.points VALUES (126, 'Btnrvuu');
INSERT INTO public.points VALUES (127, 'Wnfuh');
INSERT INTO public.points VALUES (128, 'Wwulnfs');
INSERT INTO public.points VALUES (129, 'Yhisevgmae');
INSERT INTO public.points VALUES (130, 'Vhjlxati');
INSERT INTO public.points VALUES (131, 'Rnnralj');
INSERT INTO public.points VALUES (132, 'Bghkduer');
INSERT INTO public.points VALUES (133, 'Ogppexodna');
INSERT INTO public.points VALUES (134, 'Ksjhjhdsu');
INSERT INTO public.points VALUES (135, 'Ejtldclwnp');
INSERT INTO public.points VALUES (136, 'Nscsud');
INSERT INTO public.points VALUES (137, 'Cbjfxrrbe');
INSERT INTO public.points VALUES (138, 'Tbafwtcvd');
INSERT INTO public.points VALUES (139, 'Hsjo');
INSERT INTO public.points VALUES (140, 'Fpgponhkfa');
INSERT INTO public.points VALUES (141, 'Qxoey');
INSERT INTO public.points VALUES (142, 'Osakgcc');
INSERT INTO public.points VALUES (143, 'Uflyokkq');
INSERT INTO public.points VALUES (144, 'Cctmaem');
INSERT INTO public.points VALUES (145, 'Josad');
INSERT INTO public.points VALUES (146, 'Ubmlsts');
INSERT INTO public.points VALUES (147, 'Aqyt');
INSERT INTO public.points VALUES (148, 'Mrki');
INSERT INTO public.points VALUES (149, 'Innloejae');
INSERT INTO public.points VALUES (150, 'Ogvpix');
INSERT INTO public.points VALUES (151, 'Qqfxjk');
INSERT INTO public.points VALUES (152, 'Txst');
INSERT INTO public.points VALUES (153, 'Mgxkfsit');
INSERT INTO public.points VALUES (154, 'Ocbyo');
INSERT INTO public.points VALUES (155, 'Ucpl');
INSERT INTO public.points VALUES (156, 'Xkyjhjve');
INSERT INTO public.points VALUES (157, 'Kvcbhxm');
INSERT INTO public.points VALUES (158, 'Shyg');
INSERT INTO public.points VALUES (159, 'Bmdcthd');
INSERT INTO public.points VALUES (160, 'Kgtu');
INSERT INTO public.points VALUES (161, 'Omdvrnowc');
INSERT INTO public.points VALUES (162, 'Lrhu');
INSERT INTO public.points VALUES (163, 'Vqub');
INSERT INTO public.points VALUES (164, 'Jfpinfbuw');
INSERT INTO public.points VALUES (165, 'Bssdey');
INSERT INTO public.points VALUES (166, 'Lndw');
INSERT INTO public.points VALUES (167, 'Cagn');
INSERT INTO public.points VALUES (168, 'Ccudafua');
INSERT INTO public.points VALUES (169, 'Motp');
INSERT INTO public.points VALUES (170, 'Ipmidtnhv');
INSERT INTO public.points VALUES (171, 'Daffo');
INSERT INTO public.points VALUES (172, 'Rsfbekklis');
INSERT INTO public.points VALUES (173, 'Aeqkiuvtdm');
INSERT INTO public.points VALUES (174, 'Ylggrixu');
INSERT INTO public.points VALUES (175, 'Irird');
INSERT INTO public.points VALUES (176, 'Duobsoj');
INSERT INTO public.points VALUES (177, 'Idvg');
INSERT INTO public.points VALUES (178, 'Ihoeqifpgf');
INSERT INTO public.points VALUES (179, 'Eeatipvfv');
INSERT INTO public.points VALUES (180, 'Xafvvtcenc');
INSERT INTO public.points VALUES (181, 'Hvnnfm');
INSERT INTO public.points VALUES (182, 'Ccmmhy');
INSERT INTO public.points VALUES (183, 'Eefvbuxsu');
INSERT INTO public.points VALUES (184, 'Mcph');
INSERT INTO public.points VALUES (185, 'Fpbvm');
INSERT INTO public.points VALUES (186, 'Lmdq');
INSERT INTO public.points VALUES (187, 'Jwlgh');
INSERT INTO public.points VALUES (188, 'Xebyufw');
INSERT INTO public.points VALUES (189, 'Ambhhit');
INSERT INTO public.points VALUES (190, 'Xwtnotrd');
INSERT INTO public.points VALUES (191, 'Dmeiu');
INSERT INTO public.points VALUES (192, 'Vlpoeb');
INSERT INTO public.points VALUES (193, 'Frwfi');
INSERT INTO public.points VALUES (194, 'Slruksyypp');
INSERT INTO public.points VALUES (195, 'Wbnnawwc');
INSERT INTO public.points VALUES (196, 'Yeicaxj');
INSERT INTO public.points VALUES (197, 'Noew');
INSERT INTO public.points VALUES (198, 'Smljg');
INSERT INTO public.points VALUES (199, 'Qchehaxv');
INSERT INTO public.points VALUES (200, 'Dfrotq');
INSERT INTO public.points VALUES (201, 'Naiwkhdce');
INSERT INTO public.points VALUES (202, 'Viwljba');
INSERT INTO public.points VALUES (203, 'Qavtyopym');
INSERT INTO public.points VALUES (204, 'Hgfwpb');
INSERT INTO public.points VALUES (205, 'Hvgv');
INSERT INTO public.points VALUES (206, 'Ensoenijhe');
INSERT INTO public.points VALUES (207, 'Wpfqkfi');
INSERT INTO public.points VALUES (208, 'Iskxcrlef');
INSERT INTO public.points VALUES (209, 'Kwomqbrxby');
INSERT INTO public.points VALUES (210, 'Qjewfoj');
INSERT INTO public.points VALUES (211, 'Xwhwxyqiw');
INSERT INTO public.points VALUES (212, 'Yeembic');
INSERT INTO public.points VALUES (213, 'Tcdfxivvb');
INSERT INTO public.points VALUES (214, 'Qnyprr');
INSERT INTO public.points VALUES (215, 'Gxuvekbb');
INSERT INTO public.points VALUES (216, 'Qmcijx');
INSERT INTO public.points VALUES (217, 'Ysduaorbj');
INSERT INTO public.points VALUES (218, 'Jcgtj');
INSERT INTO public.points VALUES (219, 'Tecdr');
INSERT INTO public.points VALUES (220, 'Rlsd');
INSERT INTO public.points VALUES (221, 'Djlmx');
INSERT INTO public.points VALUES (222, 'Yyrv');
INSERT INTO public.points VALUES (223, 'Osyvkp');
INSERT INTO public.points VALUES (224, 'Khlatgpn');
INSERT INTO public.points VALUES (225, 'Fcpnd');
INSERT INTO public.points VALUES (226, 'Odxwisl');
INSERT INTO public.points VALUES (227, 'Vdyqskyrbx');
INSERT INTO public.points VALUES (228, 'Wacf');
INSERT INTO public.points VALUES (229, 'Dkieiykxqv');
INSERT INTO public.points VALUES (230, 'Nhktnk');
INSERT INTO public.points VALUES (231, 'Shiuwseoqy');
INSERT INTO public.points VALUES (232, 'Jeberrbmih');
INSERT INTO public.points VALUES (233, 'Lhndavvxy');
INSERT INTO public.points VALUES (234, 'Igorq');
INSERT INTO public.points VALUES (235, 'Iunmkjgtey');
INSERT INTO public.points VALUES (236, 'Dfujbx');
INSERT INTO public.points VALUES (237, 'Aohynq');
INSERT INTO public.points VALUES (238, 'Puge');
INSERT INTO public.points VALUES (239, 'Leil');
INSERT INTO public.points VALUES (240, 'Hdqqdranso');
INSERT INTO public.points VALUES (241, 'Irtynhxyi');
INSERT INTO public.points VALUES (242, 'Vkybgtwsrv');
INSERT INTO public.points VALUES (243, 'Gtcxkqannk');
INSERT INTO public.points VALUES (244, 'Juuqqg');
INSERT INTO public.points VALUES (245, 'Dhwna');
INSERT INTO public.points VALUES (246, 'Snpuiyxd');
INSERT INTO public.points VALUES (247, 'Vnorfto');
INSERT INTO public.points VALUES (248, 'Hwimh');
INSERT INTO public.points VALUES (249, 'Fqpp');
INSERT INTO public.points VALUES (250, 'Kslkucel');
INSERT INTO public.points VALUES (251, 'Hqkjo');
INSERT INTO public.points VALUES (252, 'Uvuekymad');
INSERT INTO public.points VALUES (253, 'Otkkveqo');
INSERT INTO public.points VALUES (254, 'Fesnh');
INSERT INTO public.points VALUES (255, 'Etrh');
INSERT INTO public.points VALUES (256, 'Uqttqj');
INSERT INTO public.points VALUES (257, 'Mofdnpr');
INSERT INTO public.points VALUES (258, 'Crvftjqqu');
INSERT INTO public.points VALUES (259, 'Sctcbwb');
INSERT INTO public.points VALUES (260, 'Yraqstkegb');
INSERT INTO public.points VALUES (261, 'Odfngt');
INSERT INTO public.points VALUES (262, 'Mbbxlytxvb');
INSERT INTO public.points VALUES (263, 'Pohoj');
INSERT INTO public.points VALUES (264, 'Pnvj');
INSERT INTO public.points VALUES (265, 'Nvhnn');
INSERT INTO public.points VALUES (266, 'Wbbeavavl');
INSERT INTO public.points VALUES (267, 'Bfhmmvjbra');
INSERT INTO public.points VALUES (268, 'Frgtxpj');
INSERT INTO public.points VALUES (269, 'Oxlthgj');
INSERT INTO public.points VALUES (270, 'Gohkpvq');
INSERT INTO public.points VALUES (271, 'Ldpipq');
INSERT INTO public.points VALUES (272, 'Lpwa');
INSERT INTO public.points VALUES (273, 'Cclswbh');
INSERT INTO public.points VALUES (274, 'Xmlcoqp');
INSERT INTO public.points VALUES (275, 'Cucykjyy');
INSERT INTO public.points VALUES (276, 'Uflbaynv');
INSERT INTO public.points VALUES (277, 'Gafdxcexnw');
INSERT INTO public.points VALUES (278, 'Yrjbbpd');
INSERT INTO public.points VALUES (279, 'Wgevbsideo');
INSERT INTO public.points VALUES (280, 'Vvkjdn');
INSERT INTO public.points VALUES (281, 'Tgambdlt');
INSERT INTO public.points VALUES (282, 'Rmmdlx');
INSERT INTO public.points VALUES (283, 'Embgfaoq');
INSERT INTO public.points VALUES (284, 'Gnbhi');
INSERT INTO public.points VALUES (285, 'Qifmtwufr');
INSERT INTO public.points VALUES (286, 'Qhqqq');
INSERT INTO public.points VALUES (287, 'Uvqpsuvw');
INSERT INTO public.points VALUES (288, 'Kihrvorimo');
INSERT INTO public.points VALUES (289, 'Argefyda');
INSERT INTO public.points VALUES (290, 'Mnswlvc');
INSERT INTO public.points VALUES (291, 'Jhqseb');
INSERT INTO public.points VALUES (292, 'Eupwqcaykx');
INSERT INTO public.points VALUES (293, 'Mmhsxrpvjw');
INSERT INTO public.points VALUES (294, 'Asedwr');
INSERT INTO public.points VALUES (295, 'Xaub');
INSERT INTO public.points VALUES (296, 'Mcfy');
INSERT INTO public.points VALUES (297, 'Fqjcn');
INSERT INTO public.points VALUES (298, 'Sbqeiaxtu');
INSERT INTO public.points VALUES (299, 'Txqh');
INSERT INTO public.points VALUES (300, 'Bcnj');
INSERT INTO public.points VALUES (301, 'Blopapsrqe');
INSERT INTO public.points VALUES (302, 'Luvb');
INSERT INTO public.points VALUES (303, 'Vdcnksqw');
INSERT INTO public.points VALUES (304, 'Pkwmhwlf');
INSERT INTO public.points VALUES (305, 'Oxhjfaf');
INSERT INTO public.points VALUES (306, 'Jbjdjy');
INSERT INTO public.points VALUES (307, 'Jmbgwhbyxq');
INSERT INTO public.points VALUES (308, 'Ujlllwshvj');
INSERT INTO public.points VALUES (309, 'Tkfgutrio');
INSERT INTO public.points VALUES (310, 'Xyqhkrl');
INSERT INTO public.points VALUES (311, 'Vespj');
INSERT INTO public.points VALUES (312, 'Jcwdd');
INSERT INTO public.points VALUES (313, 'Logedw');
INSERT INTO public.points VALUES (314, 'Snxe');
INSERT INTO public.points VALUES (315, 'Roxco');
INSERT INTO public.points VALUES (316, 'Uohmwpuld');
INSERT INTO public.points VALUES (317, 'Jxghu');
INSERT INTO public.points VALUES (318, 'Oaou');
INSERT INTO public.points VALUES (319, 'Fthwemgfr');
INSERT INTO public.points VALUES (320, 'Dlqsjhh');
INSERT INTO public.points VALUES (321, 'Xdhamg');
INSERT INTO public.points VALUES (322, 'Mqslna');
INSERT INTO public.points VALUES (323, 'Hepacrxc');
INSERT INTO public.points VALUES (324, 'Isdcjgcc');
INSERT INTO public.points VALUES (325, 'Tkflicmgm');
INSERT INTO public.points VALUES (326, 'Cujr');
INSERT INTO public.points VALUES (327, 'Ooqvnbluf');
INSERT INTO public.points VALUES (328, 'Faeetoclft');
INSERT INTO public.points VALUES (329, 'Usbcyyply');
INSERT INTO public.points VALUES (330, 'Krse');
INSERT INTO public.points VALUES (331, 'Drvwro');
INSERT INTO public.points VALUES (332, 'Ojwolnay');
INSERT INTO public.points VALUES (333, 'Wfwyetm');
INSERT INTO public.points VALUES (334, 'Ygcolpeue');
INSERT INTO public.points VALUES (335, 'Yxovpsfkig');
INSERT INTO public.points VALUES (336, 'Soguib');
INSERT INTO public.points VALUES (337, 'Wtndejqhxc');
INSERT INTO public.points VALUES (338, 'Dqtsf');
INSERT INTO public.points VALUES (339, 'Vuakxpxawf');
INSERT INTO public.points VALUES (340, 'Wihcja');
INSERT INTO public.points VALUES (341, 'Nncc');
INSERT INTO public.points VALUES (342, 'Gtvttwdu');
INSERT INTO public.points VALUES (343, 'Lklwlrah');
INSERT INTO public.points VALUES (344, 'Yemnwxnqpy');
INSERT INTO public.points VALUES (345, 'Ytkidvxdb');
INSERT INTO public.points VALUES (346, 'Onhat');
INSERT INTO public.points VALUES (347, 'Mqqotw');
INSERT INTO public.points VALUES (348, 'Utkiwstw');
INSERT INTO public.points VALUES (349, 'Ukgqur');
INSERT INTO public.points VALUES (350, 'Coay');
INSERT INTO public.points VALUES (351, 'Crjxnc');
INSERT INTO public.points VALUES (352, 'Midw');
INSERT INTO public.points VALUES (353, 'Xjbopuuo');
INSERT INTO public.points VALUES (354, 'Kveprdrale');
INSERT INTO public.points VALUES (355, 'Gqgjdm');
INSERT INTO public.points VALUES (356, 'Fofpnxxth');
INSERT INTO public.points VALUES (357, 'Dwqaybfg');
INSERT INTO public.points VALUES (358, 'Yqxmnpdg');
INSERT INTO public.points VALUES (359, 'Cfftd');
INSERT INTO public.points VALUES (360, 'Xoyewv');
INSERT INTO public.points VALUES (361, 'Eafuuj');
INSERT INTO public.points VALUES (362, 'Nratclwxja');
INSERT INTO public.points VALUES (363, 'Hlnhoswgn');
INSERT INTO public.points VALUES (364, 'Aphohfge');
INSERT INTO public.points VALUES (365, 'Yrfbqf');
INSERT INTO public.points VALUES (366, 'Rbouqtbr');
INSERT INTO public.points VALUES (367, 'Flmww');
INSERT INTO public.points VALUES (368, 'Egnmtyjc');
INSERT INTO public.points VALUES (369, 'Nmtjawtagg');
INSERT INTO public.points VALUES (370, 'Likxioi');
INSERT INTO public.points VALUES (371, 'Rlodxrnlb');
INSERT INTO public.points VALUES (372, 'Gbynkvgn');
INSERT INTO public.points VALUES (373, 'Duyqdc');
INSERT INTO public.points VALUES (374, 'Gerhin');
INSERT INTO public.points VALUES (375, 'Gvrhjhbigj');
INSERT INTO public.points VALUES (376, 'Vtiqjofb');
INSERT INTO public.points VALUES (377, 'Lleh');
INSERT INTO public.points VALUES (378, 'Fiuw');
INSERT INTO public.points VALUES (379, 'Kilbrpg');
INSERT INTO public.points VALUES (380, 'Mgdkn');
INSERT INTO public.points VALUES (381, 'Toasayo');
INSERT INTO public.points VALUES (382, 'Rausnopt');
INSERT INTO public.points VALUES (383, 'Htfjivlt');
INSERT INTO public.points VALUES (384, 'Rntg');
INSERT INTO public.points VALUES (385, 'Iauuecuq');
INSERT INTO public.points VALUES (386, 'Twcvjlcab');
INSERT INTO public.points VALUES (387, 'Boegpabfeu');
INSERT INTO public.points VALUES (388, 'Vpuonkk');
INSERT INTO public.points VALUES (389, 'Gglmxmq');
INSERT INTO public.points VALUES (390, 'Ptafcjieh');
INSERT INTO public.points VALUES (391, 'Eqqap');
INSERT INTO public.points VALUES (392, 'Rlfipice');
INSERT INTO public.points VALUES (393, 'Nrjbe');
INSERT INTO public.points VALUES (394, 'Wegwqyspid');
INSERT INTO public.points VALUES (395, 'Pkhbj');
INSERT INTO public.points VALUES (396, 'Wglpms');
INSERT INTO public.points VALUES (397, 'Kmxbbisxb');
INSERT INTO public.points VALUES (398, 'Lwxpft');
INSERT INTO public.points VALUES (399, 'Segvmfkj');
INSERT INTO public.points VALUES (400, 'Pdhbkvc');
INSERT INTO public.points VALUES (401, 'Ybebjlh');
INSERT INTO public.points VALUES (402, 'Piris');
INSERT INTO public.points VALUES (403, 'Bksqfg');
INSERT INTO public.points VALUES (404, 'Xlftqjoil');
INSERT INTO public.points VALUES (405, 'Iftbqf');
INSERT INTO public.points VALUES (406, 'Kwrjfaqskv');
INSERT INTO public.points VALUES (407, 'Asnhy');
INSERT INTO public.points VALUES (408, 'Rkunjvig');
INSERT INTO public.points VALUES (409, 'Kxoapruwea');
INSERT INTO public.points VALUES (410, 'Obema');
INSERT INTO public.points VALUES (411, 'Lpodvesuvf');
INSERT INTO public.points VALUES (412, 'Lpvsxtxuts');
INSERT INTO public.points VALUES (413, 'Fasumcpiq');
INSERT INTO public.points VALUES (414, 'Ihykydogr');
INSERT INTO public.points VALUES (415, 'Gmluv');
INSERT INTO public.points VALUES (416, 'Hlgcf');
INSERT INTO public.points VALUES (417, 'Hdlphjl');
INSERT INTO public.points VALUES (418, 'Qbhs');
INSERT INTO public.points VALUES (419, 'Ctjnqtxj');
INSERT INTO public.points VALUES (420, 'Vmbragvth');
INSERT INTO public.points VALUES (421, 'Qkyu');
INSERT INTO public.points VALUES (422, 'Vslrkgy');
INSERT INTO public.points VALUES (423, 'Rhimbys');
INSERT INTO public.points VALUES (424, 'Rvwt');
INSERT INTO public.points VALUES (425, 'Bnxbddy');
INSERT INTO public.points VALUES (426, 'Iqxfqwkpe');
INSERT INTO public.points VALUES (427, 'Nxbstihvxt');
INSERT INTO public.points VALUES (428, 'Xpcrscbcn');
INSERT INTO public.points VALUES (429, 'Bacbu');
INSERT INTO public.points VALUES (430, 'Mrdrgjfrd');
INSERT INTO public.points VALUES (431, 'Bjhueasgmh');
INSERT INTO public.points VALUES (432, 'Quesy');
INSERT INTO public.points VALUES (433, 'Kdwq');
INSERT INTO public.points VALUES (434, 'Yndardpuma');
INSERT INTO public.points VALUES (435, 'Ywsfntdwm');
INSERT INTO public.points VALUES (436, 'Ajefwql');
INSERT INTO public.points VALUES (437, 'Issxrmvc');
INSERT INTO public.points VALUES (438, 'Efxpavxojj');
INSERT INTO public.points VALUES (439, 'Biibf');
INSERT INTO public.points VALUES (440, 'Ailxilvb');
INSERT INTO public.points VALUES (441, 'Gnulycf');
INSERT INTO public.points VALUES (442, 'Fwtomfvc');
INSERT INTO public.points VALUES (443, 'Wgmnk');
INSERT INTO public.points VALUES (444, 'Ggia');
INSERT INTO public.points VALUES (445, 'Rywemnmk');
INSERT INTO public.points VALUES (446, 'Gwtykj');
INSERT INTO public.points VALUES (447, 'Hfxcgml');
INSERT INTO public.points VALUES (448, 'Kcdkmbwhe');
INSERT INTO public.points VALUES (449, 'Qsemoun');
INSERT INTO public.points VALUES (450, 'Vlcgbkw');
INSERT INTO public.points VALUES (451, 'Rfebnql');
INSERT INTO public.points VALUES (452, 'Rnqtxkeymk');
INSERT INTO public.points VALUES (453, 'Eflelpbo');
INSERT INTO public.points VALUES (454, 'Torjpt');
INSERT INTO public.points VALUES (455, 'Tknjkyy');
INSERT INTO public.points VALUES (456, 'Awjoqxo');
INSERT INTO public.points VALUES (457, 'Snrsrrf');
INSERT INTO public.points VALUES (458, 'Hveaoiubc');
INSERT INTO public.points VALUES (459, 'Yalsyagtx');
INSERT INTO public.points VALUES (460, 'Kekui');
INSERT INTO public.points VALUES (461, 'Amisjfxc');
INSERT INTO public.points VALUES (462, 'Talvogmj');
INSERT INTO public.points VALUES (463, 'Qdtsswgks');
INSERT INTO public.points VALUES (464, 'Nmmrnt');
INSERT INTO public.points VALUES (465, 'Ecorljke');
INSERT INTO public.points VALUES (466, 'Levnn');
INSERT INTO public.points VALUES (467, 'Yvalpgpnlw');
INSERT INTO public.points VALUES (468, 'Sexpo');
INSERT INTO public.points VALUES (469, 'Evdqiwepn');
INSERT INTO public.points VALUES (470, 'Xccgsurhb');
INSERT INTO public.points VALUES (471, 'Kryyanyob');
INSERT INTO public.points VALUES (472, 'Jmvphjg');
INSERT INTO public.points VALUES (473, 'Mbwh');
INSERT INTO public.points VALUES (474, 'Amxevqbsk');
INSERT INTO public.points VALUES (475, 'Xxkuymg');
INSERT INTO public.points VALUES (476, 'Mtrwoajuta');
INSERT INTO public.points VALUES (477, 'Aktgpeudk');
INSERT INTO public.points VALUES (478, 'Pdymempuk');
INSERT INTO public.points VALUES (479, 'Abxfvh');
INSERT INTO public.points VALUES (480, 'Ahcbqs');
INSERT INTO public.points VALUES (481, 'Vhhicj');
INSERT INTO public.points VALUES (482, 'Rwpr');
INSERT INTO public.points VALUES (483, 'Oiytbm');
INSERT INTO public.points VALUES (484, 'Mwut');
INSERT INTO public.points VALUES (485, 'Wliiwbixa');
INSERT INTO public.points VALUES (486, 'Fnqxgksd');
INSERT INTO public.points VALUES (487, 'Qnoxnbt');
INSERT INTO public.points VALUES (488, 'Arhr');
INSERT INTO public.points VALUES (489, 'Xhiduuoqam');
INSERT INTO public.points VALUES (490, 'Whhrsmlng');
INSERT INTO public.points VALUES (491, 'Dtigmr');
INSERT INTO public.points VALUES (492, 'Jmiegt');
INSERT INTO public.points VALUES (493, 'Cfcdcrpkx');
INSERT INTO public.points VALUES (494, 'Syddssdco');
INSERT INTO public.points VALUES (495, 'Mjoxhjcq');
INSERT INTO public.points VALUES (496, 'Jfqxanw');
INSERT INTO public.points VALUES (497, 'Ifhar');
INSERT INTO public.points VALUES (498, 'Airc');
INSERT INTO public.points VALUES (499, 'Koutg');
INSERT INTO public.points VALUES (500, 'Kxlqaflfp');
INSERT INTO public.points VALUES (501, 'Aibjnncs');
INSERT INTO public.points VALUES (502, 'Neqgssb');
INSERT INTO public.points VALUES (503, 'Elmdkufaqf');
INSERT INTO public.points VALUES (504, 'Hmnso');
INSERT INTO public.points VALUES (505, 'Vwsvffpltk');
INSERT INTO public.points VALUES (506, 'Wjakepwg');
INSERT INTO public.points VALUES (507, 'Uhpli');
INSERT INTO public.points VALUES (508, 'Iehq');
INSERT INTO public.points VALUES (509, 'Hgvepqsm');
INSERT INTO public.points VALUES (510, 'Dcdfwmcy');
INSERT INTO public.points VALUES (511, 'Xhedgftaff');
INSERT INTO public.points VALUES (512, 'Riieoobpd');
INSERT INTO public.points VALUES (513, 'Kserjo');
INSERT INTO public.points VALUES (514, 'Mtkp');
INSERT INTO public.points VALUES (515, 'Gbif');
INSERT INTO public.points VALUES (516, 'Rfmfrobphr');
INSERT INTO public.points VALUES (517, 'Jqrovkhc');
INSERT INTO public.points VALUES (518, 'Lnfutlcxlg');
INSERT INTO public.points VALUES (519, 'Bwcslh');
INSERT INTO public.points VALUES (520, 'Drrtqdlab');
INSERT INTO public.points VALUES (521, 'Bluppoll');
INSERT INTO public.points VALUES (522, 'Nsvvjxm');
INSERT INTO public.points VALUES (523, 'Nyvh');
INSERT INTO public.points VALUES (524, 'Rhetfih');
INSERT INTO public.points VALUES (525, 'Odekbq');
INSERT INTO public.points VALUES (526, 'Labxlio');
INSERT INTO public.points VALUES (527, 'Phaqeheawu');
INSERT INTO public.points VALUES (528, 'Sicxsv');
INSERT INTO public.points VALUES (529, 'Wfwvrk');
INSERT INTO public.points VALUES (530, 'Oxafqc');
INSERT INTO public.points VALUES (531, 'Njvnqh');
INSERT INTO public.points VALUES (532, 'Clhfkto');
INSERT INTO public.points VALUES (533, 'Ttmf');
INSERT INTO public.points VALUES (534, 'Gvvoapsmi');
INSERT INTO public.points VALUES (535, 'Nuqsm');
INSERT INTO public.points VALUES (536, 'Oucqbhp');
INSERT INTO public.points VALUES (537, 'Woopw');
INSERT INTO public.points VALUES (538, 'Eesy');
INSERT INTO public.points VALUES (539, 'Uegmvdecb');
INSERT INTO public.points VALUES (540, 'Mbaso');
INSERT INTO public.points VALUES (541, 'Sochjgnw');
INSERT INTO public.points VALUES (542, 'Wysbig');
INSERT INTO public.points VALUES (543, 'Bvrp');
INSERT INTO public.points VALUES (544, 'Dtnpcimnsl');
INSERT INTO public.points VALUES (545, 'Qnrxet');
INSERT INTO public.points VALUES (546, 'Sgcgnydlsm');
INSERT INTO public.points VALUES (547, 'Xkbbqys');
INSERT INTO public.points VALUES (548, 'Uxcpoyi');
INSERT INTO public.points VALUES (549, 'Joixwo');
INSERT INTO public.points VALUES (550, 'Lbkdjiwpmu');
INSERT INTO public.points VALUES (551, 'Efdrthwjad');
INSERT INTO public.points VALUES (552, 'Ojwnn');
INSERT INTO public.points VALUES (553, 'Vofcejiew');
INSERT INTO public.points VALUES (554, 'Ceueil');
INSERT INTO public.points VALUES (555, 'Odbqfor');
INSERT INTO public.points VALUES (556, 'Dglb');
INSERT INTO public.points VALUES (557, 'Ddnwasuyvn');
INSERT INTO public.points VALUES (558, 'Hhhdikau');
INSERT INTO public.points VALUES (559, 'Woduqtcy');
INSERT INTO public.points VALUES (560, 'Pjdxggkl');
INSERT INTO public.points VALUES (561, 'Tafmipdt');
INSERT INTO public.points VALUES (562, 'Uboso');
INSERT INTO public.points VALUES (563, 'Dvcrgyo');
INSERT INTO public.points VALUES (564, 'Qlly');
INSERT INTO public.points VALUES (565, 'Bwxxnbs');
INSERT INTO public.points VALUES (566, 'Exxujkktjw');
INSERT INTO public.points VALUES (567, 'Dtcynhhgq');
INSERT INTO public.points VALUES (568, 'Pypcql');
INSERT INTO public.points VALUES (569, 'Mhnwtavw');
INSERT INTO public.points VALUES (570, 'Iiccgld');
INSERT INTO public.points VALUES (571, 'Jahoh');
INSERT INTO public.points VALUES (572, 'Clfi');
INSERT INTO public.points VALUES (573, 'Llcrrqpesh');
INSERT INTO public.points VALUES (574, 'Gfvnxhvdt');
INSERT INTO public.points VALUES (575, 'Hfwnoqhdt');
INSERT INTO public.points VALUES (576, 'Mdqmkumrf');
INSERT INTO public.points VALUES (577, 'Rjyxmxk');
INSERT INTO public.points VALUES (578, 'Hmxl');
INSERT INTO public.points VALUES (579, 'Lbigufwnay');
INSERT INTO public.points VALUES (580, 'Hitqk');
INSERT INTO public.points VALUES (581, 'Vgqvlgs');
INSERT INTO public.points VALUES (582, 'Liadd');
INSERT INTO public.points VALUES (583, 'Thhwm');
INSERT INTO public.points VALUES (584, 'Pcoochf');
INSERT INTO public.points VALUES (585, 'Uekty');
INSERT INTO public.points VALUES (586, 'Leygerutk');
INSERT INTO public.points VALUES (587, 'Qcfxpdpuy');
INSERT INTO public.points VALUES (588, 'Mfxaokojxb');
INSERT INTO public.points VALUES (589, 'Xkyguqag');
INSERT INTO public.points VALUES (590, 'Uiytoc');
INSERT INTO public.points VALUES (591, 'Fmucnhio');
INSERT INTO public.points VALUES (592, 'Waiuovoyiq');
INSERT INTO public.points VALUES (593, 'Cpjkxofxbs');
INSERT INTO public.points VALUES (594, 'Jaxmvxd');
INSERT INTO public.points VALUES (595, 'Jlyydcckk');
INSERT INTO public.points VALUES (596, 'Ljgcv');
INSERT INTO public.points VALUES (597, 'Igifj');
INSERT INTO public.points VALUES (598, 'Mkbq');
INSERT INTO public.points VALUES (599, 'Pamy');
INSERT INTO public.points VALUES (600, 'Aotdrt');
INSERT INTO public.points VALUES (601, 'Spitbrj');
INSERT INTO public.points VALUES (602, 'Gtsyxg');
INSERT INTO public.points VALUES (603, 'Rstmr');
INSERT INTO public.points VALUES (604, 'Yoipv');
INSERT INTO public.points VALUES (605, 'Keqyeqsxhm');
INSERT INTO public.points VALUES (606, 'Mhqdbkyvdy');
INSERT INTO public.points VALUES (607, 'Mbmp');
INSERT INTO public.points VALUES (608, 'Xtva');
INSERT INTO public.points VALUES (609, 'Ttje');
INSERT INTO public.points VALUES (610, 'Lxgmhick');
INSERT INTO public.points VALUES (611, 'Noam');
INSERT INTO public.points VALUES (612, 'Yakxebmdcb');
INSERT INTO public.points VALUES (613, 'Rynit');
INSERT INTO public.points VALUES (614, 'Qqjipke');
INSERT INTO public.points VALUES (615, 'Rlqxqhiej');
INSERT INTO public.points VALUES (616, 'Rpcgarrwcm');
INSERT INTO public.points VALUES (617, 'Axdsxpgu');
INSERT INTO public.points VALUES (618, 'Nlwvbndq');
INSERT INTO public.points VALUES (619, 'Tsbyifp');
INSERT INTO public.points VALUES (620, 'Dbnggtxjhe');
INSERT INTO public.points VALUES (621, 'Rrpsbbtlj');
INSERT INTO public.points VALUES (622, 'Nhbkfned');
INSERT INTO public.points VALUES (623, 'Dsqqx');
INSERT INTO public.points VALUES (624, 'Jixffttrgy');
INSERT INTO public.points VALUES (625, 'Lfboommy');
INSERT INTO public.points VALUES (626, 'Dntjuqmdaw');
INSERT INTO public.points VALUES (627, 'Ubbt');
INSERT INTO public.points VALUES (628, 'Gtto');
INSERT INTO public.points VALUES (629, 'Shulnro');
INSERT INTO public.points VALUES (630, 'Pietdfxbp');
INSERT INTO public.points VALUES (631, 'Gmofdx');
INSERT INTO public.points VALUES (632, 'Lwuoya');
INSERT INTO public.points VALUES (633, 'Pdhewmra');
INSERT INTO public.points VALUES (634, 'Agsbjvfmxj');
INSERT INTO public.points VALUES (635, 'Cyiqcy');
INSERT INTO public.points VALUES (636, 'Vcaycn');
INSERT INTO public.points VALUES (637, 'Skdvllj');
INSERT INTO public.points VALUES (638, 'Yeatyutov');
INSERT INTO public.points VALUES (639, 'Avxnar');
INSERT INTO public.points VALUES (640, 'Otvdnftkk');
INSERT INTO public.points VALUES (641, 'Atoxplexai');
INSERT INTO public.points VALUES (642, 'Pxtsj');
INSERT INTO public.points VALUES (643, 'Canafco');
INSERT INTO public.points VALUES (644, 'Nejbytbhu');
INSERT INTO public.points VALUES (645, 'Vgarliuaac');
INSERT INTO public.points VALUES (646, 'Urmeyyrbt');
INSERT INTO public.points VALUES (647, 'Qmyfbxwu');
INSERT INTO public.points VALUES (648, 'Gqaua');
INSERT INTO public.points VALUES (649, 'Ybqby');
INSERT INTO public.points VALUES (650, 'Hjjeogqy');
INSERT INTO public.points VALUES (651, 'Gqbliw');
INSERT INTO public.points VALUES (652, 'Lahn');
INSERT INTO public.points VALUES (653, 'Hehvjnkb');
INSERT INTO public.points VALUES (654, 'Ygou');
INSERT INTO public.points VALUES (655, 'Tkxko');
INSERT INTO public.points VALUES (656, 'Mfel');
INSERT INTO public.points VALUES (657, 'Kdcqckyeb');
INSERT INTO public.points VALUES (658, 'Ruqq');
INSERT INTO public.points VALUES (659, 'Fqsk');
INSERT INTO public.points VALUES (660, 'Tenjrp');
INSERT INTO public.points VALUES (661, 'Yldlj');
INSERT INTO public.points VALUES (662, 'Ttjsymtdwk');
INSERT INTO public.points VALUES (663, 'Maofnjiuk');
INSERT INTO public.points VALUES (664, 'Eoktoh');
INSERT INTO public.points VALUES (665, 'Pwjr');
INSERT INTO public.points VALUES (666, 'Nlbape');
INSERT INTO public.points VALUES (667, 'Hjedy');
INSERT INTO public.points VALUES (668, 'Enyhve');
INSERT INTO public.points VALUES (669, 'Xhqyjwb');
INSERT INTO public.points VALUES (670, 'Pkbycwog');
INSERT INTO public.points VALUES (671, 'Tvya');
INSERT INTO public.points VALUES (672, 'Qifceu');
INSERT INTO public.points VALUES (673, 'Tatyp');
INSERT INTO public.points VALUES (674, 'Vagy');
INSERT INTO public.points VALUES (675, 'Ntmjnvw');
INSERT INTO public.points VALUES (676, 'Qxndn');
INSERT INTO public.points VALUES (677, 'Crpbowt');
INSERT INTO public.points VALUES (678, 'Ajrys');
INSERT INTO public.points VALUES (679, 'Hkxdb');
INSERT INTO public.points VALUES (680, 'Bpjkopqvwe');
INSERT INTO public.points VALUES (681, 'Ibemfl');
INSERT INTO public.points VALUES (682, 'Enuuq');
INSERT INTO public.points VALUES (683, 'Qvgsykqu');
INSERT INTO public.points VALUES (684, 'Dpubj');
INSERT INTO public.points VALUES (685, 'Oqgr');
INSERT INTO public.points VALUES (686, 'Ftec');
INSERT INTO public.points VALUES (687, 'Wlnw');
INSERT INTO public.points VALUES (688, 'Hugptdyefv');
INSERT INTO public.points VALUES (689, 'Jgfuqceefk');
INSERT INTO public.points VALUES (690, 'Lapvbkpnvs');
INSERT INTO public.points VALUES (691, 'Rauv');
INSERT INTO public.points VALUES (692, 'Itnjqxlcjh');
INSERT INTO public.points VALUES (693, 'Swnpewvjru');
INSERT INTO public.points VALUES (694, 'Ybbuhaox');
INSERT INTO public.points VALUES (695, 'Aqjxoi');
INSERT INTO public.points VALUES (696, 'Bdtlolqsq');
INSERT INTO public.points VALUES (697, 'Ssayjqt');
INSERT INTO public.points VALUES (698, 'Tgca');
INSERT INTO public.points VALUES (699, 'Cqobxv');
INSERT INTO public.points VALUES (700, 'Hhgcwmixh');
INSERT INTO public.points VALUES (701, 'Phnvtiverf');
INSERT INTO public.points VALUES (702, 'Cbvlq');
INSERT INTO public.points VALUES (703, 'Oxkfwib');
INSERT INTO public.points VALUES (704, 'Hdbw');
INSERT INTO public.points VALUES (705, 'Pcyalvwcdk');
INSERT INTO public.points VALUES (706, 'Jtyt');
INSERT INTO public.points VALUES (707, 'Rgmmds');
INSERT INTO public.points VALUES (708, 'Vxppstt');
INSERT INTO public.points VALUES (709, 'Xotyatsol');
INSERT INTO public.points VALUES (710, 'Adyb');
INSERT INTO public.points VALUES (711, 'Fvmxtxold');
INSERT INTO public.points VALUES (712, 'Mxwbmht');
INSERT INTO public.points VALUES (713, 'Nqvlh');
INSERT INTO public.points VALUES (714, 'Ijmfs');
INSERT INTO public.points VALUES (715, 'Foucudptu');
INSERT INTO public.points VALUES (716, 'Kpccd');
INSERT INTO public.points VALUES (717, 'Xqdvy');
INSERT INTO public.points VALUES (718, 'Ukwlgwu');
INSERT INTO public.points VALUES (719, 'Aybnbypp');
INSERT INTO public.points VALUES (720, 'Xcgsfp');
INSERT INTO public.points VALUES (721, 'Iqnhctiwco');
INSERT INTO public.points VALUES (722, 'Utsovr');
INSERT INTO public.points VALUES (723, 'Tqdejufmn');
INSERT INTO public.points VALUES (724, 'Ibhyw');
INSERT INTO public.points VALUES (725, 'Jjdomgrds');
INSERT INTO public.points VALUES (726, 'Xbonvfpwo');
INSERT INTO public.points VALUES (727, 'Nnkuvwnbow');
INSERT INTO public.points VALUES (728, 'Whgcfk');
INSERT INTO public.points VALUES (729, 'Niudjxlq');
INSERT INTO public.points VALUES (730, 'Bytjgcc');
INSERT INTO public.points VALUES (731, 'Wusbmslfvd');
INSERT INTO public.points VALUES (732, 'Vcmdkwulno');
INSERT INTO public.points VALUES (733, 'Rfdel');
INSERT INTO public.points VALUES (734, 'Lohndlucq');
INSERT INTO public.points VALUES (735, 'Aciq');
INSERT INTO public.points VALUES (736, 'Jwtxgoqqp');
INSERT INTO public.points VALUES (737, 'Lophoeojat');
INSERT INTO public.points VALUES (738, 'Ljhvyvg');
INSERT INTO public.points VALUES (739, 'Sajyur');
INSERT INTO public.points VALUES (740, 'Ohvpsckn');
INSERT INTO public.points VALUES (741, 'Welrifa');
INSERT INTO public.points VALUES (742, 'Qmrmfa');
INSERT INTO public.points VALUES (743, 'Rmwffwrqox');
INSERT INTO public.points VALUES (744, 'Yacgckow');
INSERT INTO public.points VALUES (745, 'Yiins');
INSERT INTO public.points VALUES (746, 'Ecankav');
INSERT INTO public.points VALUES (747, 'Cpjvfxgsgt');
INSERT INTO public.points VALUES (748, 'Pkynmhv');
INSERT INTO public.points VALUES (749, 'Ngbdb');
INSERT INTO public.points VALUES (750, 'Yboehtl');
INSERT INTO public.points VALUES (751, 'Kistgwcba');
INSERT INTO public.points VALUES (752, 'Eewokkmj');
INSERT INTO public.points VALUES (753, 'Hffjlq');
INSERT INTO public.points VALUES (754, 'Uvggdq');
INSERT INTO public.points VALUES (755, 'Obxo');
INSERT INTO public.points VALUES (756, 'Swnyenxigk');
INSERT INTO public.points VALUES (757, 'Xalj');
INSERT INTO public.points VALUES (758, 'Yjhdpel');
INSERT INTO public.points VALUES (759, 'Pfjlmr');
INSERT INTO public.points VALUES (760, 'Csfpnttp');
INSERT INTO public.points VALUES (761, 'Yhawkhxpw');
INSERT INTO public.points VALUES (762, 'Beipbrimtw');
INSERT INTO public.points VALUES (763, 'Tysybkmlre');
INSERT INTO public.points VALUES (764, 'Biabpnmdse');
INSERT INTO public.points VALUES (765, 'Hsjse');
INSERT INTO public.points VALUES (766, 'Vhucb');
INSERT INTO public.points VALUES (767, 'Pghqiujkd');
INSERT INTO public.points VALUES (768, 'Dldpofnp');
INSERT INTO public.points VALUES (769, 'Quicmn');
INSERT INTO public.points VALUES (770, 'Vtipgmen');
INSERT INTO public.points VALUES (771, 'Eifbgmwxi');
INSERT INTO public.points VALUES (772, 'Mvhkcubvac');
INSERT INTO public.points VALUES (773, 'Ifdghc');
INSERT INTO public.points VALUES (774, 'Cnlpyakmt');
INSERT INTO public.points VALUES (775, 'Ryjjklq');
INSERT INTO public.points VALUES (776, 'Fbycvqo');
INSERT INTO public.points VALUES (777, 'Jewkcecg');
INSERT INTO public.points VALUES (778, 'Cxohnu');
INSERT INTO public.points VALUES (779, 'Okof');
INSERT INTO public.points VALUES (780, 'Tkulaul');
INSERT INTO public.points VALUES (781, 'Pnrykhd');
INSERT INTO public.points VALUES (782, 'Wtup');
INSERT INTO public.points VALUES (783, 'Nxbch');
INSERT INTO public.points VALUES (784, 'Xuhv');
INSERT INTO public.points VALUES (785, 'Ujespvjhc');
INSERT INTO public.points VALUES (786, 'Linyjqtnta');
INSERT INTO public.points VALUES (787, 'Ikduxecta');
INSERT INTO public.points VALUES (788, 'Peugioeefe');
INSERT INTO public.points VALUES (789, 'Thkw');
INSERT INTO public.points VALUES (790, 'Sghxdlpn');
INSERT INTO public.points VALUES (791, 'Fmryme');
INSERT INTO public.points VALUES (792, 'Hqbkfsbyq');
INSERT INTO public.points VALUES (793, 'Xkuaky');
INSERT INTO public.points VALUES (794, 'Iowpg');
INSERT INTO public.points VALUES (795, 'Psgfuv');
INSERT INTO public.points VALUES (796, 'Ioumysi');
INSERT INTO public.points VALUES (797, 'Gykgjmndy');
INSERT INTO public.points VALUES (798, 'Mnxaub');
INSERT INTO public.points VALUES (799, 'Fcvgxgamu');
INSERT INTO public.points VALUES (800, 'Mgpeisbch');
INSERT INTO public.points VALUES (801, 'Spkcjsxh');
INSERT INTO public.points VALUES (802, 'Bkyigbly');
INSERT INTO public.points VALUES (803, 'Stxbrf');
INSERT INTO public.points VALUES (804, 'Bqwf');
INSERT INTO public.points VALUES (805, 'Fdjts');
INSERT INTO public.points VALUES (806, 'Moskyw');
INSERT INTO public.points VALUES (807, 'Bkusax');
INSERT INTO public.points VALUES (808, 'Kmjdm');
INSERT INTO public.points VALUES (809, 'Tanqpkaa');
INSERT INTO public.points VALUES (810, 'Oexwd');
INSERT INTO public.points VALUES (811, 'Fxlkakraen');
INSERT INTO public.points VALUES (812, 'Lchunj');
INSERT INTO public.points VALUES (813, 'Epmsyaok');
INSERT INTO public.points VALUES (814, 'Bhdjh');
INSERT INTO public.points VALUES (815, 'Drykurmjmh');
INSERT INTO public.points VALUES (816, 'Tsocc');
INSERT INTO public.points VALUES (817, 'Vobmv');
INSERT INTO public.points VALUES (818, 'Okij');
INSERT INTO public.points VALUES (819, 'Eobvhqvp');
INSERT INTO public.points VALUES (820, 'Mjygxl');
INSERT INTO public.points VALUES (821, 'Elokaf');
INSERT INTO public.points VALUES (822, 'Cmlwxs');
INSERT INTO public.points VALUES (823, 'Mbqm');
INSERT INTO public.points VALUES (824, 'Rkwopwixf');
INSERT INTO public.points VALUES (825, 'Lcsxw');
INSERT INTO public.points VALUES (826, 'Qhxxj');
INSERT INTO public.points VALUES (827, 'Yjopqsd');
INSERT INTO public.points VALUES (828, 'Uciba');
INSERT INTO public.points VALUES (829, 'Xdegnadwg');
INSERT INTO public.points VALUES (830, 'Qgdl');
INSERT INTO public.points VALUES (831, 'Hmjympxxy');
INSERT INTO public.points VALUES (832, 'Laok');
INSERT INTO public.points VALUES (833, 'Fogcnku');
INSERT INTO public.points VALUES (834, 'Uxpef');
INSERT INTO public.points VALUES (835, 'Sgoocrpogd');
INSERT INTO public.points VALUES (836, 'Henjuno');
INSERT INTO public.points VALUES (837, 'Fxuvlffhg');
INSERT INTO public.points VALUES (838, 'Haxlrobmde');
INSERT INTO public.points VALUES (839, 'Kdumgf');
INSERT INTO public.points VALUES (840, 'Btxh');
INSERT INTO public.points VALUES (841, 'Etfvb');
INSERT INTO public.points VALUES (842, 'Pqusufawqv');
INSERT INTO public.points VALUES (843, 'Qvhs');
INSERT INTO public.points VALUES (844, 'Edtanx');
INSERT INTO public.points VALUES (845, 'Ckrkmqbo');
INSERT INTO public.points VALUES (846, 'Cdifaxfrx');
INSERT INTO public.points VALUES (847, 'Scspqr');
INSERT INTO public.points VALUES (848, 'Oacgsyb');
INSERT INTO public.points VALUES (849, 'Klrotcy');
INSERT INTO public.points VALUES (850, 'Lpyyr');
INSERT INTO public.points VALUES (851, 'Cxeibqtfqq');
INSERT INTO public.points VALUES (852, 'Qieecd');
INSERT INTO public.points VALUES (853, 'Eyjwhmpupd');
INSERT INTO public.points VALUES (854, 'Quns');
INSERT INTO public.points VALUES (855, 'Mgkvqr');
INSERT INTO public.points VALUES (856, 'Rjrnmrdxju');
INSERT INTO public.points VALUES (857, 'Esjrwifp');
INSERT INTO public.points VALUES (858, 'Bmfamh');
INSERT INTO public.points VALUES (859, 'Ylisfvj');
INSERT INTO public.points VALUES (860, 'Wynjkssw');
INSERT INTO public.points VALUES (861, 'Mrlchjo');
INSERT INTO public.points VALUES (862, 'Ubitrkhfae');
INSERT INTO public.points VALUES (863, 'Wdrk');
INSERT INTO public.points VALUES (864, 'Stuynalkp');
INSERT INTO public.points VALUES (865, 'Eahlmjwo');
INSERT INTO public.points VALUES (866, 'Vkhwyjp');
INSERT INTO public.points VALUES (867, 'Enkiifur');
INSERT INTO public.points VALUES (868, 'Abntqoyh');
INSERT INTO public.points VALUES (869, 'Scbqd');
INSERT INTO public.points VALUES (870, 'Fnngewrrx');
INSERT INTO public.points VALUES (871, 'Wnkang');
INSERT INTO public.points VALUES (872, 'Qixevpx');
INSERT INTO public.points VALUES (873, 'Mfolpngnn');
INSERT INTO public.points VALUES (874, 'Rupbon');
INSERT INTO public.points VALUES (875, 'Ewtat');
INSERT INTO public.points VALUES (876, 'Mebfa');
INSERT INTO public.points VALUES (877, 'Cykdrpmt');
INSERT INTO public.points VALUES (878, 'Icvyypntl');
INSERT INTO public.points VALUES (879, 'Vdwc');
INSERT INTO public.points VALUES (880, 'Jbjr');
INSERT INTO public.points VALUES (881, 'Koky');
INSERT INTO public.points VALUES (882, 'Aavrwynmup');
INSERT INTO public.points VALUES (883, 'Vjegfg');
INSERT INTO public.points VALUES (884, 'Qpsackm');
INSERT INTO public.points VALUES (885, 'Asmaibs');
INSERT INTO public.points VALUES (886, 'Oyrq');
INSERT INTO public.points VALUES (887, 'Ykidws');
INSERT INTO public.points VALUES (888, 'Idkxhpece');
INSERT INTO public.points VALUES (889, 'Iglad');
INSERT INTO public.points VALUES (890, 'Wkpfvsp');
INSERT INTO public.points VALUES (891, 'Ohietfhsl');
INSERT INTO public.points VALUES (892, 'Ptdgcukw');
INSERT INTO public.points VALUES (893, 'Slfpntak');
INSERT INTO public.points VALUES (894, 'Wccsouj');
INSERT INTO public.points VALUES (895, 'Xbfvgc');
INSERT INTO public.points VALUES (896, 'Pglq');
INSERT INTO public.points VALUES (897, 'Samhqsr');
INSERT INTO public.points VALUES (898, 'Lgyjs');
INSERT INTO public.points VALUES (899, 'Xeegppnfie');
INSERT INTO public.points VALUES (900, 'Pubstidg');
INSERT INTO public.points VALUES (901, 'Exrjdwrhoa');
INSERT INTO public.points VALUES (902, 'Iscaahbsf');
INSERT INTO public.points VALUES (903, 'Etdeoqyiti');
INSERT INTO public.points VALUES (904, 'Ujlkfqfbm');
INSERT INTO public.points VALUES (905, 'Knxwqwvyhd');
INSERT INTO public.points VALUES (906, 'Kqmegl');
INSERT INTO public.points VALUES (907, 'Ujfjr');
INSERT INTO public.points VALUES (908, 'Fxnlk');
INSERT INTO public.points VALUES (909, 'Rrrsd');
INSERT INTO public.points VALUES (910, 'Mhxnmtk');
INSERT INTO public.points VALUES (911, 'Xvismy');
INSERT INTO public.points VALUES (912, 'Ujuwimjta');
INSERT INTO public.points VALUES (913, 'Jfqqpsgifq');
INSERT INTO public.points VALUES (914, 'Xqbwfddt');
INSERT INTO public.points VALUES (915, 'Jeuyhf');
INSERT INTO public.points VALUES (916, 'Abrkao');
INSERT INTO public.points VALUES (917, 'Jevmjitxuv');
INSERT INTO public.points VALUES (918, 'Whkobaced');
INSERT INTO public.points VALUES (919, 'Moqvpvf');
INSERT INTO public.points VALUES (920, 'Gnvqj');
INSERT INTO public.points VALUES (921, 'Uufttdtux');
INSERT INTO public.points VALUES (922, 'Vutbhck');
INSERT INTO public.points VALUES (923, 'Rmvqstvvo');
INSERT INTO public.points VALUES (924, 'Bdxwlqhdir');
INSERT INTO public.points VALUES (925, 'Qmmxhhjqj');
INSERT INTO public.points VALUES (926, 'Taau');
INSERT INTO public.points VALUES (927, 'Xxug');
INSERT INTO public.points VALUES (928, 'Hnept');
INSERT INTO public.points VALUES (929, 'Yuuw');
INSERT INTO public.points VALUES (930, 'Cajcclmqst');
INSERT INTO public.points VALUES (931, 'Dkdcoedxk');
INSERT INTO public.points VALUES (932, 'Ygaec');
INSERT INTO public.points VALUES (933, 'Slhwhaimrf');
INSERT INTO public.points VALUES (934, 'Eltnd');
INSERT INTO public.points VALUES (935, 'Lmpgfnyf');
INSERT INTO public.points VALUES (936, 'Pqdh');
INSERT INTO public.points VALUES (937, 'Vvnwf');
INSERT INTO public.points VALUES (938, 'Qxywwcs');
INSERT INTO public.points VALUES (939, 'Ihsclmxid');
INSERT INTO public.points VALUES (940, 'Minmdblxk');
INSERT INTO public.points VALUES (941, 'Hias');
INSERT INTO public.points VALUES (942, 'Uwgx');
INSERT INTO public.points VALUES (943, 'Mvnhoccpqn');
INSERT INTO public.points VALUES (944, 'Fpfbph');
INSERT INTO public.points VALUES (945, 'Kyqe');
INSERT INTO public.points VALUES (946, 'Qveqp');
INSERT INTO public.points VALUES (947, 'Mbykv');
INSERT INTO public.points VALUES (948, 'Jplvryosml');
INSERT INTO public.points VALUES (949, 'Csuptxre');
INSERT INTO public.points VALUES (950, 'Xwehj');
INSERT INTO public.points VALUES (951, 'Jyputggx');
INSERT INTO public.points VALUES (952, 'Vwfnm');
INSERT INTO public.points VALUES (953, 'Wygxltkwaj');
INSERT INTO public.points VALUES (954, 'Ldoetwrb');
INSERT INTO public.points VALUES (955, 'Bbsdilo');
INSERT INTO public.points VALUES (956, 'Cbtheqv');
INSERT INTO public.points VALUES (957, 'Kwuv');
INSERT INTO public.points VALUES (958, 'Dsyhsfkwwn');
INSERT INTO public.points VALUES (959, 'Cedphsmxps');
INSERT INTO public.points VALUES (960, 'Dtfpdtdltg');
INSERT INTO public.points VALUES (961, 'Tcuxpjvltc');
INSERT INTO public.points VALUES (962, 'Kvflnpgwqv');
INSERT INTO public.points VALUES (963, 'Lxeqgfkfli');
INSERT INTO public.points VALUES (964, 'Umpxxgxfu');
INSERT INTO public.points VALUES (965, 'Ujehxllpii');
INSERT INTO public.points VALUES (966, 'Oion');
INSERT INTO public.points VALUES (967, 'Oxok');
INSERT INTO public.points VALUES (968, 'Jvjdpch');
INSERT INTO public.points VALUES (969, 'Wfxxhkejr');
INSERT INTO public.points VALUES (970, 'Ulwi');
INSERT INTO public.points VALUES (971, 'Fyhfqrl');
INSERT INTO public.points VALUES (972, 'Yaskevcfco');
INSERT INTO public.points VALUES (973, 'Pilyopmt');
INSERT INTO public.points VALUES (974, 'Rjglpmti');
INSERT INTO public.points VALUES (975, 'Vdxlf');
INSERT INTO public.points VALUES (976, 'Hsautgkp');
INSERT INTO public.points VALUES (977, 'Jfqlw');
INSERT INTO public.points VALUES (978, 'Nbhqvwxbwi');
INSERT INTO public.points VALUES (979, 'Iveikmcd');
INSERT INTO public.points VALUES (980, 'Wsvw');
INSERT INTO public.points VALUES (981, 'Utqslddxct');
INSERT INTO public.points VALUES (982, 'Yqklccdly');
INSERT INTO public.points VALUES (983, 'Fhbjyvqgos');
INSERT INTO public.points VALUES (984, 'Byiy');
INSERT INTO public.points VALUES (985, 'Mfucr');
INSERT INTO public.points VALUES (986, 'Pcmjwxgpd');
INSERT INTO public.points VALUES (987, 'Krbsvimid');
INSERT INTO public.points VALUES (988, 'Orrxts');
INSERT INTO public.points VALUES (989, 'Hnvyws');
INSERT INTO public.points VALUES (990, 'Ooaj');
INSERT INTO public.points VALUES (991, 'Njyiqbcj');
INSERT INTO public.points VALUES (992, 'Mfmiwav');
INSERT INTO public.points VALUES (993, 'Ncyhyglkdj');
INSERT INTO public.points VALUES (994, 'Uavd');
INSERT INTO public.points VALUES (995, 'Ukdlgdm');
INSERT INTO public.points VALUES (996, 'Lorivkuyc');
INSERT INTO public.points VALUES (997, 'Tqfleum');
INSERT INTO public.points VALUES (998, 'Ngpwljm');
INSERT INTO public.points VALUES (999, 'Srsbw');
INSERT INTO public.points VALUES (1000, 'Ukqnnyjdne');


--
-- Data for Name: producer; Type: TABLE DATA; Schema: public; Owner: postgres
--

INSERT INTO public.producer VALUES (1, 'Aqqip', 'vtdgrhsd@pwo.pfm', 'Iqnefrsy,Rcejv 52', '+1152414378650125', 'www.mcnotsladn.gd');
INSERT INTO public.producer VALUES (2, 'Jqklymry', 'hgll@hn.wce', 'Sumxhfwty,Mqqmhs 98', '+2055452536154', 'www.tlyo.qsm');
INSERT INTO public.producer VALUES (3, 'Nqiwhb', 'aauxupdbp@nsp.va', 'Ujohhn,Nswkbvr 140', '+476842368543113', 'www.dreamuuthbncwj.oi');
INSERT INTO public.producer VALUES (4, 'Hfcbe', 'mtxccmc@jkk.syn', 'Aubmnhd,Repero 89', '+02337066827', 'www.xojf.sa');
INSERT INTO public.producer VALUES (5, 'Ehfvqocf', 'kxdn@vrw.ux', 'Sgrxkvjvs,Plcbjhl 14', '+27854537777162810', 'www.tuoailwvkdxge.cv');
INSERT INTO public.producer VALUES (6, 'Edwqvk', 'dwftdn@sv.rr', 'Dnqikp,Gwqy 19', '+0285180020131288', 'www.rjw.mdv');
INSERT INTO public.producer VALUES (7, 'Jpyyvhq', 'hujrxy@wj.tsg', 'Uctgdamd,Jcru 109', '+168640168211', 'www.acolh.eew');
INSERT INTO public.producer VALUES (8, 'Xfhwyabrp', 'whoq@ee.mcw', 'Gtjgmu,Vwperph 41', '+00783537000', 'www.ctdwklucg.qjq');
INSERT INTO public.producer VALUES (9, 'Tiupp', 'pqtqeyc@xua.ga', 'Elredn,Dfqyupf 29', '+04000741747434', 'www.dru.wjb');
INSERT INTO public.producer VALUES (10, 'Qlvdj', 'spqf@yh.ql', 'Ksintldhqr,Qxdypu 80', '+87825167412037', 'www.uwxhcetvese.ho');
INSERT INTO public.producer VALUES (11, 'Yoxxkiwr', 'muxwaddo@asb.ia', 'Ianmefoiiv,Yfkd 51', '+8141855837327618', 'www.olgiujvrclj.nlm');
INSERT INTO public.producer VALUES (12, 'Gcvbnt', 'vgriixh@np.la', 'Oekpataua,Jloorls 132', '+06856823311365811', 'www.ihha.ms');
INSERT INTO public.producer VALUES (13, 'Urflfq', 'xbvmppp@ud.mti', 'Dilbcee,Hnqn 168', '+6741624460886483', 'www.isafvksgynxot.io');
INSERT INTO public.producer VALUES (14, 'Vaancd', 'gqagb@tcc.amp', 'Vucdnkmno,Ifmb 47', '+5258008327271660', 'www.pjsse.fn');
INSERT INTO public.producer VALUES (15, 'Ytsjre', 'kqljvns@utu.hp', 'Fvfjbc,Nvmjoir 1', '+86320286212625', 'www.brwsskpsj.uyk');
INSERT INTO public.producer VALUES (16, 'Mvoanpq', 'dapviqrq@ntk.gu', 'Qdxxopyyx,Qbcdbd 73', '+746733644835', 'www.pvesk.ns');
INSERT INTO public.producer VALUES (17, 'Bksiyk', 'sjnsufukr@umt.kox', 'Meiweail,Jmdt 41', '+715058514328011', 'www.qofketvpulwgq.agw');
INSERT INTO public.producer VALUES (18, 'Aukbwjqcm', 'koxjqcar@ga.ijr', 'Ijoahfkgtt,Lprk 98', '+85455184580271', 'www.yarsloimivfrjh.bhy');
INSERT INTO public.producer VALUES (19, 'Nlmsj', 'qaysn@ph.qxo', 'Rvrvkkhepl,Empsyb 119', '+20673070534', 'www.yxawvhxo.iq');
INSERT INTO public.producer VALUES (20, 'Pbmehl', 'hmmuiky@ba.lv', 'Ywgyaifqy,Vqgjd 2', '+27837777056', 'www.ajskc.pyp');
INSERT INTO public.producer VALUES (21, 'Hsaksy', 'futyk@mu.hxe', 'Livsjtyf,Tygmb 191', '+2414511466312052', 'www.ijeduvhpi.qw');
INSERT INTO public.producer VALUES (22, 'Lpghatd', 'hwycyfdj@tkt.rjs', 'Pwsbeqk,Lvoa 101', '+1784148383462546', 'www.nsgvceyblnptub.mxx');
INSERT INTO public.producer VALUES (23, 'Tojxi', 'xbdck@rsu.bre', 'Niupgh,Ccvw 43', '+134018884046', 'www.bvfpstxhal.kib');
INSERT INTO public.producer VALUES (24, 'Dneqj', 'kshqh@dd.ku', 'Fmbofhr,Bivv 27', '+5654565527452', 'www.iuahykr.mg');
INSERT INTO public.producer VALUES (25, 'Msgytkbflu', 'iyiyhmpfb@wc.ooa', 'Cinowm,Qvmn 122', '+72426124747113827', 'www.modkrh.my');
INSERT INTO public.producer VALUES (26, 'Yewg', 'wush@ujo.mn', 'Drwqlheph,Iuso 145', '+150404267100788', 'www.ecwydqchydu.ipj');
INSERT INTO public.producer VALUES (27, 'Hitq', 'svdm@xhc.pp', 'Pwsbjder,Ihfsj 122', '+643163430547768', 'www.kjc.kr');
INSERT INTO public.producer VALUES (28, 'Sppwesbk', 'ydncedqni@eh.kdw', 'Andito,Advkccx 73', '+025453032526558', 'www.dgrwjhqkmlwj.vd');
INSERT INTO public.producer VALUES (29, 'Usqgng', 'uonnsv@kw.loi', 'Xvbqkv,Htsxxi 56', '+2333845844252', 'www.cyxidbx.bsq');
INSERT INTO public.producer VALUES (30, 'Qqgqwh', 'boxvqv@pf.yo', 'Grusfblr,Ovyoq 110', '+047801621575', 'www.iahvyv.loy');
INSERT INTO public.producer VALUES (31, 'Osoo', 'frh@qm.lx', 'Mdpdtghq,Dypax 16', '+856156883473235', 'www.njel.wwh');
INSERT INTO public.producer VALUES (32, 'Qefoln', 'fdsqdev@ivt.hlf', 'Bvrkakpf,Cowdjst 153', '+37300154338', 'www.tybpcyhr.cn');
INSERT INTO public.producer VALUES (33, 'Vvyv', 'xjjiyu@ve.tap', 'Ddukov,Lmjlemo 116', '+88820827350417580', 'www.yrnmftkjlvhu.lg');
INSERT INTO public.producer VALUES (34, 'Noagm', 'ulwntrcrg@rdv.cs', 'Heorpkoxj,Ogkwcl 36', '+612516244760747', 'www.ftpgjdlwa.lv');
INSERT INTO public.producer VALUES (35, 'Ifwadbvqu', 'cdfnwwcw@fco.ob', 'Rgxgugsu,Xytwkh 60', '+711346618722', 'www.ryo.lex');
INSERT INTO public.producer VALUES (36, 'Ysamv', 'dei@lr.uwx', 'Budwipau,Bmrcuhl 55', '+12606630703634144', 'www.pbjxixqvuu.ua');
INSERT INTO public.producer VALUES (37, 'Pmsvat', 'vhsqalbi@cxe.by', 'Dlmgqhxr,Tpicyde 96', '+2534466325132768', 'www.ypjctansiwmisl.tf');
INSERT INTO public.producer VALUES (38, 'Lvvapodqeg', 'qcxulfpg@tkf.hu', 'Hnttsdo,Jmweeo 78', '+768275556531', 'www.dujpiswxv.fm');
INSERT INTO public.producer VALUES (39, 'Eavcqjvi', 'rdpmmknsr@ejl.puy', 'Bmhqnqwsu,Oaon 149', '+5048743282225730', 'www.ofre.wf');
INSERT INTO public.producer VALUES (40, 'Yjhdod', 'iejhmrt@fif.oc', 'Vberuuiqs,Exck 101', '+77815342027', 'www.olwtbtu.tfy');
INSERT INTO public.producer VALUES (41, 'Qdrk', 'niylloht@isg.mp', 'Tgqise,Ttyvfk 129', '+66280515367431', 'www.rqornlgy.hb');
INSERT INTO public.producer VALUES (42, 'Yiwyabtps', 'upk@vl.qan', 'Gfnrpk,Eqkvxkk 169', '+803458624201', 'www.lbqxm.au');
INSERT INTO public.producer VALUES (43, 'Vtnunrda', 'wcpdmg@ysl.wvx', 'Flbyoi,Vwafrdt 179', '+16076251685', 'www.iflojrpgdg.bh');
INSERT INTO public.producer VALUES (44, 'Frqpmfy', 'kjtvvrlte@clk.bcs', 'Bteudoedi,Yfjwb 131', '+8734832248877252', 'www.pnrqclibdivvw.ne');
INSERT INTO public.producer VALUES (45, 'Dwke', 'mtlkrddu@cu.mvk', 'Sybeoaprn,Brrlpjf 196', '+1717887803082', 'www.ruvvkad.hh');
INSERT INTO public.producer VALUES (46, 'Nhiwmuegd', 'tkiydysfm@ghp.spu', 'Ikrmngsc,Hemr 106', '+063142825863134', 'www.seqtisxsdc.ar');
INSERT INTO public.producer VALUES (47, 'Mbfyapmkqe', 'oyuh@jd.oah', 'Cwyngfrgbj,Nxaqqp 140', '+812028057247861', 'www.mfebjnkbu.cs');
INSERT INTO public.producer VALUES (48, 'Riih', 'nsjvn@pqt.aya', 'Rhbtstt,Jceavlt 21', '+8824081353030854', 'www.ojy.sj');
INSERT INTO public.producer VALUES (49, 'Fvdnmi', 'kfesthb@vuj.qqg', 'Dmqpwjdl,Akysrcc 109', '+10740256282312', 'www.vahgsfy.tfi');
INSERT INTO public.producer VALUES (50, 'Gytsctfn', 'rndt@rj.wr', 'Yovgpwbpt,Wjnrw 97', '+72871288042324304', 'www.lcj.bqn');
INSERT INTO public.producer VALUES (51, 'Yrdq', 'iwfhgslab@jl.bpv', 'Lgdojuyw,Pqdm 45', '+830785030734316', 'www.jtn.bf');
INSERT INTO public.producer VALUES (52, 'Guonffiy', 'ccwdoppyk@mj.nrs', 'Gelxriyot,Efjc 6', '+86610023213422458', 'www.sovcxqcmcgb.gnq');
INSERT INTO public.producer VALUES (53, 'Kccnic', 'uleasq@bec.ik', 'Kmmhfqpf,Bpvblmm 171', '+6007282677834', 'www.ubxwatlcwoa.mnu');
INSERT INTO public.producer VALUES (54, 'Tlvy', 'thls@qg.md', 'Kkhlhio,Tygk 47', '+07083828754414', 'www.vftkjmfribybrs.ou');
INSERT INTO public.producer VALUES (55, 'Wssf', 'pqgcajki@ff.grk', 'Knfowlhdks,Uqtf 85', '+78402834257844', 'www.qgwiwf.cpm');
INSERT INTO public.producer VALUES (56, 'Bkwhxdjr', 'ugxuqmg@by.dl', 'Cjeiicb,Kicc 54', '+84336601421430', 'www.egfh.grg');
INSERT INTO public.producer VALUES (57, 'Wnsuvimg', 'belg@oy.jpn', 'Bcgapgdy,Ietpr 37', '+6672165066708668', 'www.aqepecaqhcj.uwr');
INSERT INTO public.producer VALUES (58, 'Sdaadrn', 'anovfq@cf.lwu', 'Cxsjofq,Mjyx 107', '+6406881207718655', 'www.qgdomkltnlu.ds');
INSERT INTO public.producer VALUES (59, 'Hchnlcj', 'grei@bep.wp', 'Ecvbbo,Pvaxvkx 54', '+88657871771', 'www.rlbxq.vw');
INSERT INTO public.producer VALUES (60, 'Qwhcwocbbn', 'aaapkg@lha.kue', 'Wyrgjbgtf,Fpsgt 55', '+11204018637', 'www.jcsyljydr.dcb');
INSERT INTO public.producer VALUES (61, 'Hqapmho', 'kfcf@nf.usd', 'Jyegxvhrfe,Vblvyuf 38', '+23673776651', 'www.gxjchkbhqopxky.ub');
INSERT INTO public.producer VALUES (62, 'Uuwu', 'ukoiubnwm@op.nfj', 'Mecawo,Hwor 119', '+553737210107717', 'www.pgfmuvrnpygol.why');
INSERT INTO public.producer VALUES (63, 'Yaay', 'jrrdtpnxs@fwq.hj', 'Yhgpdpbip,Iwui 175', '+72115263513585430', 'www.sngskouho.tw');
INSERT INTO public.producer VALUES (64, 'Lvco', 'jtgfgiq@lo.xac', 'Iswsecnlb,Crkmti 170', '+74386220310316628', 'www.pvjurasgdigkj.iv');
INSERT INTO public.producer VALUES (65, 'Plduvtdps', 'nvk@wc.bf', 'Ghphhoj,Qekwvjs 101', '+637470355457', 'www.srjckwfrlamw.lq');
INSERT INTO public.producer VALUES (66, 'Oogbalke', 'xygywd@ls.mj', 'Ejvfofb,Ofpjwx 192', '+57472435003', 'www.tin.fi');
INSERT INTO public.producer VALUES (67, 'Kbwumwlwl', 'eqljtf@xe.scj', 'Idfbyvic,Wurpv 35', '+44174347637171', 'www.xqlbjdtpnnhnti.so');
INSERT INTO public.producer VALUES (68, 'Atkcpmf', 'hrwlehq@hy.yk', 'Hkxvqwacpj,Ctvtoy 161', '+240417465782018', 'www.hllnqyeyirhqpw.rq');
INSERT INTO public.producer VALUES (69, 'Bqjiyku', 'tvqewar@lol.tnf', 'Ncqhwex,Xedh 18', '+413223462528024', 'www.qyiqsvxdusivft.lo');
INSERT INTO public.producer VALUES (70, 'Apgceeyga', 'epuoq@eb.ew', 'Tmkkbqf,Dtvken 53', '+465717030151', 'www.ckbqfpgxrfx.bqa');
INSERT INTO public.producer VALUES (71, 'Atpdaees', 'jykbcwae@jvc.xrs', 'Wwbtfurx,Kncx 74', '+8038742345737747', 'www.ysbt.yty');
INSERT INTO public.producer VALUES (72, 'Rduhkce', 'slolv@ud.jra', 'Yfevrua,Ivfglrv 109', '+032623028735241', 'www.xwupiujex.dm');
INSERT INTO public.producer VALUES (73, 'Ynhrbiiv', 'iemmff@gk.le', 'Ntygajrqrc,Rhnhqas 117', '+6372746157630', 'www.qspxloftyyycjd.onj');
INSERT INTO public.producer VALUES (74, 'Ovkwd', 'yvmx@cmi.cky', 'Yntbumjbt,Ciggik 183', '+66554073887762863', 'www.bnhcrahcyjxti.xm');
INSERT INTO public.producer VALUES (75, 'Xfrudsc', 'paf@dk.he', 'Curlgwq,Frjoa 167', '+415381656236731', 'www.ekhtaywdkpaw.fwp');
INSERT INTO public.producer VALUES (76, 'Natpkdetx', 'npqfg@xo.at', 'Mdoumyjh,Kmaandk 97', '+0745260886866006', 'www.ycimjusrep.og');
INSERT INTO public.producer VALUES (77, 'Fnixeckko', 'tfcsxtafb@jtt.dm', 'Emaoqlqoso,Nbwoh 158', '+68040627245', 'www.dmxjxq.fpi');
INSERT INTO public.producer VALUES (78, 'Abscmctlx', 'mtaagwwog@sfd.vb', 'Unhsdnar,Xfyogab 113', '+3805280256100787', 'www.jjdultlbhoohxf.pvl');
INSERT INTO public.producer VALUES (79, 'Lhywfrlit', 'lctkwvd@cp.leu', 'Eafweld,Lynm 127', '+1880057120641077', 'www.yrccludl.hy');
INSERT INTO public.producer VALUES (80, 'Nsjkl', 'meouglnq@dx.fsn', 'Psajbmljry,Morl 75', '+3232678667053', 'www.pvbr.jhe');
INSERT INTO public.producer VALUES (81, 'Nrvcplwyhy', 'thttifns@cqw.mpn', 'Muspsrdy,Wrvd 18', '+55024525003', 'www.gnt.xj');
INSERT INTO public.producer VALUES (82, 'Mbofeyu', 'nmejxueq@hlg.mlu', 'Fqwuin,Yvuecgw 13', '+33430788850', 'www.rdjj.of');
INSERT INTO public.producer VALUES (83, 'Cnopdiowc', 'wktbgy@lhm.xn', 'Tlxggmtul,Dnoxk 77', '+36750116268151', 'www.eyrvnqrx.yo');
INSERT INTO public.producer VALUES (84, 'Itsepapakr', 'bqggtfem@mqf.rnt', 'Ihrtykg,Tusb 88', '+218353670507', 'www.xdevtivlixhrcb.vy');
INSERT INTO public.producer VALUES (85, 'Sbyyu', 'wniwwfn@bf.kuj', 'Qrkceqfk,Uhxowya 94', '+28875187808', 'www.hywtikfcxp.hrg');
INSERT INTO public.producer VALUES (86, 'Roxpcjse', 'rgrxtp@nlw.pqm', 'Higkschuq,Caijnv 46', '+0633074580530308', 'www.blwehh.ckq');
INSERT INTO public.producer VALUES (87, 'Tsqrpcxun', 'svdxjaqa@xyl.hkq', 'Yoybpeos,Ajrwj 84', '+86586742738', 'www.pfxlrraawwbgnn.bc');
INSERT INTO public.producer VALUES (88, 'Jdqpfpojk', 'ngqepu@jj.ty', 'Hchdrc,Ffqvxgo 4', '+53262616786', 'www.qlwpfyehufy.ye');
INSERT INTO public.producer VALUES (89, 'Gmimchnlf', 'sinwqda@xdy.op', 'Bpxeuf,Tecq 71', '+6153436221770681', 'www.puoo.uch');
INSERT INTO public.producer VALUES (90, 'Rnpgn', 'ykn@hij.lyu', 'Qdjxek,Pkut 183', '+626228015242767', 'www.bqpeg.gc');
INSERT INTO public.producer VALUES (91, 'Qftieu', 'demot@ig.rk', 'Kfbhxklb,Ftbbt 17', '+851442355361677', 'www.sxvcsb.gkf');
INSERT INTO public.producer VALUES (92, 'Terkevglo', 'kdv@itc.tod', 'Ioortr,Imxxqa 125', '+6548884242757', 'www.kgftlhierbxsry.tj');
INSERT INTO public.producer VALUES (93, 'Ajptngldko', 'gohjrdyhf@flm.wun', 'Tlnhjs,Jsbe 156', '+46000136426278', 'www.uvwsokbynvg.jg');
INSERT INTO public.producer VALUES (94, 'Wxahdcy', 'isa@hn.ft', 'Ejkqdvv,Sagybb 155', '+687408685835', 'www.pyheefbjtwodk.pb');
INSERT INTO public.producer VALUES (95, 'Feivfn', 'pyrqcmxly@vt.md', 'Yemxmjakcs,Gksb 194', '+07714074350260855', 'www.gle.cq');
INSERT INTO public.producer VALUES (96, 'Bulemapy', 'lpnhfd@sak.mt', 'Ddbygnhchd,Epqruam 102', '+67681705450680702', 'www.epeherrewiumv.wl');
INSERT INTO public.producer VALUES (97, 'Huaolobahb', 'yoc@uxk.mu', 'Gvcymo,Svvdxfs 30', '+810063123607802', 'www.ggcnhqfygh.dm');
INSERT INTO public.producer VALUES (98, 'Ypfrtw', 'hkdqeo@ps.hmf', 'Tbgrhpc,Cxtpyj 57', '+75528023032728803', 'www.ntbfqlfr.rj');
INSERT INTO public.producer VALUES (99, 'Ljatyriuyt', 'dpwex@lu.ha', 'Kapqerms,Ivbwg 60', '+8720566218047', 'www.lbvrds.yv');
INSERT INTO public.producer VALUES (100, 'Tlslqitwi', 'tidh@ay.pl', 'Amqrkdq,Jbxk 25', '+26370612611123', 'www.iybyjnc.ek');
INSERT INTO public.producer VALUES (101, 'Dfcig', 'apw@jh.evk', 'Mnqcmyu,Mlbe 95', '+24143535466272216', 'www.ibecpqkcw.op');
INSERT INTO public.producer VALUES (102, 'Allvswg', 'aihbc@vyy.uwr', 'Ytosmfm,Ltvw 20', '+5581271408535848', 'www.gyrbblij.fo');
INSERT INTO public.producer VALUES (103, 'Fanuoc', 'rtais@din.yy', 'Oaruvqgfc,Hvjhs 122', '+6434875861636', 'www.krfeldrqrqgrgy.wgj');
INSERT INTO public.producer VALUES (104, 'Aogffsg', 'jrmotbky@vy.hd', 'Rnbpgyqy,Bkgoyb 93', '+268610567128466', 'www.cxaspia.op');
INSERT INTO public.producer VALUES (105, 'Tdifokh', 'qavdprhtj@ay.dfr', 'Lcpratqota,Whca 131', '+14605432470153', 'www.jlc.ib');
INSERT INTO public.producer VALUES (106, 'Jqpul', 'sgdqkrxu@jvp.twb', 'Awswdbuowt,Dnyvguk 168', '+063445714758530', 'www.wjjuqvv.ul');
INSERT INTO public.producer VALUES (107, 'Umwajxoam', 'kcogm@ypk.ra', 'Ydjfavuy,Uacnnkr 52', '+027581716328', 'www.ljbxgpk.ex');
INSERT INTO public.producer VALUES (108, 'Aqtdk', 'naxchg@ll.ygv', 'Wxxfealm,Vtte 70', '+064637218172', 'www.urpdyv.cgd');
INSERT INTO public.producer VALUES (109, 'Qoiskawca', 'ablfehx@ocr.rqn', 'Ivbdcyk,Pfcc 53', '+620084514412', 'www.ebmgyf.ye');
INSERT INTO public.producer VALUES (110, 'Wpfgeiueb', 'lfwchaar@nl.fh', 'Kewrvkcs,Tipkkm 108', '+487045035353', 'www.jheuldlvh.bet');
INSERT INTO public.producer VALUES (111, 'Eldbrfik', 'lelm@agw.sm', 'Iiluwlva,Yhjhmhw 145', '+3638160156752', 'www.muf.gw');
INSERT INTO public.producer VALUES (112, 'Lqewtk', 'tnga@vf.wyg', 'Psfxdmalxj,Wfkysxj 188', '+35735023447133', 'www.jucfnvp.bh');
INSERT INTO public.producer VALUES (113, 'Ctea', 'kseirfk@nh.vn', 'Oxfbemyku,Vqhwjc 41', '+105167067014082', 'www.rbw.mu');
INSERT INTO public.producer VALUES (114, 'Ijtpmxq', 'ogdmv@meu.ki', 'Xqbgmajch,Egnsk 53', '+1811151804536420', 'www.khwotn.nv');
INSERT INTO public.producer VALUES (115, 'Qegincai', 'jnq@xd.xtp', 'Iamncoh,Bomrjg 152', '+622815806551', 'www.ucadvugjej.jo');
INSERT INTO public.producer VALUES (116, 'Nhien', 'dqah@ep.jyb', 'Bbuuhwetei,Pfosjrv 137', '+5045635862816002', 'www.acjnacrjdpsk.oac');
INSERT INTO public.producer VALUES (117, 'Yxaimikxda', 'qumsvxxv@wl.ev', 'Xhsbnrxj,Bfaruf 165', '+034115452778756', 'www.viumytikcde.iy');
INSERT INTO public.producer VALUES (118, 'Btnj', 'grybkvedr@vqp.cif', 'Lvmdsrj,Ilaibm 143', '+66275833341730462', 'www.xxweovtvkxg.glg');
INSERT INTO public.producer VALUES (119, 'Tibwkiaoj', 'dgbett@dl.kkd', 'Atbniw,Rdewp 134', '+1050177024157317', 'www.echkvxr.ku');
INSERT INTO public.producer VALUES (120, 'Gostfnvoj', 'gahrdwvx@li.vjw', 'Qnevqidmmp,Lqmthvn 86', '+4585178054131772', 'www.gfqwgqc.jc');
INSERT INTO public.producer VALUES (121, 'Eqxq', 'xcutptm@dlu.iro', 'Wmjcgomln,Fmxli 187', '+80864051204366', 'www.hhkrgk.hht');
INSERT INTO public.producer VALUES (122, 'Lgogbibli', 'yde@hrh.xv', 'Tbvjriu,Ckffoo 186', '+18263765433646357', 'www.oohgb.qc');
INSERT INTO public.producer VALUES (123, 'Ekbajivlf', 'tldt@yl.lmw', 'Cvtsnrqtib,Uhrbwpu 178', '+22314485528767', 'www.ktkyr.qu');
INSERT INTO public.producer VALUES (124, 'Mwvuuoj', 'jytqkvua@yfk.df', 'Uabnpgls,Yytfw 197', '+7026855073584', 'www.pvtmoxk.hin');
INSERT INTO public.producer VALUES (125, 'Jroooxaf', 'uotxq@eo.nl', 'Yddgxwyuc,Lrcghra 140', '+500015264885221', 'www.airyfrmjokld.eo');
INSERT INTO public.producer VALUES (126, 'Xewafx', 'voltmpn@lry.dd', 'Juqsoetp,Pewr 72', '+13673733244040630', 'www.jhl.rh');
INSERT INTO public.producer VALUES (127, 'Bomcuv', 'qbxdnt@df.xi', 'Inklhompb,Kcmgr 101', '+35502227134727774', 'www.etpvo.ck');
INSERT INTO public.producer VALUES (128, 'Fpptdrukm', 'ldnahoaf@wb.aif', 'Xgwydrcg,Edag 97', '+3467007675432470', 'www.vrcbiddwqx.fj');
INSERT INTO public.producer VALUES (129, 'Mnanmirm', 'sgyvwtty@ax.vpd', 'Isskdx,Ikvvxc 88', '+8883648157722831', 'www.mebkum.ur');
INSERT INTO public.producer VALUES (130, 'Ckmqdimiv', 'twbu@mof.tur', 'Limialydbj,Gpke 27', '+758800733401004', 'www.jyhjmkbsylmn.iok');
INSERT INTO public.producer VALUES (131, 'Qdqtvdo', 'tlsuvbwb@jx.tmj', 'Xpmulyq,Kmqgmq 71', '+78766735424686706', 'www.xgkwawtesksinj.ow');
INSERT INTO public.producer VALUES (132, 'Eynsedcfnn', 'qxpetaluu@kbr.qm', 'Lpqvnc,Pmpld 66', '+15450605607', 'www.gvdmddukvhcu.ieu');
INSERT INTO public.producer VALUES (133, 'Nmyaa', 'vaxqcxsa@ulk.qfs', 'Eklrrfuevp,Rjiyfd 108', '+6052658820358364', 'www.wofwtkxdo.rmp');
INSERT INTO public.producer VALUES (134, 'Rpabkeo', 'xonvx@qx.jpw', 'Kppcetjn,Jnmpgaw 56', '+0686777036334813', 'www.uuyvc.pkf');
INSERT INTO public.producer VALUES (135, 'Kviur', 'xopdhiaa@jc.nic', 'Doodwvu,Ehgns 117', '+46167260634', 'www.uijibkgyykrbyk.bm');
INSERT INTO public.producer VALUES (136, 'Fjcbtopenk', 'lgxscs@qf.vku', 'Swnfpbg,Lmfgrd 194', '+76806278127041421', 'www.dpevpfqlabbo.we');
INSERT INTO public.producer VALUES (137, 'Yqcqqnmndt', 'lxvfmqevf@hhx.dok', 'Crxhgyur,Aodqvo 28', '+400553208242', 'www.kcguorymur.sr');
INSERT INTO public.producer VALUES (138, 'Fapflrps', 'kdyiooju@bbc.av', 'Tltbtho,Igqlec 164', '+224237645755', 'www.ahbiteikkeulc.iiu');
INSERT INTO public.producer VALUES (139, 'Rwiujkgny', 'lsb@kyq.enl', 'Cqiwpqidf,Jbanqq 24', '+37784470510', 'www.ujwkleo.wi');
INSERT INTO public.producer VALUES (140, 'Mnnv', 'nkcakxtuc@epc.pur', 'Msvsmii,Lrkv 80', '+38767663511006', 'www.thlsaijn.lmd');
INSERT INTO public.producer VALUES (141, 'Nhckjxk', 'axfdi@ln.gp', 'Xkueybx,Rixeth 98', '+3465156327882', 'www.pdgedfhu.qem');
INSERT INTO public.producer VALUES (142, 'Agrkmx', 'ubhprxnl@py.wjj', 'Uxuurdfhp,Vsgbn 195', '+153771484851', 'www.pcgpwlaowjjaa.rp');
INSERT INTO public.producer VALUES (143, 'Qlifmmif', 'ogeoapev@je.mg', 'Mvclveucl,Lyrasml 152', '+03123667261', 'www.sdwnvujfvsjpyj.fp');
INSERT INTO public.producer VALUES (144, 'Plkeedtk', 'esjowturj@hqd.av', 'Sugkjld,Fevtgco 162', '+42286864200815', 'www.nleninuicnyxlb.kng');
INSERT INTO public.producer VALUES (145, 'Auvni', 'uvh@gqs.lt', 'Untreviwvu,Qstodd 30', '+3211677834247840', 'www.ajbva.td');
INSERT INTO public.producer VALUES (146, 'Pyfs', 'qmcsykoj@iof.cm', 'Qptdrv,Abcux 166', '+060252873213', 'www.vxsgmljmjlq.avq');
INSERT INTO public.producer VALUES (147, 'Krol', 'bsmxhehx@diu.vd', 'Liyabtusk,Lqruovm 166', '+207122025483', 'www.qojbcmebsa.uk');
INSERT INTO public.producer VALUES (148, 'Rpyj', 'xnbnre@qj.qh', 'Siiirm,Utlc 104', '+77204666588372', 'www.exg.ysy');
INSERT INTO public.producer VALUES (149, 'Uehaprcgd', 'tvagn@emm.gmt', 'Msgidi,Uasjop 170', '+6653160138021', 'www.qkkd.kx');
INSERT INTO public.producer VALUES (150, 'Ysmfn', 'hkafuo@vrs.yo', 'Kxcbylbh,Lfbp 171', '+860376155830', 'www.upipuymgi.gn');
INSERT INTO public.producer VALUES (151, 'Osxe', 'cqhryffn@alk.dw', 'Uqugmnyn,Memly 66', '+0855858870357', 'www.ajumhq.ne');
INSERT INTO public.producer VALUES (152, 'Nvqlffsv', 'fxrypsrsg@mli.aqu', 'Cpnjyck,Ebdqxck 98', '+778118348557887', 'www.fhckhardmafcmh.fw');
INSERT INTO public.producer VALUES (153, 'Wfpjqofj', 'ueqi@vg.jpr', 'Rneccjnpb,Omns 53', '+561361277730', 'www.jljoxvdqsoqp.ey');
INSERT INTO public.producer VALUES (154, 'Tdqc', 'fyw@aba.ruw', 'Uixhstm,Qksciy 89', '+25883871716777211', 'www.ooifpqlprpnsg.uck');
INSERT INTO public.producer VALUES (155, 'Caau', 'onvxgnuhe@ei.dyp', 'Nsqpcea,Yykg 120', '+45128348732847', 'www.dfvgykyalkk.mno');
INSERT INTO public.producer VALUES (156, 'Ojejqij', 'kygrwh@ax.dyv', 'Ckvcwys,Gjbyqft 95', '+8460534386542812', 'www.xuqceicftito.bxj');
INSERT INTO public.producer VALUES (157, 'Duvr', 'vqkmtusb@yn.vxq', 'Vpblsrcjep,Kfce 186', '+20771246184', 'www.ajhqkijyx.uuc');
INSERT INTO public.producer VALUES (158, 'Vbuoo', 'gnymec@gy.us', 'Saggcupd,Leredl 34', '+7574803347501032', 'www.lpul.ftb');
INSERT INTO public.producer VALUES (159, 'Hndrab', 'swtsxbj@whm.omh', 'Lljocbtnv,Ttvonuh 190', '+53761156271173', 'www.pxtygoddalwv.gy');
INSERT INTO public.producer VALUES (160, 'Bjdhifgsy', 'sbsmnt@bwp.muh', 'Ajgdjib,Ckwvh 165', '+767076822331', 'www.pgjwceqw.yn');
INSERT INTO public.producer VALUES (161, 'Ihxckanvn', 'yjmvdkng@hfj.cji', 'Pvilym,Nmdrghs 193', '+430157256255', 'www.usplgja.qo');
INSERT INTO public.producer VALUES (162, 'Mhrxvo', 'gvl@uae.hs', 'Quassp,Ibhfqw 140', '+315867358785065', 'www.notesovwtopnl.pmk');
INSERT INTO public.producer VALUES (163, 'Iywcjw', 'okim@jru.ueu', 'Cgtavxopcj,Hiwmpwa 51', '+57441341833', 'www.rtphemxhlw.oc');
INSERT INTO public.producer VALUES (164, 'Aiuejehu', 'jhxw@dhy.la', 'Plthyxmsd,Qwqi 164', '+06168516365475225', 'www.jgoaou.gqq');
INSERT INTO public.producer VALUES (165, 'Haww', 'yvcauqotf@cia.fe', 'Byhujetcsh,Mxcdplc 3', '+5125874130114358', 'www.adfwpunqdytlix.cm');
INSERT INTO public.producer VALUES (166, 'Rxbtjcloof', 'jyrsqsnpv@jp.bky', 'Kpkcvb,Risck 59', '+836153468401', 'www.cwtofgjo.spg');
INSERT INTO public.producer VALUES (167, 'Digobo', 'wud@ghp.wm', 'Vplbshrcv,Okymegf 120', '+52324401588262', 'www.lcmah.ncq');
INSERT INTO public.producer VALUES (168, 'Bcks', 'aevgmvcw@tk.ooo', 'Xdjtovv,Adlt 95', '+760712114184841', 'www.nhlxvqb.kmg');
INSERT INTO public.producer VALUES (169, 'Ltfldnrk', 'fvskyl@lam.po', 'Uhultb,Lkrmwl 165', '+7787812580042', 'www.eargywrldnfgpk.pf');
INSERT INTO public.producer VALUES (170, 'Qtikd', 'iav@kdc.ak', 'Jnllsrji,Nlgnnag 26', '+043435734684', 'www.abl.htv');
INSERT INTO public.producer VALUES (171, 'Byjofyhkv', 'mve@gj.jlk', 'Ufoeult,Rdjvatv 190', '+24210577214', 'www.jypmhkwwqvux.kh');
INSERT INTO public.producer VALUES (172, 'Rqhosmcqm', 'qxmckeugv@sxy.yjv', 'Sqrpqtcnx,Plyet 82', '+1706141302205352', 'www.jkiapsosui.vl');
INSERT INTO public.producer VALUES (173, 'Eawjefwy', 'gxceoxdt@sn.xda', 'Ieakkhkc,Qlpllab 101', '+88506405835235', 'www.dtqb.ww');
INSERT INTO public.producer VALUES (174, 'Tkkcdp', 'ytfbx@bfe.te', 'Ijrawqvi,Vmkpp 130', '+5765203666572366', 'www.xtbpx.cil');
INSERT INTO public.producer VALUES (175, 'Pkycplgf', 'bxjygulk@qsh.ndj', 'Wrhbks,Hcgoid 73', '+8005678863512138', 'www.npoawhhoyh.gwp');
INSERT INTO public.producer VALUES (176, 'Lyvveq', 'cdaxt@wur.jhu', 'Iqcyxyhdik,Jjhw 3', '+874812011560148', 'www.ikfp.tuf');
INSERT INTO public.producer VALUES (177, 'Axrhv', 'uqh@gm.wy', 'Tfycsaih,Byvron 159', '+104053785387681', 'www.diucx.ty');
INSERT INTO public.producer VALUES (178, 'Aksntwyg', 'kyo@unw.be', 'Fwnxuvbgc,Jaqd 167', '+166651137587560', 'www.gcklbj.doc');
INSERT INTO public.producer VALUES (179, 'Ybcjmvujr', 'rfx@tq.snb', 'Cwjyqap,Xggsdp 137', '+4877766428100688', 'www.mdxaremamkot.faf');
INSERT INTO public.producer VALUES (180, 'Mpfjifga', 'iigdhn@drh.shh', 'Hffekuoqs,Tscw 35', '+06715743441033443', 'www.yyuihuexx.mj');
INSERT INTO public.producer VALUES (181, 'Jktkox', 'eljrvicai@ob.hb', 'Kipblfxx,Clmucmu 67', '+0424611576271531', 'www.bmkokcv.mik');
INSERT INTO public.producer VALUES (182, 'Gvtb', 'vffbq@usc.vup', 'Osflvfud,Ihovivg 166', '+3312017617364', 'www.tyqhk.fkq');
INSERT INTO public.producer VALUES (183, 'Eucvhdqt', 'lexppgkbb@iji.kt', 'Utjrvtspj,Wpbmn 53', '+4830465170037', 'www.efxxh.tsl');
INSERT INTO public.producer VALUES (184, 'Ccdhk', 'vhlwu@fw.pp', 'Wkchmjsfck,Wrnd 31', '+382422122204141', 'www.hjxj.fvg');
INSERT INTO public.producer VALUES (185, 'Amvulpser', 'wadvffk@fv.qb', 'Dogsfun,Yjeruof 155', '+20345365676882884', 'www.ppxxroyq.php');
INSERT INTO public.producer VALUES (186, 'Narmpj', 'xjpbcmlgc@nya.gqx', 'Bndchiof,Ebcq 163', '+50531436135738857', 'www.khgltp.och');
INSERT INTO public.producer VALUES (187, 'Byausknhwu', 'hedspuo@woa.lqy', 'Aayuvokes,Vjenur 39', '+587510586500', 'www.jnlamlooy.adm');
INSERT INTO public.producer VALUES (188, 'Tqfvi', 'dpnlekuv@mcg.uh', 'Ihhnpkbq,Cscmbc 15', '+1377556181441', 'www.pvas.sg');
INSERT INTO public.producer VALUES (189, 'Dqulcmip', 'tme@brq.cev', 'Bqcwda,Nyehke 123', '+34866530176246', 'www.rdsgrjtousypae.mnr');
INSERT INTO public.producer VALUES (190, 'Iuchydum', 'aqpk@su.jn', 'Nhllcndv,Jcuty 103', '+72362275663', 'www.uvqphkxefqjrjt.seg');
INSERT INTO public.producer VALUES (191, 'Gmapt', 'cma@ci.iv', 'Iblawiv,Enoq 111', '+10603400273', 'www.nlmmxjifrav.tml');
INSERT INTO public.producer VALUES (192, 'Bbgn', 'slerlcrnr@jj.cam', 'Ishmeuqqn,Klcipqe 176', '+448352423657718', 'www.kvhb.se');
INSERT INTO public.producer VALUES (193, 'Hprt', 'nhqlkqarx@ukf.eea', 'Luhjmjqd,Vfygs 79', '+8025745817828', 'www.dvmkhqhito.fsg');
INSERT INTO public.producer VALUES (194, 'Wpulag', 'jyiym@mi.mb', 'Ojkanb,Otdcis 13', '+80534373634165334', 'www.pgduysxlb.be');
INSERT INTO public.producer VALUES (195, 'Nvrbuv', 'uxss@ugh.hga', 'Vspbhd,Gdefelq 24', '+71213881462', 'www.poso.pk');
INSERT INTO public.producer VALUES (196, 'Ighpm', 'tjf@kx.js', 'Jtmwunsx,Hbwrby 52', '+3071532256730', 'www.ktykyrb.as');
INSERT INTO public.producer VALUES (197, 'Kmwsejf', 'qsg@xkq.fl', 'Ecwhgn,Byor 93', '+70706112575', 'www.fiug.pm');
INSERT INTO public.producer VALUES (198, 'Abpm', 'fol@qxw.qa', 'Uvvtxl,Lojwti 112', '+6214551477726', 'www.ykfabyqo.qel');
INSERT INTO public.producer VALUES (199, 'Sbnseq', 'odl@jaq.ee', 'Ryhjwjqvbl,Ankac 154', '+5154323271108080', 'www.npjvmnsuxluigq.ov');
INSERT INTO public.producer VALUES (200, 'Vomf', 'txunkwn@vqi.wkn', 'Npxsenc,Xska 39', '+212652221051512', 'www.tsrk.kl');
INSERT INTO public.producer VALUES (201, 'Shcyatmyiv', 'dkwk@gb.xw', 'Vqrnlfk,Dmppgm 173', '+3874278586851', 'www.jwud.hda');
INSERT INTO public.producer VALUES (202, 'Txofm', 'kwvjiv@vic.mjh', 'Kimfkv,Nyulyff 125', '+17055025237013221', 'www.qlgysdpnqyndk.flq');
INSERT INTO public.producer VALUES (203, 'Liihvghdcl', 'nkvkw@kes.pm', 'Ykujvb,Ynkigp 92', '+0853017584453111', 'www.tqeicxbxmoqv.hl');
INSERT INTO public.producer VALUES (204, 'Okthwwfy', 'pilfaqbnj@tup.vs', 'Dxbvornf,Utusdp 195', '+57643515860886236', 'www.cofeoqjdo.ds');
INSERT INTO public.producer VALUES (205, 'Kslvap', 'klfnpik@xg.wki', 'Wraghrfpuv,Luvcju 198', '+46822263527672478', 'www.hnovqumigxl.ure');
INSERT INTO public.producer VALUES (206, 'Tacpsgqx', 'ikhoidye@cc.lfy', 'Ruiyeiyf,Exkrxf 137', '+810648002764', 'www.yjquysbul.vrj');
INSERT INTO public.producer VALUES (207, 'Oevwypcgim', 'lwywib@ql.eg', 'Ifhjqxbju,Eblajdh 131', '+648143581014617', 'www.mnrepsoq.qn');
INSERT INTO public.producer VALUES (208, 'Pqafg', 'wvdggnycv@yu.acb', 'Txhiqjwoa,Vcemax 112', '+7118482352577', 'www.digvavgoqces.rqp');
INSERT INTO public.producer VALUES (209, 'Wofocuadap', 'bgq@pat.hp', 'Jbtfsxj,Xkqwjug 11', '+15102822883218', 'www.ovn.kvp');
INSERT INTO public.producer VALUES (210, 'Oreagqttlx', 'uppmcwi@skg.ep', 'Kowvilug,Daciam 151', '+33466328546340545', 'www.gtspty.yf');
INSERT INTO public.producer VALUES (211, 'Duoyfcx', 'bgc@xr.aqm', 'Fyycemhois,Fkxvcba 77', '+65454523802860', 'www.pqmtvu.ic');
INSERT INTO public.producer VALUES (212, 'Noei', 'angjkut@avy.bhe', 'Guubtgi,Clcq 13', '+873272854768442', 'www.rnnibs.qj');
INSERT INTO public.producer VALUES (213, 'Rvroaufwg', 'ppweqw@um.kd', 'Xqqwph,Arcnla 149', '+51177136781', 'www.agafnebpqaodnf.go');
INSERT INTO public.producer VALUES (214, 'Fcwfqnbvj', 'rmce@bt.gkj', 'Nitptfij,Wvmrkpc 163', '+06743271126806402', 'www.gbsowndw.lj');
INSERT INTO public.producer VALUES (215, 'Ntrlcu', 'susgpqj@mf.fss', 'Glixpt,Dyerpgp 112', '+7266537473661623', 'www.rmpjrcjuiyae.op');
INSERT INTO public.producer VALUES (216, 'Xaoa', 'ukvplmj@xjn.nkq', 'Odyrbhj,Jmpvv 80', '+0746018143808', 'www.fgf.mmn');
INSERT INTO public.producer VALUES (217, 'Emxlknqkf', 'ougvs@ko.iw', 'Ycemfvqsye,Jiqk 138', '+8843861457206', 'www.jvbja.um');
INSERT INTO public.producer VALUES (218, 'Tvriyhtnci', 'goxpjtp@vl.jw', 'Dcuroa,Pyyl 144', '+06857866638', 'www.odjwlhjblnr.xux');
INSERT INTO public.producer VALUES (219, 'Lyvxur', 'tlmovqrmh@pp.sh', 'Bupkshdvsg,Stam 164', '+01785414875585', 'www.tpdogxlm.jon');
INSERT INTO public.producer VALUES (220, 'Nracsu', 'xwkiiijn@sfl.eww', 'Pixmbgywly,Cfwjr 196', '+22314118635843', 'www.bpfbp.kb');
INSERT INTO public.producer VALUES (221, 'Enmpo', 'kwxohxbj@cev.fxf', 'Iugqjav,Lpxd 136', '+443386678022', 'www.ojwliicyk.wb');
INSERT INTO public.producer VALUES (222, 'Htpj', 'cpmr@gnm.jy', 'Bmjtaiqtvx,Fgug 135', '+3805148100723', 'www.kbkyobrrky.gxk');
INSERT INTO public.producer VALUES (223, 'Mhyjute', 'ripsf@cga.ow', 'Yqeolp,Bxqvni 85', '+551500064101', 'www.ptile.aay');
INSERT INTO public.producer VALUES (224, 'Fvrt', 'vtwmvb@pks.dkx', 'Tmwvnrpqew,Aphcqf 137', '+55221542353541', 'www.vmlydav.sg');
INSERT INTO public.producer VALUES (225, 'Djrir', 'eebuc@cj.rp', 'Ihuolq,Phmcspo 78', '+18782601407', 'www.chpxbov.fd');
INSERT INTO public.producer VALUES (226, 'Cdioplvdwm', 'eyppoub@rli.acj', 'Qogdnqntm,Trxh 167', '+7525550562586', 'www.btxrnxih.hd');
INSERT INTO public.producer VALUES (227, 'Vkobhpyki', 'oytejxg@jib.rya', 'Qpoaemqm,Sqrra 160', '+122087564484', 'www.bijpwn.qyw');
INSERT INTO public.producer VALUES (228, 'Uliseqcn', 'anfpb@lg.sge', 'Mievei,Syml 100', '+870124520762', 'www.enjewgwki.iql');
INSERT INTO public.producer VALUES (229, 'Nfocbkdx', 'tnhucxj@jwd.tat', 'Onlldqwigv,Ertep 20', '+61357616273610036', 'www.wkpmmurw.gjv');
INSERT INTO public.producer VALUES (230, 'Rmoo', 'ckov@qk.ds', 'Cdxmsgxrbr,Hyypaw 165', '+60870085423675', 'www.mritjpqmejhspg.leh');
INSERT INTO public.producer VALUES (231, 'Bisgrwew', 'ntfi@sm.ygh', 'Loadct,Erxvli 133', '+867142864800', 'www.sofykolaww.be');
INSERT INTO public.producer VALUES (232, 'Rktwag', 'eleaog@ib.exi', 'Icwsqlfvxr,Mwhqqj 122', '+80573068462652632', 'www.osshqegj.ky');
INSERT INTO public.producer VALUES (233, 'Tflx', 'sgufsupor@yvi.ngv', 'Kaeuwrids,Phtmaui 17', '+631348681655', 'www.rrxt.wr');
INSERT INTO public.producer VALUES (234, 'Lhtlcu', 'cxooppl@gsw.hdk', 'Veeomdjl,Xbnwuv 46', '+171233577684', 'www.quhhwssrqyr.lrd');
INSERT INTO public.producer VALUES (235, 'Aiwxx', 'qmqat@xhl.wd', 'Yiikdkj,Wvvnlrm 143', '+52763883466', 'www.xdjnvvryqbti.pr');
INSERT INTO public.producer VALUES (236, 'Lyphwep', 'jfs@buv.wg', 'Itjioxprgo,Bybfpx 128', '+06283541058151500', 'www.hdycanqjdlyuv.gbj');
INSERT INTO public.producer VALUES (237, 'Vospajrb', 'nku@gh.tw', 'Ddjesrhtcu,Xxlhqdq 192', '+027180047642', 'www.hydgjscej.ocy');
INSERT INTO public.producer VALUES (238, 'Hkdsljh', 'rhrgjgyu@ylg.gyn', 'Bbddetxr,Vwkk 12', '+5250223182782', 'www.alpkgh.do');
INSERT INTO public.producer VALUES (239, 'Yyvq', 'itcib@iab.xs', 'Mfwogtj,Sdfl 56', '+7602322613578311', 'www.vjijjaydcuscwn.vcc');
INSERT INTO public.producer VALUES (240, 'Ghkknicqn', 'qvaofw@il.la', 'Qakpsalj,Kescce 179', '+735850378725', 'www.dpfiwjmhmi.km');
INSERT INTO public.producer VALUES (241, 'Adkkdoqrx', 'mib@ty.lg', 'Haotho,Quap 13', '+84866751663', 'www.hrryiunfksptt.rq');
INSERT INTO public.producer VALUES (242, 'Vyqhscevb', 'qnr@tn.qfm', 'Mytlkotly,Rfta 128', '+28484086311148714', 'www.nxyrcwy.mix');
INSERT INTO public.producer VALUES (243, 'Sjrhbfmwlo', 'lmogq@nxe.yxw', 'Parxsbny,Uxgshn 61', '+3775172660365', 'www.mdewamegnthxfh.ve');
INSERT INTO public.producer VALUES (244, 'Sfwp', 'xgrjd@yst.ost', 'Nlalhp,Rljg 72', '+4163474067524240', 'www.xqkuyip.ume');
INSERT INTO public.producer VALUES (245, 'Posw', 'folxttfhh@fe.qx', 'Owlbcmmdy,Rmcjg 150', '+031531605606', 'www.dtwcrjiqww.nvn');
INSERT INTO public.producer VALUES (246, 'Moehuhw', 'pinkct@tn.ve', 'Sfosjrcorf,Pnklg 94', '+10144680481064536', 'www.byqsj.ne');
INSERT INTO public.producer VALUES (247, 'Qskfxkd', 'pbq@oi.lok', 'Sejihpr,Xqpp 46', '+68677031357407', 'www.balewivnwp.fi');
INSERT INTO public.producer VALUES (248, 'Yvdod', 'spujqqr@bd.kt', 'Esbarvw,Hfhjj 8', '+8841566507456780', 'www.qxk.kq');
INSERT INTO public.producer VALUES (249, 'Dyytn', 'xbt@sh.xrl', 'Cddyevqbm,Ncvk 133', '+2585312762701682', 'www.mfrlrsoqidmy.ai');
INSERT INTO public.producer VALUES (250, 'Sqabi', 'dbp@isu.ukq', 'Smfxxoouq,Aiyho 49', '+011833478504', 'www.bhmojgplvamhri.fj');
INSERT INTO public.producer VALUES (251, 'Xjpwf', 'kcm@jg.wk', 'Yrebjlvjv,Sswb 186', '+077614084641', 'www.gjdqwq.qx');
INSERT INTO public.producer VALUES (252, 'Hpfh', 'iyxvwosou@jt.rqc', 'Vtnnyq,Nsfk 131', '+4467800680635651', 'www.klwhukvf.pcq');
INSERT INTO public.producer VALUES (253, 'Bolp', 'msnvv@di.wxv', 'Iisknxu,Jyffcin 127', '+821064835261', 'www.oinphsjfbhylbe.rll');
INSERT INTO public.producer VALUES (254, 'Ldxjxlity', 'nnimhys@oyp.qst', 'Mimeguwhxh,Hboyv 8', '+8601116257142560', 'www.sxr.pjq');
INSERT INTO public.producer VALUES (255, 'Rvooyphpl', 'wbsur@xk.or', 'Quiwcxpn,Sulq 133', '+833014322874', 'www.fikutgwogpeh.qvy');
INSERT INTO public.producer VALUES (256, 'Htddndd', 'bgjvyb@ffy.fyx', 'Mfnrvm,Vpnrby 111', '+63113548235', 'www.gao.sa');
INSERT INTO public.producer VALUES (257, 'Bhvbusbl', 'xgyinh@obi.og', 'Lpqvwvuhra,Traqya 97', '+36123105300674', 'www.vwj.ae');
INSERT INTO public.producer VALUES (258, 'Parqqoatov', 'pwc@ys.nef', 'Ljevuhgsw,Ljtb 50', '+64767858880432', 'www.wjbhrroqhj.vai');
INSERT INTO public.producer VALUES (259, 'Xdcw', 'eglpvpamn@bqq.aeg', 'Msmvlfh,Itlk 164', '+0386543526010', 'www.nnfltbernsqutr.ven');
INSERT INTO public.producer VALUES (260, 'Gbrjygir', 'hbfosrheu@yj.qhn', 'Cmxlwlok,Clhpa 23', '+88300776725272035', 'www.ofp.lyh');
INSERT INTO public.producer VALUES (261, 'Axsvsnwgvp', 'qhqt@pu.tw', 'Ktcdyui,Prfgdak 47', '+215344778227266', 'www.uqekrgnwjd.nxm');
INSERT INTO public.producer VALUES (262, 'Skfis', 'tbvhn@dpy.cq', 'Jytalywcda,Wgjwx 168', '+1864742510753785', 'www.jwoyhcxorkq.ufp');
INSERT INTO public.producer VALUES (263, 'Uvtebp', 'qhbtwtw@ob.pbr', 'Ebhtdfjb,Hnivkqw 83', '+28684308708826', 'www.nccaifadtiikwm.vi');
INSERT INTO public.producer VALUES (264, 'Bqngqhj', 'otpmpjq@lf.jcs', 'Mydhde,Wtiw 121', '+053601813700236', 'www.bbhoa.vy');
INSERT INTO public.producer VALUES (265, 'Uuascfjjh', 'qhrgprey@ksi.qy', 'Tsbvpyy,Dvyxga 32', '+87242832502508', 'www.mueysamvwvnubd.tm');
INSERT INTO public.producer VALUES (266, 'Dmmfwuqe', 'omipnpe@mm.qjn', 'Bnuglptvkl,Jkoqqfj 68', '+6363445800782635', 'www.vpiu.rvd');
INSERT INTO public.producer VALUES (267, 'Brtlvvjcir', 'vcsqgujxv@eqr.ws', 'Niuufh,Xhivyh 20', '+3755530406487', 'www.hbfauei.qjp');
INSERT INTO public.producer VALUES (268, 'Bwmva', 'auva@fqx.iiu', 'Insksilg,Jqdrahq 90', '+35681648787282367', 'www.arpivikdojp.yw');
INSERT INTO public.producer VALUES (269, 'Rudsrfo', 'njv@mt.dxh', 'Qwiyrtj,Aaikag 26', '+757058830676', 'www.leflcrviat.xl');
INSERT INTO public.producer VALUES (270, 'Bjkw', 'giyvwlk@lp.sl', 'Nftifsuho,Hbxmbgw 146', '+143175174214', 'www.ikm.qis');
INSERT INTO public.producer VALUES (271, 'Umyvtc', 'ufh@km.pmm', 'Olifcstmw,Atpndlx 188', '+18274838342667302', 'www.jkqegrcyve.nnt');
INSERT INTO public.producer VALUES (272, 'Esbymv', 'nhkdmrs@lqp.hn', 'Vupxudtcnx,Nxkibie 68', '+422138822472', 'www.qfqsjup.qp');
INSERT INTO public.producer VALUES (273, 'Kfqs', 'ojxgx@fw.rer', 'Wefqgafw,Hfhkfk 105', '+0577852046708', 'www.viyouppwi.xh');
INSERT INTO public.producer VALUES (274, 'Wgyk', 'cxwbst@gos.mnt', 'Kjikgunjt,Ckflxp 75', '+2743452684302557', 'www.pmypsqgrm.jhg');
INSERT INTO public.producer VALUES (275, 'Yfnlidwm', 'pgnjfbdqo@qac.xr', 'Owritnj,Qsurrsa 122', '+683706308456', 'www.cbxm.qrl');
INSERT INTO public.producer VALUES (276, 'Hina', 'mgo@qvd.asa', 'Qkwebulu,Xvbbhmk 19', '+04513168654448181', 'www.lhafbf.ckj');
INSERT INTO public.producer VALUES (277, 'Kgwpfkhws', 'mthyfctv@tb.cdg', 'Auplxeeu,Hqfhav 162', '+43807842216346', 'www.mgvvtg.ti');
INSERT INTO public.producer VALUES (278, 'Hodlpfdhnj', 'gyjp@ae.rm', 'Hawrexl,Waucnc 111', '+1238103561757845', 'www.mgnrngshtnxmyj.vym');
INSERT INTO public.producer VALUES (279, 'Uidktjqbem', 'pxninbaqa@kag.ka', 'Flkgjujijq,Mros 177', '+63575588447725', 'www.uoay.gkd');
INSERT INTO public.producer VALUES (280, 'Bkqagrdwv', 'uls@wic.ob', 'Fwlojsxr,Sfvgq 163', '+70603445277', 'www.euw.ckc');
INSERT INTO public.producer VALUES (281, 'Gvsqmicguh', 'xfxixvalb@aca.oml', 'Vjbvsdo,Suxnh 178', '+17615156207', 'www.xogbvgkxu.mpj');
INSERT INTO public.producer VALUES (282, 'Ymviawx', 'cuphblqi@wab.xa', 'Imqpbvxv,Bfbdwxf 6', '+23353451424524', 'www.fsvuuuk.eir');
INSERT INTO public.producer VALUES (283, 'Cqetistblg', 'lcmlkh@bq.kai', 'Tpnxioqqm,Nyetntd 7', '+08367801647', 'www.rvkslihwrse.mo');
INSERT INTO public.producer VALUES (284, 'Yyrvvyoq', 'oxohctgm@fji.urw', 'Tcejnate,Iigyyg 79', '+6565827541667', 'www.puatbwamqq.hgj');
INSERT INTO public.producer VALUES (285, 'Dfsd', 'qhluvmxjl@lqe.wy', 'Auftkjp,Lmwcwbt 137', '+27015045653566521', 'www.xvkrsodarn.jw');
INSERT INTO public.producer VALUES (286, 'Qrnd', 'jemc@woi.kyw', 'Xbxbwdir,Youlymq 164', '+27063605101382', 'www.lwhsbviren.pm');
INSERT INTO public.producer VALUES (287, 'Lkitugnf', 'egcbnrf@wg.ltb', 'Vtqymfjtqt,Rhydgq 6', '+587161245067271', 'www.ntjxjdktkgcj.pf');
INSERT INTO public.producer VALUES (288, 'Amsne', 'onlxn@evy.lhj', 'Spjualhs,Faew 81', '+110516127318', 'www.wal.vw');
INSERT INTO public.producer VALUES (289, 'Qvadfiixcj', 'btjfl@sx.adr', 'Nptitpyp,Lbmevrf 67', '+80506863441414876', 'www.owxqxxmqgdwete.ww');
INSERT INTO public.producer VALUES (290, 'Rgkikyixns', 'fjvb@ytx.mtd', 'Ecwtoyfeoa,Oafcpwk 27', '+73342121558517225', 'www.wwhdwidpk.pjx');
INSERT INTO public.producer VALUES (291, 'Ssplclill', 'loxcgvpyh@mbo.goy', 'Lldbihmepm,Xonwpyh 98', '+57460312840603836', 'www.fww.bb');
INSERT INTO public.producer VALUES (292, 'Ktfhrce', 'fhnsf@lps.tjc', 'Kghuwcn,Wqffg 91', '+834246504142', 'www.qvgcbefc.ps');
INSERT INTO public.producer VALUES (293, 'Oqhclqujum', 'qbbyhfph@pq.xj', 'Mbpwpbf,Hecswi 111', '+24435660220758', 'www.bxqwxidykj.am');
INSERT INTO public.producer VALUES (294, 'Ianjcbjkcw', 'tkkm@yn.lc', 'Otfxnwnihb,Vaak 179', '+6573478365781', 'www.jywchj.ya');
INSERT INTO public.producer VALUES (295, 'Rlvocj', 'iooil@ir.kpd', 'Uinxft,Sksmwm 122', '+35423151266724', 'www.nfga.syj');
INSERT INTO public.producer VALUES (296, 'Gbatovk', 'esmscqb@orh.yv', 'Ogipjp,Oqfonms 6', '+07433571205', 'www.bytlxtqcrcj.mxm');
INSERT INTO public.producer VALUES (297, 'Evsxvwc', 'hrxxaknye@kc.fdg', 'Iqfeqsvq,Pvsdio 150', '+480617853428322', 'www.kjqgu.xe');
INSERT INTO public.producer VALUES (298, 'Nskta', 'kwvlkhqcf@aad.gnf', 'Ilympcwbxo,Kyfbcoy 46', '+2575631432642', 'www.qve.eeb');
INSERT INTO public.producer VALUES (299, 'Xghpsx', 'avaqfv@bb.ao', 'Hegxhokm,Bgpq 173', '+13717146885040', 'www.mbcrlsibde.ctf');
INSERT INTO public.producer VALUES (300, 'Yuad', 'ybvlirb@ie.ogi', 'Evbcvuqfq,Vwsa 37', '+2546107306130', 'www.jdtmig.pkl');
INSERT INTO public.producer VALUES (301, 'Nral', 'vbiqckb@yq.pif', 'Rmkeqsxcf,Prshuhv 140', '+654023888835', 'www.tmgriliivfa.uy');
INSERT INTO public.producer VALUES (302, 'Xtka', 'oasa@tl.gjk', 'Dmtjgq,Etsoabm 136', '+74353083478054', 'www.rmkkx.dmg');
INSERT INTO public.producer VALUES (303, 'Knlddbu', 'ixabxoy@ge.jni', 'Qkfbrpla,Ftjas 136', '+05105321067', 'www.qvvqjaa.gsc');
INSERT INTO public.producer VALUES (304, 'Toufptnwmu', 'oovd@wjg.hqk', 'Qevphgrbra,Moqmd 146', '+24154864830', 'www.vrnb.veo');
INSERT INTO public.producer VALUES (305, 'Bqaghkbwx', 'ixynfl@gi.df', 'Onnawcxbl,Hpsusrc 162', '+6686677036274', 'www.eei.wj');
INSERT INTO public.producer VALUES (306, 'Bclyddrn', 'vfxxlh@js.lup', 'Gmbyec,Auql 93', '+71640720160567820', 'www.tjrvvnqb.gjx');
INSERT INTO public.producer VALUES (307, 'Kufktmko', 'togdotk@ff.tts', 'Tqodccm,Ulnvd 134', '+310230424854', 'www.fajcjrj.lsy');
INSERT INTO public.producer VALUES (308, 'Ippddnjoho', 'lwd@og.ow', 'Wiwvys,Nmbelsu 49', '+5706774517472308', 'www.butogcnbhfs.dj');
INSERT INTO public.producer VALUES (309, 'Omdwqs', 'psqfwsg@uvh.mpv', 'Gmsbln,Eeljnxd 168', '+205415025486', 'www.pajvq.hhr');
INSERT INTO public.producer VALUES (310, 'Qbdwco', 'heps@ced.qyt', 'Irsuqrjob,Xpyddc 35', '+42523137537787186', 'www.vfvssdk.div');
INSERT INTO public.producer VALUES (311, 'Rbwsuqlma', 'bpgt@im.xs', 'Hnigntub,Hljee 7', '+081486313617', 'www.rurvptfgua.rx');
INSERT INTO public.producer VALUES (312, 'Jwkbh', 'rxvorp@gl.obl', 'Qudgyiwjvg,Afawws 119', '+87353580470', 'www.tlmtiqu.rmt');
INSERT INTO public.producer VALUES (313, 'Gjcaqymv', 'fvsgtj@ng.cht', 'Ekihytx,Eevjir 183', '+16742626362543407', 'www.fiilb.yh');
INSERT INTO public.producer VALUES (314, 'Pebakoivxa', 'nkjtmm@dhh.kwp', 'Yskooyyeu,Xapdu 48', '+610155624427', 'www.lkgrvbd.atv');
INSERT INTO public.producer VALUES (315, 'Dehiybgdq', 'yonjuf@gya.qk', 'Ootrwsjpo,Icovcnj 30', '+880007726353742', 'www.pfnkahltadnuys.eyc');
INSERT INTO public.producer VALUES (316, 'Kegr', 'itq@df.hhs', 'Lbshhfaq,Jerle 3', '+50478612537224', 'www.qrxcmbu.ty');
INSERT INTO public.producer VALUES (317, 'Vkihyqhm', 'mqrln@inv.jc', 'Hycckkwnpx,Maha 54', '+56318030044', 'www.ajgnbsoyl.fes');
INSERT INTO public.producer VALUES (318, 'Vcxgw', 'opvdce@xkf.dx', 'Aubqletk,Aroa 140', '+73223657135816361', 'www.mlkpatvhn.ii');
INSERT INTO public.producer VALUES (319, 'Qugli', 'wonakpnjr@ovt.gx', 'Gpcjrqmrcb,Xosxrll 33', '+573623828176586', 'www.gwyebmgjqk.dsp');
INSERT INTO public.producer VALUES (320, 'Jgowvq', 'ljicafrw@mnq.mxq', 'Ukcfjvk,Wbqymd 189', '+28222876378255431', 'www.wit.mu');
INSERT INTO public.producer VALUES (321, 'Fvcoihv', 'pxmxackkq@xyv.tj', 'Giykjqvxhy,Bdedfy 27', '+251148568566363', 'www.vfmfh.yy');
INSERT INTO public.producer VALUES (322, 'Xpkqrl', 'kpao@nm.dg', 'Vtapfdthd,Dcflg 164', '+0430623732435467', 'www.kahchno.xnf');
INSERT INTO public.producer VALUES (323, 'Dnrgdg', 'oxl@mo.jia', 'Hvsabmlag,Gwbuybf 188', '+6485782013568', 'www.xqs.vx');
INSERT INTO public.producer VALUES (324, 'Swaelcnbq', 'yhowuu@ki.kpp', 'Wmoemrdwmo,Bpvquq 184', '+34060426300852117', 'www.onngu.lda');
INSERT INTO public.producer VALUES (325, 'Sshrjgfwo', 'blfijjy@ga.np', 'Uvdupqkcj,Dvitse 133', '+7423566008658', 'www.rsnhhmpht.jj');
INSERT INTO public.producer VALUES (326, 'Jmjurf', 'acbjydan@pes.xja', 'Cqxvfeyffq,Qnsibv 93', '+230827255126', 'www.urnmc.rml');
INSERT INTO public.producer VALUES (327, 'Niwacvmg', 'shhtd@cc.kg', 'Aybyycd,Ncoevg 82', '+62552305812141877', 'www.fwensyhukw.mas');
INSERT INTO public.producer VALUES (328, 'Yaalyccfln', 'qnv@pj.fgc', 'Aruvhii,Ekydwos 80', '+058561405430562', 'www.unln.pl');
INSERT INTO public.producer VALUES (329, 'Icmexyjrco', 'prpdlpt@ued.cin', 'Nkgtkxcp,Koja 170', '+20856311650055171', 'www.jhkameoix.ng');
INSERT INTO public.producer VALUES (330, 'Ytvrdn', 'oddnrkn@cjw.eu', 'Kanpjd,Wqsgja 197', '+8388740858117', 'www.lpagpshkhrnv.ac');
INSERT INTO public.producer VALUES (331, 'Jhulq', 'jcflsjat@men.qj', 'Vncewdbr,Armrih 73', '+3338677888714876', 'www.xruagqoihb.yfm');
INSERT INTO public.producer VALUES (332, 'Jbbjy', 'oxuun@eij.wrv', 'Penosimt,Eonlak 128', '+658558055565', 'www.tgtnpdhk.br');
INSERT INTO public.producer VALUES (333, 'Vngrd', 'eaqxhb@hv.wjp', 'Heiddam,Evad 29', '+068633646573151', 'www.iainy.nnb');
INSERT INTO public.producer VALUES (334, 'Kuca', 'bps@gdc.wb', 'Kivvmunpfy,Ybdqj 7', '+688743545105078', 'www.ocoipd.kly');
INSERT INTO public.producer VALUES (335, 'Rxbb', 'ypnxislf@oby.tm', 'Jknaigm,Mwcm 10', '+22847210150526037', 'www.ynuvbe.xw');
INSERT INTO public.producer VALUES (336, 'Qcgcqw', 'txyclfok@wk.ssw', 'Aaehvhcyq,Algfc 175', '+2401878557072138', 'www.ouewrdiri.hjh');
INSERT INTO public.producer VALUES (337, 'Pniahi', 'mjr@os.lbw', 'Kvarwvhi,Vlesg 180', '+321587260578', 'www.ynlgbgcaqhsvwn.tut');
INSERT INTO public.producer VALUES (338, 'Cgcnmu', 'vbl@lw.sg', 'Ulxuai,Ykwxrs 18', '+221366885864', 'www.kcexsummdyp.qmt');
INSERT INTO public.producer VALUES (339, 'Voesopvvw', 'vkawlr@gs.tp', 'Oormjh,Pcvd 3', '+422134276675', 'www.dlddafcximkqe.de');
INSERT INTO public.producer VALUES (340, 'Nayhugimb', 'xpnfis@dnk.edt', 'Qgebecvqam,Pfwynb 51', '+7877353642842', 'www.fivok.li');
INSERT INTO public.producer VALUES (341, 'Ycmjtwda', 'ffw@fd.ilk', 'Nxplkkycgn,Bykdl 196', '+18683575301712465', 'www.dwhcgodkovbcnw.fpx');
INSERT INTO public.producer VALUES (342, 'Badndyy', 'agpx@jfj.yd', 'Vfkkyssil,Nimygb 92', '+4600112046815841', 'www.nofj.nr');
INSERT INTO public.producer VALUES (343, 'Joilgrxe', 'mns@dyb.rd', 'Hhnernw,Ymwotri 179', '+764307811557', 'www.ydnqohtosk.bx');
INSERT INTO public.producer VALUES (344, 'Yasfagr', 'rjqstmeqk@ogb.ioq', 'Ouxbou,Qulh 35', '+11325682221686885', 'www.fbmqfnnedx.qsh');
INSERT INTO public.producer VALUES (345, 'Dqha', 'txolieq@mv.kpx', 'Jrtvhokm,Jfwnm 7', '+4616223113182858', 'www.gnsr.rua');
INSERT INTO public.producer VALUES (346, 'Pnwcloy', 'nhct@tdp.rd', 'Sbrywbno,Ofoks 72', '+553013245283', 'www.ice.dc');
INSERT INTO public.producer VALUES (347, 'Drajwjxv', 'uqoopm@jc.dm', 'Sgkhfwu,Iigobfv 135', '+4781020601210', 'www.gobeawfuwwdjq.ht');
INSERT INTO public.producer VALUES (348, 'Xmsuuapqui', 'viepwj@lmu.eka', 'Vbjnmxkgmv,Sudwusb 40', '+3137136264001', 'www.bcuh.dhj');
INSERT INTO public.producer VALUES (349, 'Mxuutkoswt', 'iugxlt@oig.hxi', 'Fvuneufw,Aauyfvf 171', '+8031567352237350', 'www.yqw.poi');
INSERT INTO public.producer VALUES (350, 'Lsqy', 'gmomexvbd@pat.gn', 'Ccndcd,Jtqwl 69', '+87521852788277544', 'www.snbhpjvicpck.vh');
INSERT INTO public.producer VALUES (351, 'Ipsrbae', 'wuoyxv@hvb.lpq', 'Xaydimghq,Htgairr 106', '+61047204788', 'www.xjbtqhppu.pi');
INSERT INTO public.producer VALUES (352, 'Sulbyj', 'jreifprp@obj.dys', 'Usgntiqg,Djdcus 199', '+1130545568636835', 'www.tjlh.ys');
INSERT INTO public.producer VALUES (353, 'Gsseuh', 'ddm@nh.pyh', 'Idwxefbmrm,Enbewk 86', '+35340243240078462', 'www.lptebd.cc');
INSERT INTO public.producer VALUES (354, 'Ylol', 'wqllii@iiq.al', 'Ucdtrljbq,Lsohw 133', '+530251201320', 'www.jlmqpnxwiggw.mt');
INSERT INTO public.producer VALUES (355, 'Magc', 'bydlelc@lwu.sd', 'Rmtitcsdpu,Jigflh 26', '+67253331605115', 'www.hvsffsypka.rm');
INSERT INTO public.producer VALUES (356, 'Adao', 'pbil@cds.kb', 'Eibstyltn,Jegpv 75', '+433104775435735', 'www.tmjkmuygmswm.hf');
INSERT INTO public.producer VALUES (357, 'Alwti', 'csw@si.rd', 'Pwnfilq,Qwhj 155', '+513053528730256', 'www.yoxkev.upu');
INSERT INTO public.producer VALUES (358, 'Qswu', 'ihsl@qdq.km', 'Ltcljywo,Thqw 73', '+4638771513748556', 'www.oydqkyutpqylr.rnw');
INSERT INTO public.producer VALUES (359, 'Yybayprer', 'fmtipa@tkr.jge', 'Odhtoslrb,Tome 124', '+2070553412651', 'www.nitudptco.gb');
INSERT INTO public.producer VALUES (360, 'Arwh', 'aagvkrov@svv.uw', 'Djpmdeortg,Cwtecv 186', '+71147766174341601', 'www.kmyejgpglpxh.psk');
INSERT INTO public.producer VALUES (361, 'Lshuwrptvp', 'nnjhtl@nr.wrh', 'Qbodmdla,Yauiyde 107', '+64378201524', 'www.gar.ar');
INSERT INTO public.producer VALUES (362, 'Latlvce', 'yumhnkkt@avk.tbu', 'Mcbloxw,Cuns 107', '+2662051888610', 'www.ljyeacnyk.eey');
INSERT INTO public.producer VALUES (363, 'Ygsniuplj', 'drivwo@pd.dx', 'Nxxkctx,Msnbotr 159', '+305370824800243', 'www.xorhetprkawddl.fw');
INSERT INTO public.producer VALUES (364, 'Ojmylf', 'mqoob@ynf.kvt', 'Phyihiir,Tagni 64', '+40843103018538408', 'www.inxxpyepe.bv');
INSERT INTO public.producer VALUES (365, 'Curfs', 'bes@ya.lb', 'Boewvav,Fpspbsb 113', '+47857741568610', 'www.bfmn.mk');
INSERT INTO public.producer VALUES (366, 'Psefunq', 'lve@fy.jfa', 'Xnhvediai,Hhxrl 38', '+5305181637335680', 'www.rytnt.urq');
INSERT INTO public.producer VALUES (367, 'Tsewnokx', 'gnlffqick@yo.mdk', 'Vbpolwa,Lpac 24', '+23686837010248548', 'www.jcxlklfvdwnh.csc');
INSERT INTO public.producer VALUES (368, 'Yvolfw', 'vxc@xcq.wi', 'Juqloens,Qhipyld 117', '+811677425773', 'www.cpbkpu.ib');
INSERT INTO public.producer VALUES (369, 'Uuwytlkxt', 'odn@sm.gn', 'Uclrkgs,Gsruw 142', '+5181427855486', 'www.cdnmmhgm.hkf');
INSERT INTO public.producer VALUES (370, 'Mpwldu', 'bbajjuvo@su.ms', 'Kwgfxm,Qodtae 6', '+8724536665865170', 'www.wpokfwvvoka.md');
INSERT INTO public.producer VALUES (371, 'Tktvfhskq', 'glxslcr@ud.yh', 'Ixnysfibq,Rugkono 168', '+885625870846643', 'www.pglhxiqcyyj.li');
INSERT INTO public.producer VALUES (372, 'Uwtsmisq', 'mcv@ucj.dk', 'Kfypuv,Mfhv 154', '+361530715442104', 'www.xbn.iyw');
INSERT INTO public.producer VALUES (373, 'Htklithwlg', 'kbnqywkd@ou.kq', 'Fpgexng,Lbrodu 98', '+203840865887', 'www.pypvyk.abn');
INSERT INTO public.producer VALUES (374, 'Amcxka', 'sjwv@ebr.rd', 'Eseqhe,Lydv 55', '+631265274438318', 'www.ibwr.umw');
INSERT INTO public.producer VALUES (375, 'Mgduusxnuh', 'rtojgdr@ix.bl', 'Ebgsual,Aiunft 12', '+11005041634526147', 'www.rkxdi.pgi');
INSERT INTO public.producer VALUES (376, 'Tidu', 'txttcuuq@hig.fr', 'Jogjqpelsl,Nfjge 39', '+076568238561075', 'www.wxs.sx');
INSERT INTO public.producer VALUES (377, 'Dycnqjb', 'hcw@dw.jt', 'Ugiffdf,Xunlriu 68', '+262068586878', 'www.hhkfrm.thm');
INSERT INTO public.producer VALUES (378, 'Mlqaqwfr', 'fdpjekwm@itd.ayb', 'Grgwaqg,Ipcipbf 10', '+44614768546', 'www.tif.nsg');
INSERT INTO public.producer VALUES (379, 'Tits', 'ghkb@hr.as', 'Qpgohu,Bqsar 189', '+560178801161555', 'www.bytiilqsc.mev');
INSERT INTO public.producer VALUES (380, 'Fiyjrxsk', 'mrv@oc.eg', 'Kvlvxhaqla,Yvqj 69', '+66345717832202', 'www.cbbegvahhlfook.idi');
INSERT INTO public.producer VALUES (381, 'Oqiyxmb', 'icfh@ki.xa', 'Xtanocql,Mhuwaai 149', '+22682702428085', 'www.vbqhpd.ivi');
INSERT INTO public.producer VALUES (382, 'Tmpdelt', 'gsej@nag.fci', 'Xnaobfjxbi,Nknl 187', '+242688605160', 'www.chpfdgysj.omp');
INSERT INTO public.producer VALUES (383, 'Vyjjnajdr', 'gal@ja.ie', 'Pnadylbd,Huhh 100', '+8570734107202632', 'www.cdbuktjpvj.gu');
INSERT INTO public.producer VALUES (384, 'Avmm', 'mhsspy@gat.ai', 'Vjgoiqcweh,Qvwtm 89', '+3551376284540', 'www.omvaypmap.hao');
INSERT INTO public.producer VALUES (385, 'Ncjir', 'ggcps@tpm.ggp', 'Lwgwfje,Ljuop 127', '+83427225740', 'www.mani.byp');
INSERT INTO public.producer VALUES (386, 'Byqppvpky', 'ikuon@gmu.wr', 'Xvteqfqbc,Orbae 66', '+12332228846', 'www.rsmeqrugj.ygc');
INSERT INTO public.producer VALUES (387, 'Uapedhkcq', 'rsjdw@ocf.yms', 'Xbtxitxic,Xnftl 2', '+73565174116', 'www.ywpkunmfhol.fc');
INSERT INTO public.producer VALUES (388, 'Rgdpdyhxii', 'gcprm@hvl.gej', 'Mogotukauj,Bsuxsh 11', '+05520855615782', 'www.ulj.uys');
INSERT INTO public.producer VALUES (389, 'Kxqncccpm', 'obmmbjy@ur.ita', 'Otekto,Twih 27', '+413110860035864', 'www.osal.tx');
INSERT INTO public.producer VALUES (390, 'Sclkvrgu', 'rjlwo@lxq.jjf', 'Elypmik,Bibnjmi 23', '+48575622323805067', 'www.uwfskuicq.gem');
INSERT INTO public.producer VALUES (391, 'Ogihn', 'flvm@wh.fg', 'Cdrigaa,Sqtgl 147', '+553820157036670', 'www.dalvfopooollj.yxw');
INSERT INTO public.producer VALUES (392, 'Smqim', 'ekstl@qt.dg', 'Tjeotjwci,Krhvn 83', '+33737024120', 'www.bmxof.rya');
INSERT INTO public.producer VALUES (393, 'Xhtqqdpbgo', 'ighuycdvc@vp.bns', 'Ykcclbue,Msxe 134', '+7471145114745886', 'www.jmjvfrsehydg.dvn');
INSERT INTO public.producer VALUES (394, 'Fmyfabsdn', 'bqgys@ia.qm', 'Jdomddwxof,Kjsunh 55', '+323224522884222', 'www.bgeuvepkrde.acd');
INSERT INTO public.producer VALUES (395, 'Hkowdfom', 'vwjt@vvf.mx', 'Wjqwnxcl,Pxmkymq 159', '+68132308403301002', 'www.ucevxyn.xfy');
INSERT INTO public.producer VALUES (396, 'Qdyuwkut', 'mkmphiof@jj.xj', 'Eagyyi,Akkrdhk 156', '+177371733436', 'www.iqmfe.vc');
INSERT INTO public.producer VALUES (397, 'Pjrrve', 'ruc@sfr.rhi', 'Ixjjwj,Lldnki 79', '+8172664514725', 'www.unfmpolhj.bhi');
INSERT INTO public.producer VALUES (398, 'Aehgmlnc', 'ektbdu@okl.sta', 'Qcupkiww,Gixvopw 161', '+352643483612', 'www.caxictoybem.ccv');
INSERT INTO public.producer VALUES (399, 'Xxlg', 'ebdxwh@asm.ekv', 'Wqqqeqly,Mcbdg 99', '+022154011342550', 'www.theleow.bcd');
INSERT INTO public.producer VALUES (400, 'Wykaod', 'llhesta@yt.pds', 'Cihrjna,Dnpqj 2', '+37154461660655338', 'www.gpcfpt.mp');
INSERT INTO public.producer VALUES (401, 'Mhmssna', 'lpl@yv.cbw', 'Wgyjydlr,Ufgw 166', '+34145703564817', 'www.adpvnvapcnyx.kl');
INSERT INTO public.producer VALUES (402, 'Vqxokxnh', 'sex@ru.yq', 'Urmhqi,Rlaiva 39', '+588556682362', 'www.fkvtgq.ofm');
INSERT INTO public.producer VALUES (403, 'Syynw', 'ytnjyauo@mt.eia', 'Qumdusqi,Iwquj 86', '+4782775037138568', 'www.dyjeajasnop.bax');
INSERT INTO public.producer VALUES (404, 'Krunujsl', 'yjo@ytd.vh', 'Krgsir,Dpkbgln 164', '+387462143086178', 'www.pvywjk.tem');
INSERT INTO public.producer VALUES (405, 'Cmcgaarvt', 'naparvc@ek.cx', 'Kytmcq,Ooct 134', '+814254147025182', 'www.bokbtb.hbd');
INSERT INTO public.producer VALUES (406, 'Vckhj', 'nkdlgl@gpw.ntl', 'Kpowxbfiqy,Mchb 93', '+75338541223117835', 'www.vreepabsbjflwe.jf');
INSERT INTO public.producer VALUES (407, 'Mvgdarab', 'nfivleob@yu.sl', 'Wprpulodd,Lkuli 198', '+67723152721', 'www.ifeyvuvyo.ung');
INSERT INTO public.producer VALUES (408, 'Whhwahsern', 'opuvteat@fc.qy', 'Gmufdjic,Epigmj 145', '+0674636611324672', 'www.beudlmroptb.rui');
INSERT INTO public.producer VALUES (409, 'Dksnnwrg', 'lbitmj@dw.qk', 'Kfhlwrq,Lmxv 2', '+44256032552774726', 'www.crstt.kdb');
INSERT INTO public.producer VALUES (410, 'Fmfyrtlh', 'xalekdas@ifx.cm', 'Xwdjqe,Bmmcmtm 160', '+0160836816535450', 'www.mgapqxlgwpow.wya');
INSERT INTO public.producer VALUES (411, 'Uebg', 'uyqmhjv@so.ck', 'Inoftdjxm,Cuyh 188', '+315655200110146', 'www.ohwdmcqilfp.ja');
INSERT INTO public.producer VALUES (412, 'Upjyfb', 'nbp@tlo.jmx', 'Unldrpp,Wvcpxn 132', '+41468533571650032', 'www.ijwbukrnedip.ryi');
INSERT INTO public.producer VALUES (413, 'Uadqfle', 'etx@wwx.fdc', 'Tdotcp,Dvoyl 17', '+275352672754', 'www.vouvqsh.xgb');
INSERT INTO public.producer VALUES (414, 'Cuqygopo', 'qghms@ufx.au', 'Wvyeudfsct,Ukmdrs 190', '+6336788244717', 'www.snjgkuibvc.gwu');
INSERT INTO public.producer VALUES (415, 'Aoliscgrr', 'ylqlgd@knh.iv', 'Fquowkas,Nwjdl 93', '+44428438582065', 'www.skuryvid.pu');
INSERT INTO public.producer VALUES (416, 'Pcgbwqju', 'gkb@ld.cna', 'Bqdmcfsir,Xnmin 152', '+3014162750087', 'www.kvrpdlpylhfqd.ehm');
INSERT INTO public.producer VALUES (417, 'Opttdg', 'ggngfyygc@ua.aes', 'Jkquvqkypt,Jdayu 62', '+2122208266513', 'www.jfkjmcnayte.tcm');
INSERT INTO public.producer VALUES (418, 'Tvsfqxxete', 'sxoglygb@xpu.se', 'Cfttrsue,Sojqnu 160', '+6577733816777', 'www.xjqxj.wy');
INSERT INTO public.producer VALUES (419, 'Bbqmooubny', 'fjwameui@ytg.sh', 'Jgldupa,Oemrb 182', '+18065360772875', 'www.fdjaxqqluf.as');
INSERT INTO public.producer VALUES (420, 'Dhhkceflbp', 'tjaowvow@bds.qtp', 'Bfgeober,Xqxwjw 181', '+38353766402523', 'www.nwlo.cb');
INSERT INTO public.producer VALUES (421, 'Tmyosobcrr', 'drllbi@kq.bjo', 'Pmtbkw,Gcdh 78', '+518762423765407', 'www.tvt.cc');
INSERT INTO public.producer VALUES (422, 'Osyv', 'bjlxdpc@akr.ry', 'Nlcrubgom,Jaxno 167', '+02143581004', 'www.wiujgfaeox.kfq');
INSERT INTO public.producer VALUES (423, 'Prgb', 'mswhlw@be.lib', 'Etxgcttdh,Lgbne 13', '+4073152321037488', 'www.hwwvpupbycs.bct');
INSERT INTO public.producer VALUES (424, 'Rewrjudav', 'cjdi@ghm.dvl', 'Badjrewj,Aybit 198', '+2503358285246641', 'www.alaptbp.jrw');
INSERT INTO public.producer VALUES (425, 'Cmdsoboq', 'wqjlhfs@mo.fa', 'Ojrtqwq,Qsdmvj 41', '+766614341178', 'www.dfpqbht.tj');
INSERT INTO public.producer VALUES (426, 'Giqlmepkv', 'acm@uxg.cmt', 'Jmwfmoq,Gljt 11', '+41518536006', 'www.bhf.ch');
INSERT INTO public.producer VALUES (427, 'Jfrtweqgb', 'kfjl@cgk.ik', 'Jwnunpr,Dhnmts 33', '+44761810116780236', 'www.gykyko.rlf');
INSERT INTO public.producer VALUES (428, 'Qskcxm', 'umaq@pc.syr', 'Ibnilnbjt,Onxisk 180', '+1640525184205333', 'www.mnt.kwh');
INSERT INTO public.producer VALUES (429, 'Skvrodqr', 'jbvdvexup@wdk.bmf', 'Bagfmqemcc,Iatbxmp 75', '+77314355866631683', 'www.qqgo.drr');
INSERT INTO public.producer VALUES (430, 'Mmtkhb', 'wre@se.uyh', 'Aefeejpag,Minm 160', '+47577461176735540', 'www.pvnmfbmwsks.prq');
INSERT INTO public.producer VALUES (431, 'Nsafgkx', 'yrccen@po.cp', 'Ditssxhti,Phdxpio 96', '+20203272663577128', 'www.skaqcvve.vw');
INSERT INTO public.producer VALUES (432, 'Rqgowfvhb', 'shypabmge@seo.ab', 'Dvttdnhq,Iqhr 69', '+64538878646', 'www.uofxbwt.ckb');
INSERT INTO public.producer VALUES (433, 'Nxelmweqm', 'nmccbycw@dv.kk', 'Eapvabxb,Lrhnjxb 93', '+5564612110871', 'www.crerhtycf.co');
INSERT INTO public.producer VALUES (434, 'Lsxxnc', 'rofyeyx@pfg.xvw', 'Wxatnn,Ppoywb 132', '+1780371262061', 'www.ggobgfyjqwxwi.bgk');
INSERT INTO public.producer VALUES (435, 'Auanux', 'gvndlp@do.np', 'Fkfbxeaasm,Xivkdtp 54', '+556227213812', 'www.avhl.gvu');
INSERT INTO public.producer VALUES (436, 'Xaowgt', 'drgkfdhw@un.iy', 'Vgrxuqf,Hbdd 175', '+20627034238', 'www.qmiccitixpt.ux');
INSERT INTO public.producer VALUES (437, 'Epdwgdyesr', 'ydi@re.nd', 'Eoewiadv,Sjswtxd 186', '+4015111717172877', 'www.trrpepaxvcppu.tj');
INSERT INTO public.producer VALUES (438, 'Prwso', 'bxlltgcw@co.wh', 'Xntgyk,Dkvaq 57', '+067434636758248', 'www.stxwdycqmdxv.wd');
INSERT INTO public.producer VALUES (439, 'Hqkkjv', 'gfbcpdu@mx.ykm', 'Rpahedhc,Niushuh 161', '+072460516825037', 'www.glrrq.vs');
INSERT INTO public.producer VALUES (440, 'Kxtq', 'cvwbc@cn.ow', 'Fwcfkxv,Tubgu 135', '+8616843627751', 'www.hrqyjywv.eon');
INSERT INTO public.producer VALUES (441, 'Hcetxpukv', 'nuxox@cl.qy', 'Qdevik,Dsowgso 164', '+667827171332', 'www.vhjycs.djt');
INSERT INTO public.producer VALUES (442, 'Iowjryqni', 'oluaoujvn@wnn.vaw', 'Wmxhbp,Vcka 79', '+774263846033102', 'www.wynwglknf.mk');
INSERT INTO public.producer VALUES (443, 'Cctc', 'tmbo@fk.px', 'Txmeytbd,Jbbx 44', '+4665307742316', 'www.ilhv.udy');
INSERT INTO public.producer VALUES (444, 'Jkcyvpjlgq', 'enb@dhm.nrr', 'Cynikqano,Plbqq 81', '+45254707620332548', 'www.leyoxlcbcxtir.fb');
INSERT INTO public.producer VALUES (445, 'Wseu', 'nkxo@vnp.vhc', 'Arxafdoqmr,Sgjm 188', '+6164038823774', 'www.cht.ae');
INSERT INTO public.producer VALUES (446, 'Pkdgt', 'ypolo@jts.re', 'Xyqqbkvbt,Rcykxjk 57', '+33007785438714364', 'www.pweotjvch.kop');
INSERT INTO public.producer VALUES (447, 'Otkbsdoq', 'vpmvpx@mo.jr', 'Yooobogw,Pxhun 198', '+321680864128', 'www.omitfnkvw.yab');
INSERT INTO public.producer VALUES (448, 'Ulgwxlri', 'rllxqitjl@kbw.dw', 'Ocfeer,Rrom 166', '+623372745215418', 'www.jag.kek');
INSERT INTO public.producer VALUES (449, 'Lsqhv', 'ejqurm@em.nq', 'Oiojxqf,Qcgjcv 42', '+4405753323657', 'www.kircpuccxo.rc');
INSERT INTO public.producer VALUES (450, 'Vpptcxy', 'csnvq@npy.av', 'Gpbxuqine,Nkgcu 62', '+821423307585', 'www.ptd.wi');
INSERT INTO public.producer VALUES (451, 'Ylss', 'lbw@mp.pde', 'Hefdbgdhh,Rlnscit 108', '+534650868500322', 'www.rmrrwftmkepom.ujw');
INSERT INTO public.producer VALUES (452, 'Qdww', 'dylyw@bog.hva', 'Rlfuqtfu,Uqms 181', '+67323301558158', 'www.eegth.xlu');
INSERT INTO public.producer VALUES (453, 'Rbxncejf', 'qfhaugofa@uh.fi', 'Wtyuqrarq,Mdixrhp 144', '+64108807487', 'www.tmvnr.vcv');
INSERT INTO public.producer VALUES (454, 'Bphngsvvtb', 'fkqepdi@sf.hy', 'Riukesm,Aqwa 3', '+87488316528610017', 'www.dopbpinuwem.ehy');
INSERT INTO public.producer VALUES (455, 'Mcmfusr', 'iklxemap@pyt.gc', 'Nlrdgaljp,Ysvpjf 169', '+2850104536512', 'www.rfvasnph.dv');
INSERT INTO public.producer VALUES (456, 'Tbqwj', 'goeabj@ry.nk', 'Mrynqwf,Nanmgvj 40', '+461500261141813', 'www.hkhmhuwakhkv.dic');
INSERT INTO public.producer VALUES (457, 'Mobh', 'uked@uoh.lvt', 'Skbsny,Lyva 149', '+53152141522', 'www.dewk.hef');
INSERT INTO public.producer VALUES (458, 'Omto', 'bwpl@kr.iqr', 'Mbwosasybb,Vpuh 146', '+38048046831165568', 'www.ovvmjvcen.vd');
INSERT INTO public.producer VALUES (459, 'Rmnhgeqmhq', 'pugviiom@yoi.gmc', 'Nskdkti,Saogp 49', '+0107862606426505', 'www.vcr.gb');
INSERT INTO public.producer VALUES (460, 'Qvcipmexpd', 'hicy@svg.kmx', 'Sbvtxmdjb,Neqdr 168', '+424054803617', 'www.asuulapgfubr.ok');
INSERT INTO public.producer VALUES (461, 'Sxgofyoqkg', 'hctpp@yd.qqn', 'Llwdrbo,Yjer 51', '+340702713441', 'www.gelap.sb');
INSERT INTO public.producer VALUES (462, 'Aouddtvyvj', 'bjkp@oe.dw', 'Konqali,Sovsbeb 75', '+575815087077680', 'www.paofcsfibsvws.om');
INSERT INTO public.producer VALUES (463, 'Ruenhxmocc', 'gjv@jyj.gt', 'Xvmvtov,Rhly 194', '+34778841134334447', 'www.ftufckjpn.mar');
INSERT INTO public.producer VALUES (464, 'Axfh', 'kiihvgbw@lt.xc', 'Jhtbfeoxuk,Eqsvxws 180', '+27173571401455', 'www.uydycfujew.kl');
INSERT INTO public.producer VALUES (465, 'Havxb', 'fvykn@rpc.yy', 'Htfuthvks,Njsy 69', '+222537057301', 'www.xechkaufvwd.na');
INSERT INTO public.producer VALUES (466, 'Sbwwxkiw', 'hpcqvmry@ky.lyq', 'Avvsywwfq,Brom 78', '+1782885047750602', 'www.ansptibt.qo');
INSERT INTO public.producer VALUES (467, 'Qmdyrimen', 'iaq@vrp.sdy', 'Bbjnvduo,Oidh 196', '+4740481767055730', 'www.ypfllkpn.do');
INSERT INTO public.producer VALUES (468, 'Ssoi', 'irutcqets@lgq.bjw', 'Iefggqgq,Wmeda 95', '+661514830256684', 'www.clkiqajpaaw.msm');
INSERT INTO public.producer VALUES (469, 'Fwljf', 'omwjnrsd@dp.udi', 'Efyfgumq,Btyxbsq 9', '+23320301340', 'www.piukxtmypk.baq');
INSERT INTO public.producer VALUES (470, 'Pkwr', 'sxvwyan@df.nb', 'Cofchysg,Ydos 6', '+08318681827', 'www.dqkokardqdox.rwn');
INSERT INTO public.producer VALUES (471, 'Pwcunkl', 'ttojbj@sga.exu', 'Pwfdlwq,Xapak 10', '+8706442585844788', 'www.mcxjxffefhufyx.rsd');
INSERT INTO public.producer VALUES (472, 'Euctsaps', 'myjpduph@hjc.bt', 'Nnsjkxffw,Vebjrv 90', '+31882206647860886', 'www.hruixsfpbwihpd.dx');
INSERT INTO public.producer VALUES (473, 'Nxbtvcxybf', 'ggk@on.bhj', 'Uherkkfesa,Htpr 109', '+83054743363341', 'www.pdtsgffcn.yry');
INSERT INTO public.producer VALUES (474, 'Xucc', 'rgujqrfq@jh.nsk', 'Qhvoyhdpqb,Vdcon 188', '+38333368453225', 'www.nut.ohy');
INSERT INTO public.producer VALUES (475, 'Mettljfaxp', 'ujsw@vm.fs', 'Katgqxpg,Lhwqdps 108', '+2730487826381344', 'www.jnm.mi');
INSERT INTO public.producer VALUES (476, 'Ctjvh', 'peq@da.mn', 'Sitloa,Opqajhh 196', '+65446877320024866', 'www.ipfgiogvdfyp.yg');
INSERT INTO public.producer VALUES (477, 'Fsghvlpnt', 'yfqqrwy@mb.wl', 'Gqbjrlkc,Cxpr 74', '+53584127502', 'www.bficucyw.nw');
INSERT INTO public.producer VALUES (478, 'Kmlbnkkbow', 'ofgporc@cbd.ca', 'Pcpivfomia,Opxvk 40', '+74046255356214', 'www.narmg.ry');
INSERT INTO public.producer VALUES (479, 'Xwmvbr', 'yrplfnlr@uej.qu', 'Pqshanaa,Xtdpiw 193', '+5744351566148534', 'www.lqqw.wnb');
INSERT INTO public.producer VALUES (480, 'Fewk', 'qejvowj@vxo.ve', 'Agmhax,Dgev 127', '+33251221416', 'www.ysjlj.ra');
INSERT INTO public.producer VALUES (481, 'Rlmx', 'smfmvvp@jr.eb', 'Uvgvsl,Vfsh 159', '+2615542380041430', 'www.bxdaf.yn');
INSERT INTO public.producer VALUES (482, 'Mhrugpu', 'imoui@gqj.br', 'Vrpvqjr,Houoflk 199', '+5588707867130607', 'www.nqjvol.yw');
INSERT INTO public.producer VALUES (483, 'Foendeacvw', 'axfojamx@lw.qmr', 'Dinolyass,Omjtoxl 142', '+28555118757', 'www.fvrylm.bfi');
INSERT INTO public.producer VALUES (484, 'Yphsmsk', 'laahrmdvm@ohc.wm', 'Bprpnpbkf,Gtuha 31', '+786053071184803', 'www.eatph.iey');
INSERT INTO public.producer VALUES (485, 'Cepykgf', 'afcjjne@cos.pg', 'Rtypnww,Imfjbqh 137', '+051785871230', 'www.reuitvaut.mfc');
INSERT INTO public.producer VALUES (486, 'Spvgh', 'smi@ae.pj', 'Atstjdu,Kbfqb 196', '+827187783503114', 'www.msjqcupghtrs.fe');
INSERT INTO public.producer VALUES (487, 'Pgvm', 'segpnsdy@us.sd', 'Jwlvyq,Edyk 111', '+5528551462168', 'www.nndcgkfro.oxu');
INSERT INTO public.producer VALUES (488, 'Qvoncmc', 'mwrg@vh.gdo', 'Jgfwvxwh,Achef 90', '+212811035677715', 'www.wcrbvfxfmmpnn.ln');
INSERT INTO public.producer VALUES (489, 'Sngvdhhqi', 'ammmvgw@dg.fn', 'Oxwjkcc,Tssbn 14', '+15250827728224', 'www.gyhyxrfwyofiel.lds');
INSERT INTO public.producer VALUES (490, 'Uwdreskc', 'byionaub@gkb.eps', 'Davlikfyps,Leps 174', '+7846641762820', 'www.swwayydi.fkm');
INSERT INTO public.producer VALUES (491, 'Xrfsjvsfsm', 'ixld@xh.adi', 'Klvnebp,Ttovty 62', '+52874520101552825', 'www.dwikhlpplgktk.ft');
INSERT INTO public.producer VALUES (492, 'Bkyp', 'yljebjmi@ex.bcy', 'Winqhhe,Fgykwhn 80', '+16846655261134', 'www.gqrymvr.wyx');
INSERT INTO public.producer VALUES (493, 'Uhrkgycgk', 'csjv@cb.vk', 'Bxfpfy,Koocm 149', '+33574710656', 'www.ahsvxvx.ps');
INSERT INTO public.producer VALUES (494, 'Lare', 'mdbonqtpo@tpc.gc', 'Petwnjom,Igvpr 199', '+05363305126351', 'www.ajyihlthmw.jup');
INSERT INTO public.producer VALUES (495, 'Ixxwvqcsyf', 'yxtob@vt.ka', 'Phlohcjms,Dxwcu 181', '+61002488481', 'www.hckvwiqx.xeo');
INSERT INTO public.producer VALUES (496, 'Loxqdxel', 'htiq@ug.hwi', 'Vtaobx,Pcpu 196', '+65524861381860056', 'www.emkxatfx.tvk');
INSERT INTO public.producer VALUES (497, 'Jcjfgmpb', 'raa@wym.ceq', 'Pivmxyxfei,Onyami 34', '+61376807465024', 'www.kbu.jxq');
INSERT INTO public.producer VALUES (498, 'Oqymntifyb', 'wlcs@cry.ssb', 'Eocdwlfjid,Ntngb 35', '+4717587127260', 'www.hnewwt.ck');
INSERT INTO public.producer VALUES (499, 'Qaqxn', 'otpfqfxi@kt.dc', 'Hheroxjgyb,Ymecis 130', '+01718203832475', 'www.vmnqxulliquqo.se');
INSERT INTO public.producer VALUES (500, 'Hgpptdso', 'gblbx@mh.oy', 'Qmdkbvn,Xlpawev 36', '+6441417107220630', 'www.cwjljinf.ng');
INSERT INTO public.producer VALUES (501, 'Eion', 'ulvgluwjg@tsv.moj', 'Csiimyeccp,Xjwdarw 112', '+330185552245', 'www.ogkaal.gdc');
INSERT INTO public.producer VALUES (502, 'Humenaeojl', 'ottqp@syq.moh', 'Bmhlptofka,Abtdjxg 134', '+1652600734822674', 'www.vdyehugyeavevy.ekc');
INSERT INTO public.producer VALUES (503, 'Xygoypupu', 'hdhg@po.eqy', 'Vprlxstpyu,Qmylj 165', '+835251837346245', 'www.fbpyyaljxa.aqt');
INSERT INTO public.producer VALUES (504, 'Pqgfgdfor', 'itfj@lcp.jfw', 'Tqseykreaa,Nvlhsf 106', '+083613114656784', 'www.gtjso.kgk');
INSERT INTO public.producer VALUES (505, 'Hfbuvayuk', 'xoth@un.wqh', 'Unkxvhrus,Jnkuesm 125', '+8130825375581', 'www.xejbhyoywokebv.bib');
INSERT INTO public.producer VALUES (506, 'Ydnikfu', 'lptj@pb.jhu', 'Vrpxahjxup,Wdgdggd 89', '+238832328360780', 'www.fmfrqlbu.di');
INSERT INTO public.producer VALUES (507, 'Khce', 'ashgkf@sk.qop', 'Wwdukgxtk,Rcxt 63', '+4370225551254', 'www.bbapgvmagf.vq');
INSERT INTO public.producer VALUES (508, 'Optslyqhka', 'etlinuauo@ydl.nm', 'Wbbgkswb,Dynqfq 140', '+61281000185556207', 'www.vlws.hc');
INSERT INTO public.producer VALUES (509, 'Wuuuvshdhm', 'uhyrwiy@hj.ub', 'Grguqruipw,Sqvakv 53', '+1710248482568205', 'www.ngwun.lfx');
INSERT INTO public.producer VALUES (510, 'Cxacjor', 'retn@ak.ng', 'Lubmaothl,Woxsps 107', '+118317552582371', 'www.ahdqfptct.sd');
INSERT INTO public.producer VALUES (511, 'Kuodkqvnq', 'vsaksnff@pk.liw', 'Ydpelarnao,Iwka 113', '+75888308552121', 'www.awapxkjhmhjsrs.kb');
INSERT INTO public.producer VALUES (512, 'Drktijalt', 'mpkrk@neu.cxb', 'Jygftraad,Jaxm 136', '+82706163731153', 'www.cuvitctkkyfcan.fe');
INSERT INTO public.producer VALUES (513, 'Dqkp', 'xlbme@fay.bq', 'Bogbfd,Sqcadvb 59', '+5464520047466316', 'www.ukjdigrdb.bcl');
INSERT INTO public.producer VALUES (514, 'Dtkypkcnmy', 'lyouskwdj@iwo.xd', 'Jmfapndqmj,Jdos 101', '+6812827545248', 'www.vdgbu.vub');
INSERT INTO public.producer VALUES (515, 'Bjmksmhfwt', 'bjmskj@shj.ex', 'Qstrkjqsp,Vefut 65', '+58250077574', 'www.pqlhltiasbsjs.cmo');
INSERT INTO public.producer VALUES (516, 'Ntiyv', 'wqfwg@naq.xfu', 'Yrldkpo,Nktcd 76', '+68046881272', 'www.dfrpfikmegupc.ryq');
INSERT INTO public.producer VALUES (517, 'Vvlmck', 'xfud@un.mdr', 'Djtkpkmt,Uarfks 74', '+5413314535824', 'www.qdsl.qv');
INSERT INTO public.producer VALUES (518, 'Vnejbr', 'pyatbko@fgn.ui', 'Ivpiso,Gtxtkgp 86', '+785030263734664', 'www.hikuu.rr');
INSERT INTO public.producer VALUES (519, 'Gywmlohyxw', 'pql@sg.fe', 'Ugunuyoa,Rdvio 111', '+836474758661', 'www.scnckiigy.has');
INSERT INTO public.producer VALUES (520, 'Lmjpikodo', 'ohfl@er.te', 'Iccdnwnx,Coenv 58', '+04427734253346', 'www.hgqesnubqbsu.uxr');
INSERT INTO public.producer VALUES (521, 'Wncg', 'vark@hqd.ws', 'Twaurkb,Xjwmkx 124', '+612621236711', 'www.awhcvvyol.gx');
INSERT INTO public.producer VALUES (522, 'Qbidaa', 'hts@mi.rh', 'Ioodmcf,Pguxysm 25', '+67665785562582384', 'www.cue.bbe');
INSERT INTO public.producer VALUES (523, 'Fhyskv', 'cjcwpqenk@lp.vu', 'Qvdfydiyrg,Vgxbeh 175', '+560471021587', 'www.hijywyrja.usk');
INSERT INTO public.producer VALUES (524, 'Gcwmfywm', 'hgshwrks@moy.gcl', 'Haqmkdq,Uqjwct 2', '+23055781454406', 'www.ajsumf.ljy');
INSERT INTO public.producer VALUES (525, 'Hdhio', 'hbmr@lpt.ybu', 'Svufvhb,Xowg 51', '+37001607320', 'www.vyg.ema');
INSERT INTO public.producer VALUES (526, 'Xrohffmuf', 'snv@eqr.flb', 'Xvmxaolc,Pcvky 104', '+20748181118', 'www.xccs.ul');
INSERT INTO public.producer VALUES (527, 'Uphhiww', 'cllb@nb.gxi', 'Wacyvbmok,Hmfskqp 44', '+12613215084', 'www.kwbdiloy.yo');
INSERT INTO public.producer VALUES (528, 'Jewwmfy', 'hupdqjbu@ipg.va', 'Qramijm,Khtvjh 87', '+350513271741', 'www.mfn.er');
INSERT INTO public.producer VALUES (529, 'Vskwsp', 'rfn@dch.qg', 'Vawpupgm,Egueg 146', '+18176200720728203', 'www.eqfqy.ggo');
INSERT INTO public.producer VALUES (530, 'Baqnpvkrfc', 'qar@vw.axd', 'Jpgwkvhrtd,Eheyidh 60', '+301628627282', 'www.ouxl.cm');
INSERT INTO public.producer VALUES (531, 'Xjjrkoj', 'ffsfx@to.rpr', 'Tefuowiw,Tspqne 140', '+16731333272377', 'www.cbsgxtpxvu.ne');
INSERT INTO public.producer VALUES (532, 'Xhwsagiov', 'chiq@vra.msm', 'Njjbhqrk,Ttavbvp 15', '+44474365563337', 'www.mhtdrxak.kp');
INSERT INTO public.producer VALUES (533, 'Qnxglrlkv', 'vvi@yw.rbr', 'Ampipyepi,Jduew 113', '+3070218535836', 'www.mvjbhsjnanyrx.mxd');
INSERT INTO public.producer VALUES (534, 'Urkjkbjv', 'tbv@kiy.gb', 'Leifyj,Shchkf 173', '+22784504131353353', 'www.oddwx.qp');
INSERT INTO public.producer VALUES (535, 'Vqggta', 'xrtp@omh.qv', 'Omiaub,Spla 44', '+25468482476646350', 'www.tqv.tw');
INSERT INTO public.producer VALUES (536, 'Omvnaskiwt', 'dhegcvwhq@luy.hm', 'Xhrcid,Hypvgg 161', '+331373670364444', 'www.phahubfknenl.uxe');
INSERT INTO public.producer VALUES (537, 'Xajl', 'yjvgc@au.fh', 'Ifntoxm,Typsa 174', '+77483550640543', 'www.koccbu.tuy');
INSERT INTO public.producer VALUES (538, 'Syjchlattt', 'xxkeoi@dij.rm', 'Pfgcvcxcpj,Odslk 47', '+54811661857648664', 'www.angx.tvi');
INSERT INTO public.producer VALUES (539, 'Cncwayo', 'vwrnypflt@vvv.squ', 'Noybcpjdpg,Ibces 13', '+7486131661505766', 'www.bgjylydxcsdw.fga');
INSERT INTO public.producer VALUES (540, 'Fhpcxdlf', 'rwpony@ri.ek', 'Pxgytt,Vtwj 160', '+64375365233608', 'www.wypi.tau');
INSERT INTO public.producer VALUES (541, 'Kdcxekouc', 'bhaip@qy.mp', 'Ddcysg,Tqcus 98', '+4733553716883516', 'www.ocbsiw.nf');
INSERT INTO public.producer VALUES (542, 'Winpi', 'nghrbxt@eh.rcj', 'Anrgoe,Ugevkpq 180', '+3224256766418714', 'www.xpkqh.hya');
INSERT INTO public.producer VALUES (543, 'Nbhtj', 'wlhtm@kjx.rke', 'Fqydefhb,Nxigper 167', '+773430068327', 'www.tjnvfydl.imn');
INSERT INTO public.producer VALUES (544, 'Xnwfdp', 'wkq@lkd.ulk', 'Iobwgxawf,Gqlknbv 124', '+54814715323624167', 'www.olfbjcydcsak.tt');
INSERT INTO public.producer VALUES (545, 'Jwsw', 'ydnnio@cuv.hn', 'Bmefvky,Dyyq 157', '+8744084552852314', 'www.kawfnhgb.sb');
INSERT INTO public.producer VALUES (546, 'Ghhy', 'rfci@ddt.epj', 'Xcsjeiogy,Xbowwrl 148', '+7862377177688631', 'www.vscyidlyd.jcg');
INSERT INTO public.producer VALUES (547, 'Qmucnkq', 'ici@whr.dw', 'Gudkyb,Ibcxj 174', '+086545142586', 'www.ucaht.ht');
INSERT INTO public.producer VALUES (548, 'Yjmmvkw', 'bfunsi@ers.ud', 'Fuuolixr,Iqhy 53', '+75245553270718', 'www.ltrqkklfhjnb.yyw');
INSERT INTO public.producer VALUES (549, 'Jjalheydrv', 'mkya@bq.ppv', 'Detvbndq,Rvni 118', '+72643166452580343', 'www.wfetnptwqqj.eyx');
INSERT INTO public.producer VALUES (550, 'Ltqgcttx', 'ridxifvb@qn.hfm', 'Nfbcaatj,Bpbssq 22', '+517368612056087', 'www.udjuxuoxrjrdp.low');
INSERT INTO public.producer VALUES (551, 'Fgdsio', 'syfphdbfk@sla.qhl', 'Haosawmug,Idpqyca 49', '+5587745106754605', 'www.akbpmae.hx');
INSERT INTO public.producer VALUES (552, 'Hsvapjhwh', 'hrvdb@xl.mgh', 'Brkgspl,Fjnxxcd 19', '+767086338223010', 'www.vllbcs.qs');
INSERT INTO public.producer VALUES (553, 'Kpaaolyrw', 'yppxgafs@cfq.rr', 'Jupvtaqnbi,Otpjji 2', '+002238161105', 'www.fkeiwgummam.aqs');
INSERT INTO public.producer VALUES (554, 'Spnet', 'fydcqmp@ma.tm', 'Vqaslu,Wdyl 43', '+31712427453704723', 'www.kneyapadperymv.ip');
INSERT INTO public.producer VALUES (555, 'Diueftpbf', 'tbbrka@ioy.kl', 'Kyiminn,Nuksw 109', '+365066626743', 'www.ikpkictcwdrclj.eh');
INSERT INTO public.producer VALUES (556, 'Cqbegshe', 'mljiy@qp.eu', 'Rmmyugur,Jjbxlyu 47', '+178404162477', 'www.nonhvhoyxkwnd.sr');
INSERT INTO public.producer VALUES (557, 'Jwfxfidhk', 'gvmhngcmw@ygs.hcs', 'Isqyqds,Iaoq 196', '+86272881227252', 'www.liqtjqagdf.re');
INSERT INTO public.producer VALUES (558, 'Klpamfh', 'lgyle@fgc.ymd', 'Rnldkhdmv,Yehf 112', '+746686865562', 'www.yssghwa.fl');
INSERT INTO public.producer VALUES (559, 'Jdrofpukx', 'rvgurub@vy.jrx', 'Nigtvf,Mbfx 143', '+38548064546104533', 'www.asjvrbgriumxi.voj');
INSERT INTO public.producer VALUES (560, 'Dqsg', 'tuldvr@gq.li', 'Tdusccer,Uplnssy 137', '+00153582580546384', 'www.marvkvybrkg.ddh');
INSERT INTO public.producer VALUES (561, 'Kslvbewv', 'beegkviml@rr.el', 'Rcsypjfovx,Beigwne 161', '+4824036802560500', 'www.pmja.jg');
INSERT INTO public.producer VALUES (562, 'Hsmnvuwx', 'xunln@rtb.ahv', 'Qlkomps,Blphsdr 183', '+315751182565', 'www.vesxdojd.yj');
INSERT INTO public.producer VALUES (563, 'Cbns', 'dsbqqp@hu.toc', 'Kxdascjq,Cjpgpym 174', '+32830306544181', 'www.jicic.vq');
INSERT INTO public.producer VALUES (564, 'Gyeb', 'hijp@ycb.lsg', 'Qbpchvp,Krknfa 126', '+1461154236887350', 'www.kmjrkdiox.vqb');
INSERT INTO public.producer VALUES (565, 'Xcrnxrk', 'btywchpkt@an.pdy', 'Oybdcmae,Ibegtwn 82', '+48427318248533570', 'www.rmimjbfgitmie.xf');
INSERT INTO public.producer VALUES (566, 'Vrgyvb', 'agfv@smy.wg', 'Nfyosuijih,Umfvjjd 190', '+74317785813264667', 'www.uitkyln.xpf');
INSERT INTO public.producer VALUES (567, 'Sobk', 'cofk@sp.ohv', 'Jvxtij,Wrmqc 43', '+177652016473461', 'www.jsqrlwvcxwxpl.ieo');
INSERT INTO public.producer VALUES (568, 'Tlgf', 'xmvtbn@ico.ch', 'Najwtvebbl,Ivnob 72', '+57253551702', 'www.qeqwlrkosqf.ts');
INSERT INTO public.producer VALUES (569, 'Gnam', 'yoqe@ol.yka', 'Jlbgvqq,Dedgk 117', '+3421372223868870', 'www.oclaspit.lr');
INSERT INTO public.producer VALUES (570, 'Nfsou', 'ocy@grd.kt', 'Qnsvujpig,Kdkhhtf 125', '+0835115287211', 'www.avwhjiykvgj.qia');
INSERT INTO public.producer VALUES (571, 'Fvpvgivtp', 'wexaedaiu@pm.xf', 'Uidctfp,Jmmj 69', '+513373134833', 'www.imxhgu.oys');
INSERT INTO public.producer VALUES (572, 'Nxhrbe', 'xiv@uf.ae', 'Rpmjvqld,Fncd 150', '+4478468436538', 'www.mtosqyi.xx');
INSERT INTO public.producer VALUES (573, 'Ysasvqa', 'cugdcg@ueq.yu', 'Arfxgv,Qehskt 192', '+52001678247403232', 'www.srk.mjc');
INSERT INTO public.producer VALUES (574, 'Saubxhpbrt', 'rxwbnhgm@ktj.crn', 'Gbevdccanv,Omtkok 199', '+87556074858400', 'www.wwutkaukhrcphe.icj');
INSERT INTO public.producer VALUES (575, 'Ifmn', 'ckjwidtny@ua.eks', 'Ftlqqdk,Luveujg 82', '+37005522583208051', 'www.wcorkvtpihk.rxh');
INSERT INTO public.producer VALUES (576, 'Eaiucplusg', 'vsalf@ugg.ik', 'Mnaflqxpfl,Qipxls 194', '+87424160331134016', 'www.gtbmuakdbjctjl.weq');
INSERT INTO public.producer VALUES (577, 'Jkapkt', 'vxunayis@fwe.sog', 'Feydehccyd,Dotntj 21', '+553048016442', 'www.ucqj.it');
INSERT INTO public.producer VALUES (578, 'Qeejywryyh', 'wuklmvuod@cri.rxx', 'Nlikiek,Lkbqdt 53', '+4547250273444', 'www.uisdccbeaxgisv.hf');
INSERT INTO public.producer VALUES (579, 'Lihopn', 'suqc@ouo.pl', 'Ufgcvm,Jrujcbe 35', '+534436076805757', 'www.lcrlowvxld.to');
INSERT INTO public.producer VALUES (580, 'Ruahugmy', 'qhas@df.ebt', 'Qhpgusleo,Bahv 25', '+240676704743063', 'www.mwgnorj.fk');
INSERT INTO public.producer VALUES (581, 'Qyrb', 'okjner@dqu.ix', 'Gsqheuq,Rhlm 17', '+0435103404462', 'www.vtpaplgjjysh.rr');
INSERT INTO public.producer VALUES (582, 'Kuntau', 'vowdrv@ft.pq', 'Xjpxyy,Oxur 180', '+526124735273', 'www.fxelivdfnabx.db');
INSERT INTO public.producer VALUES (583, 'Yvba', 'vaoqact@le.sae', 'Aarqstcr,Quiebmr 110', '+118664435832781', 'www.fwbkaaxiltj.da');
INSERT INTO public.producer VALUES (584, 'Crcjegco', 'kmuslqkb@fo.acs', 'Xrnkpscs,Hahs 129', '+38755887067', 'www.eoqbnesawncieh.vt');
INSERT INTO public.producer VALUES (585, 'Wylwnhdaac', 'qhra@taf.uq', 'Osdgeecilw,Krqvefo 8', '+86625375371673866', 'www.ijryvcdbndwkqi.qv');
INSERT INTO public.producer VALUES (586, 'Imtff', 'rklb@au.uxi', 'Oqxafeywx,Cebkoo 7', '+11242535742007746', 'www.wcsydybx.pmc');
INSERT INTO public.producer VALUES (587, 'Tqueril', 'eujy@uc.ubj', 'Vbosedgoa,Jfywvcc 198', '+43833387141832668', 'www.okswgyaq.yx');
INSERT INTO public.producer VALUES (588, 'Dffplghf', 'hjvhgf@vyq.qi', 'Vlvbqo,Qhtg 98', '+67422752385283', 'www.ikwlpo.gy');
INSERT INTO public.producer VALUES (589, 'Qppcql', 'xfgfqb@ahd.ei', 'Ctwqnr,Ybrnlg 118', '+10863206824', 'www.iebjo.gig');
INSERT INTO public.producer VALUES (590, 'Htcdhghkdi', 'nkuaaihx@upa.ne', 'Thiupfudl,Xpehhn 52', '+7453227646622461', 'www.esiytxspbjd.vhq');
INSERT INTO public.producer VALUES (591, 'Hsgbcl', 'uebekw@xf.vaa', 'Evrcmmo,Nbgvh 173', '+4148573387720', 'www.flcvakkjxkc.yvh');
INSERT INTO public.producer VALUES (592, 'Rmefkxbv', 'jhxboa@otb.cbk', 'Bkilkhjrw,Vqyic 90', '+146165212522', 'www.viruxdrrwiht.xt');
INSERT INTO public.producer VALUES (593, 'Lpks', 'wdcblcck@ew.vbw', 'Whdnymjre,Hrmvy 107', '+460720571070', 'www.ppibjjp.rjk');
INSERT INTO public.producer VALUES (594, 'Uhplvca', 'hxns@kn.ow', 'Qqbfslirof,Yotr 168', '+88324337203', 'www.lqxfufyotwrym.thg');
INSERT INTO public.producer VALUES (595, 'Gwetxfjwr', 'ptccqrwc@xp.sbw', 'Cvxnnro,Duuvsr 110', '+0357335478304702', 'www.xkvihttrp.dxc');
INSERT INTO public.producer VALUES (596, 'Eayea', 'dcsqot@op.koc', 'Ykksgx,Nafhuq 31', '+54517820873356400', 'www.msieylafqku.nhm');
INSERT INTO public.producer VALUES (597, 'Voje', 'hurxtpnr@jjl.st', 'Msamjm,Omic 72', '+05062303014501370', 'www.npewmhixnpc.ktr');
INSERT INTO public.producer VALUES (598, 'Wjrnplp', 'mwmov@tr.hf', 'Olddbq,Dntqcvc 85', '+51540042132822', 'www.rikvgbqm.alp');
INSERT INTO public.producer VALUES (599, 'Rshtal', 'tumfjbmfm@ja.ko', 'Oncugi,Ttaw 135', '+2650562268470', 'www.vhhwp.ln');
INSERT INTO public.producer VALUES (600, 'Noodrx', 'dqlwas@ynw.yil', 'Ijgvrsmrai,Rnsnf 167', '+124746566510', 'www.dfjmkjojubosf.sqh');
INSERT INTO public.producer VALUES (601, 'Ouvdi', 'wifscky@kji.gm', 'Yugrjyevvy,Hnbl 60', '+15120271510', 'www.kpfesnfliovgpm.ey');
INSERT INTO public.producer VALUES (602, 'Rvwgvitcvh', 'cbclyui@shw.crv', 'Balairubv,Afwnctf 122', '+02401410021368', 'www.hldqwilf.omq');
INSERT INTO public.producer VALUES (603, 'Ypjqxnnf', 'xxdepa@jvs.dmb', 'Rufqirupay,Ovsyk 82', '+02836512252233364', 'www.lseys.xa');
INSERT INTO public.producer VALUES (604, 'Ownsueg', 'dlh@fp.ci', 'Nxyomve,Vwdfum 163', '+502241665301626', 'www.xhfovyvrmnig.moy');
INSERT INTO public.producer VALUES (605, 'Kktxvie', 'rxrl@sg.yu', 'Jxxwvngb,Fwxblfp 83', '+8250813401686544', 'www.asxyl.ygj');
INSERT INTO public.producer VALUES (606, 'Bhqurrjdvr', 'eqeyw@uhn.qo', 'Jicyjrsg,Svsxga 167', '+435881827428', 'www.ogsumsyw.qck');
INSERT INTO public.producer VALUES (607, 'Kaekfva', 'vrysxhpof@fld.nc', 'Soperwa,Lanl 4', '+4768330185730150', 'www.wupgqeh.fk');
INSERT INTO public.producer VALUES (608, 'Nbxe', 'uyv@sn.tll', 'Vrybchad,Yhkluqa 85', '+42386804663045', 'www.iku.aq');
INSERT INTO public.producer VALUES (609, 'Pdkggnqoh', 'vtfcfa@tmk.fmv', 'Uxvhkpq,Npda 61', '+1245343511478123', 'www.qicixhkpsf.ket');
INSERT INTO public.producer VALUES (610, 'Enfs', 'xhbrwexo@kju.ep', 'Vsxxktp,Gbnli 142', '+10852663133471', 'www.yntdrayntn.imr');
INSERT INTO public.producer VALUES (611, 'Otgetcc', 'ifaypfpp@re.oh', 'Tjgoyhcsh,Mqhgg 56', '+63804641030313420', 'www.gxm.vf');
INSERT INTO public.producer VALUES (612, 'Csykycj', 'yivodnow@tje.hl', 'Owqmpa,Jcrdt 91', '+800018764138725', 'www.utmgay.dsw');
INSERT INTO public.producer VALUES (613, 'Pnvfyqln', 'nxn@cdc.ofk', 'Yfrtxcvcf,Fysnw 104', '+4663641823011', 'www.gfy.amp');
INSERT INTO public.producer VALUES (614, 'Rxbquyc', 'rncv@xf.yc', 'Vinvsk,Duuow 42', '+818662281700361', 'www.flgdlbkgqv.tmy');
INSERT INTO public.producer VALUES (615, 'Hdor', 'uhxskqxh@ew.uwk', 'Hychfmk,Aondk 110', '+068622815701351', 'www.vksewjcdsufo.yvm');
INSERT INTO public.producer VALUES (616, 'Eysf', 'dcr@xgc.xbh', 'Widkcw,Opbkj 53', '+13164828565507772', 'www.tvdu.es');
INSERT INTO public.producer VALUES (617, 'Awgltwle', 'uisqh@xem.mu', 'Luiche,Skcvp 98', '+13417686254256770', 'www.vxpruxmjhg.wq');
INSERT INTO public.producer VALUES (618, 'Hlipteb', 'qcwxsbnb@jw.dmv', 'Ddasybo,Smsjva 6', '+17812513617737', 'www.ikxiy.up');
INSERT INTO public.producer VALUES (619, 'Evfs', 'ffwtoqus@qo.es', 'Stfbthra,Damr 154', '+8460401345600567', 'www.svyoefwjmqyf.vo');
INSERT INTO public.producer VALUES (620, 'Uxom', 'ampxqsbxs@jx.ccn', 'Xvduau,Ophbdo 160', '+445735641864', 'www.iiensbnou.gmp');
INSERT INTO public.producer VALUES (621, 'Wfnhjw', 'utwjn@oy.ewe', 'Ygullllnf,Fddgk 62', '+344326278618002', 'www.wcdjtriwfrholt.vlf');
INSERT INTO public.producer VALUES (622, 'Yqxroqkpn', 'xcni@ct.fn', 'Apfbsqf,Pncuk 70', '+10574530234625453', 'www.vrucwx.bqg');
INSERT INTO public.producer VALUES (623, 'Nptu', 'vsoavd@tpx.sec', 'Pljnbiasu,Dmmgg 115', '+2674140641326', 'www.asca.bd');
INSERT INTO public.producer VALUES (624, 'Paouujobg', 'jmeryshh@ga.syy', 'Jsgqom,Oweir 164', '+42552867053', 'www.nrekmsh.di');
INSERT INTO public.producer VALUES (625, 'Qauqebj', 'sip@po.iwy', 'Ckigckcbgy,Juyyp 91', '+088183851500', 'www.ifensjh.kn');
INSERT INTO public.producer VALUES (626, 'Eehfhfkoaa', 'cuwvt@ufq.hc', 'Hfwlepivy,Phdpo 5', '+30153051126112', 'www.rbexuypats.yg');
INSERT INTO public.producer VALUES (627, 'Efeem', 'sai@vq.ofm', 'Nncwlehk,Rdhb 139', '+08787658256', 'www.jhvdytncddmkai.man');
INSERT INTO public.producer VALUES (628, 'Bnyrovbvap', 'sdjf@aqs.flc', 'Ecwpkenb,Rici 97', '+83111434177855700', 'www.qmdckkf.qm');
INSERT INTO public.producer VALUES (629, 'Rxpxlpcd', 'otftdjtg@dhs.vie', 'Nqdnaseba,Sbhv 72', '+8755877816240330', 'www.yptrl.vw');
INSERT INTO public.producer VALUES (630, 'Kcqkg', 'xortel@tst.bv', 'Dinncd,Ewbsfd 72', '+38560656073', 'www.wdvni.pq');
INSERT INTO public.producer VALUES (631, 'Idsxi', 'jrcnj@ire.hnh', 'Jtevrftvbn,Mchtla 109', '+225740572877', 'www.htkcwtncc.ufq');
INSERT INTO public.producer VALUES (632, 'Anfdwa', 'rnvnmhi@mwt.yy', 'Nrgymlqgp,Xcertd 32', '+265784862501665', 'www.fob.oel');
INSERT INTO public.producer VALUES (633, 'Wdkj', 'dogyfnneq@cfi.kh', 'Grudntbh,Vrkjsre 106', '+56217683521', 'www.bbah.pww');
INSERT INTO public.producer VALUES (634, 'Rgeebq', 'aomxy@du.ee', 'Madqconnt,Avbf 61', '+44347745431', 'www.lisladqkehud.nsl');
INSERT INTO public.producer VALUES (635, 'Cbfpdk', 'ssotxux@xls.ov', 'Gcmkuwimw,Urytf 147', '+53355872841667', 'www.gkotc.dm');
INSERT INTO public.producer VALUES (636, 'Prdxcmhx', 'yapyda@fyq.vjb', 'Ejximpcr,Qhng 144', '+768878043051', 'www.kjoqskjotlmq.yi');
INSERT INTO public.producer VALUES (637, 'Ylopsfcs', 'nosesi@isf.isx', 'Soirpfhjeb,Ljrk 116', '+204535886341616', 'www.ots.rpt');
INSERT INTO public.producer VALUES (638, 'Dilkh', 'nau@ub.tyx', 'Ayxtnxnku,Uhbu 105', '+75168836648282', 'www.hdwrjreb.afo');
INSERT INTO public.producer VALUES (639, 'Sgshtc', 'gksnkxt@haj.vah', 'Mchjohad,Ocyyd 165', '+52223187875383', 'www.ahueficdinfcp.vdh');
INSERT INTO public.producer VALUES (640, 'Buoruuatjl', 'dhwhmupy@ad.no', 'Wbjxfmbj,Kdfjpwe 2', '+4666624502634076', 'www.ghvbxcbddx.rja');
INSERT INTO public.producer VALUES (641, 'Trokqirrtw', 'avd@aj.obc', 'Ugfwcdqqp,Hwaws 109', '+55137830168476574', 'www.eqg.tsl');
INSERT INTO public.producer VALUES (642, 'Ysqqdxeb', 'wbermuqdm@frd.rii', 'Nehgkmdj,Xpgmwlk 194', '+10050156172', 'www.qdufi.ku');
INSERT INTO public.producer VALUES (643, 'Hiedeoot', 'xdolmq@fh.kng', 'Ldiqcmnj,Ilqnb 106', '+04060072771204220', 'www.qbgvxvvgpkvddd.tv');
INSERT INTO public.producer VALUES (644, 'Ocxev', 'dxyltdkgq@uxv.yc', 'Vwqnnnyh,Vohq 92', '+668366744751', 'www.puspccb.uf');
INSERT INTO public.producer VALUES (645, 'Iuyoi', 'woj@ml.jdf', 'Rvlpmikfxo,Gsww 68', '+58225228313', 'www.bsxfvo.bpk');
INSERT INTO public.producer VALUES (646, 'Tcirnoggwy', 'vqhfptdj@ab.st', 'Xobaxo,Uaubq 53', '+66712348710461753', 'www.iglsnjpp.xuo');
INSERT INTO public.producer VALUES (647, 'Yytiq', 'rhyiekb@ek.hh', 'Wbxyed,Wrcgc 35', '+65825672158101', 'www.naeorm.pm');
INSERT INTO public.producer VALUES (648, 'Ldko', 'eejpl@sxl.kx', 'Mfhqreltvw,Eksvf 11', '+8338704657627552', 'www.ionxnrqsvptjk.xk');
INSERT INTO public.producer VALUES (649, 'Jdlvvg', 'xmedpq@hkp.ddx', 'Cifqpxgm,Tdfcvb 47', '+352720861176', 'www.volufuvtg.gj');
INSERT INTO public.producer VALUES (650, 'Atheniaog', 'jjefij@ysy.snl', 'Rkvwpilch,Poxaxth 172', '+4113714003114', 'www.gohypsd.lr');
INSERT INTO public.producer VALUES (651, 'Bpbmk', 'wrpxmfkq@ear.si', 'Nqyeft,Adqld 118', '+5656164340431', 'www.wfkhhcdpk.hvt');
INSERT INTO public.producer VALUES (652, 'Qrciexuxtk', 'mbon@sad.ukn', 'Ufcyfwvho,Qgqpbq 49', '+161123674003', 'www.bfcxbaeytv.tn');
INSERT INTO public.producer VALUES (653, 'Vosygiu', 'yqp@mhe.gw', 'Kutjavle,Kyfuqoc 101', '+31146456746365', 'www.vohesg.hh');
INSERT INTO public.producer VALUES (654, 'Luhspsxjo', 'urifpiyw@ga.amv', 'Osvhmeknmw,Kpenkcg 186', '+048877127110584', 'www.ugikdq.ymy');
INSERT INTO public.producer VALUES (655, 'Qpmwb', 'mukiwii@fk.lkl', 'Akmyvam,Odqhe 165', '+88727724251002108', 'www.xrbgdhcoyhrba.prs');
INSERT INTO public.producer VALUES (656, 'Uriww', 'hns@tvy.hq', 'Tdxcawi,Iseebih 186', '+88118725180044', 'www.cgggpkjfxnbwvb.ucy');
INSERT INTO public.producer VALUES (657, 'Raejiw', 'skuclhh@gk.fo', 'Xqiwqj,Ubjfl 113', '+13488008647680', 'www.qfi.nrd');
INSERT INTO public.producer VALUES (658, 'Vxxybe', 'stcajjjd@roh.hdt', 'Dlgylapjfi,Vqfn 65', '+0512422080078', 'www.mnbpnlk.hq');
INSERT INTO public.producer VALUES (659, 'Qqfb', 'bic@gjh.wt', 'Txrbpk,Lqst 78', '+08020034605', 'www.eymroxschmmkqt.jyd');
INSERT INTO public.producer VALUES (660, 'Wkbarv', 'flbxurdyg@fqh.ho', 'Dotjowjndx,Cijh 81', '+17327428716', 'www.hdqgnircbjgc.xcs');
INSERT INTO public.producer VALUES (661, 'Mlchgatkw', 'nivmkni@xq.xgm', 'Vclriw,Pjoxo 106', '+072883684404328', 'www.ygpuv.ima');
INSERT INTO public.producer VALUES (662, 'Kjdoyurxqe', 'uhhw@udl.nas', 'Lgjcssm,Dvmufbt 135', '+56818868582508', 'www.uoayrxc.jb');
INSERT INTO public.producer VALUES (663, 'Hhwouavh', 'neuuhq@db.xfe', 'Fbiycqv,Xkaeugc 132', '+8862328341706', 'www.ahyqfjqpyjrbvx.rd');
INSERT INTO public.producer VALUES (664, 'Ikwmymex', 'olglmedg@fca.fi', 'Tphvorfbgj,Phcwne 12', '+166672817335', 'www.mywymwtmy.ddu');
INSERT INTO public.producer VALUES (665, 'Vvwvag', 'istjeuqqi@pu.lee', 'Mtafynms,Ttfdwp 41', '+68746373512056350', 'www.ddgejqqau.bxy');
INSERT INTO public.producer VALUES (666, 'Drfc', 'uofqbtmk@irc.kut', 'Ikgoscccrh,Xgqt 159', '+517107061727', 'www.bvaykqrosppa.bes');
INSERT INTO public.producer VALUES (667, 'Esqswknhh', 'hmcttrpl@jmo.hy', 'Adhrdpgu,Foym 190', '+805216236185320', 'www.rsamv.rx');
INSERT INTO public.producer VALUES (668, 'Rupnsiup', 'plbonm@fhp.cm', 'Lkaxadmewf,Nnkbpj 117', '+480312183883401', 'www.ghjqgcqybefcd.ffp');
INSERT INTO public.producer VALUES (669, 'Eaxdajiek', 'vndbfsnox@ddl.jvr', 'Bmbktcxj,Jxwkhsi 129', '+8174740010442605', 'www.degxjqbckbc.ofk');
INSERT INTO public.producer VALUES (670, 'Hnuiemv', 'pcjn@mtu.fmx', 'Jsddvo,Vpeqrtd 166', '+07307634010824', 'www.xigoiytich.dx');
INSERT INTO public.producer VALUES (671, 'Ypdg', 'lynvlvs@ov.wy', 'Yhetrug,Mnrkquu 13', '+15488424605', 'www.bjstnvqjmilu.pvq');
INSERT INTO public.producer VALUES (672, 'Hjgvapxda', 'sjpsyvrlm@bn.rud', 'Ydssbgwh,Xyeuv 142', '+6831080228655', 'www.lgty.mxg');
INSERT INTO public.producer VALUES (673, 'Embpy', 'rgruycflm@wrd.jvi', 'Xwleprvhxg,Ulvqxva 172', '+212074010213571', 'www.carjspnj.pny');
INSERT INTO public.producer VALUES (674, 'Bqsjxndbfx', 'ukvudhw@if.jcn', 'Uasawhxmwi,Vewun 98', '+05050480351411272', 'www.hltwaon.it');
INSERT INTO public.producer VALUES (675, 'Hlusx', 'dvxqvsien@koa.cpo', 'Spbxircf,Xjoypwf 186', '+0114101177434', 'www.hvenkxj.oul');
INSERT INTO public.producer VALUES (676, 'Ilisio', 'gac@bl.he', 'Ajrule,Ngpvo 32', '+0688157147233765', 'www.dggst.vea');
INSERT INTO public.producer VALUES (677, 'Wrwenvukox', 'kasjibad@toi.qiv', 'Bnaofnbhdj,Amuwva 122', '+11185034578', 'www.dvskgljjx.gk');
INSERT INTO public.producer VALUES (678, 'Kusji', 'egqacb@dt.xvu', 'Fjnfppea,Xvxgxyp 122', '+631013728145104', 'www.grack.dmc');
INSERT INTO public.producer VALUES (679, 'Sknsdrgj', 'fxs@fxo.sgv', 'Yqhila,Kphxeh 161', '+338425144318282', 'www.wwabhon.jy');
INSERT INTO public.producer VALUES (680, 'Dixxr', 'reujqgc@yg.uq', 'Aaqxiji,Ahmpvd 199', '+4818565403340', 'www.abiuqdigibsaxm.vvi');
INSERT INTO public.producer VALUES (681, 'Rgicjfnmrg', 'xewoi@sfp.kaa', 'Yimedkwccn,Jqnymv 158', '+47061463132', 'www.mekfxgwousghxk.ylx');
INSERT INTO public.producer VALUES (682, 'Ugbjmkxss', 'ygrgtmt@if.kb', 'Abcqslncvt,Uitm 102', '+604734377038', 'www.pcel.eeg');
INSERT INTO public.producer VALUES (683, 'Apqsnh', 'xkkx@oc.yt', 'Pydmryhai,Eiseuf 101', '+201175841007520', 'www.iheuxdaotccq.cki');
INSERT INTO public.producer VALUES (684, 'Nextajc', 'isywurw@bro.crb', 'Umnehimtfu,Ljfot 83', '+35423042823', 'www.giocsbgypkujk.kx');
INSERT INTO public.producer VALUES (685, 'Tocyydea', 'ynrsj@hm.yqd', 'Lduxrl,Tliont 102', '+31706424481888032', 'www.kpfqmci.xv');
INSERT INTO public.producer VALUES (686, 'Cwmq', 'iwbb@tk.fsm', 'Bpwduoa,Ofsqx 42', '+1168688046260058', 'www.ulrlkyjvdnn.lib');
INSERT INTO public.producer VALUES (687, 'Wqldhio', 'qgdwrflt@oqw.mu', 'Yqvykra,Qumicu 192', '+53032886200810', 'www.rrhqis.ree');
INSERT INTO public.producer VALUES (688, 'Nfhxqvn', 'lobv@flt.njk', 'Ktdbtwa,Nily 140', '+08561705543178', 'www.srccelefu.lw');
INSERT INTO public.producer VALUES (689, 'Rhefoh', 'pdietwlos@cya.ril', 'Gxvuhqgfd,Djkqqod 128', '+56876511215717881', 'www.iyualjmwk.fn');
INSERT INTO public.producer VALUES (690, 'Vdfmipcnpr', 'wibnxvec@pf.tu', 'Ikqonkk,Dnnilb 55', '+837077513477807', 'www.omolchod.fyq');
INSERT INTO public.producer VALUES (691, 'Mstrrlceqt', 'ofnrdwi@dv.ml', 'Nbxuwnmkt,Fjpsnvs 22', '+4781016453332746', 'www.uydgjm.kh');
INSERT INTO public.producer VALUES (692, 'Tiimb', 'nigd@cy.sq', 'Bdeilhubt,Isft 160', '+7810712371658066', 'www.pijk.yx');
INSERT INTO public.producer VALUES (693, 'Xhoh', 'lumwcwqqx@vyd.hjg', 'Huuwkgn,Hdhr 151', '+168267763077270', 'www.jvtpfk.rx');
INSERT INTO public.producer VALUES (694, 'Hdxmds', 'dvourbdrh@hj.hh', 'Ktlvdj,Sfco 176', '+3017114124001', 'www.abxkx.vyp');
INSERT INTO public.producer VALUES (695, 'Wtvdcbacv', 'iuo@kgu.tvr', 'Vmyuiwxt,Dolb 165', '+622222608707', 'www.qfgfgspu.qu');
INSERT INTO public.producer VALUES (696, 'Kpciyr', 'wawcl@th.rbe', 'Bkhblyl,Kukbyls 194', '+36048374868252', 'www.eoxpkrphofb.pdb');
INSERT INTO public.producer VALUES (697, 'Dqdkcpd', 'maabprxda@kh.rs', 'Qrqrem,Ccir 97', '+78378317514', 'www.pyuu.wqp');
INSERT INTO public.producer VALUES (698, 'Fsda', 'paui@nf.yfb', 'Yhxefjluhp,Xiuru 170', '+3380438327523022', 'www.anux.olq');
INSERT INTO public.producer VALUES (699, 'Ubwkqx', 'egm@sq.hf', 'Bbuqnapj,Rjhl 179', '+86400273825', 'www.bgsndbjnkxdja.du');
INSERT INTO public.producer VALUES (700, 'Rpqpdkhfvp', 'pxsl@fwj.vxk', 'Whdlblj,Ryyk 124', '+22081461048504430', 'www.pic.jsd');
INSERT INTO public.producer VALUES (701, 'Qwrpghewab', 'yuoycghv@te.qrv', 'Pwfflbiagq,Cmwim 111', '+88757646001', 'www.nduvhjm.fm');
INSERT INTO public.producer VALUES (702, 'Egscdnaxw', 'evii@jsj.bfj', 'Tsddxjmk,Fnvcivm 170', '+14576000380284', 'www.tkbblu.vgd');
INSERT INTO public.producer VALUES (703, 'Snrlrn', 'nfhhaxlw@lt.no', 'Mwgmeke,Uavuwqo 73', '+05661125531327', 'www.oxfvxgvidk.qnp');
INSERT INTO public.producer VALUES (704, 'Qvtsouv', 'htykgsk@ibt.pqe', 'Llsytkpcla,Rcgudth 143', '+45230233128146', 'www.cwmyvjqbg.ehl');
INSERT INTO public.producer VALUES (705, 'Nfbgldkxb', 'pfnjle@kvm.xyp', 'Xfipajgswv,Pryekw 20', '+6802085854380', 'www.gna.es');
INSERT INTO public.producer VALUES (706, 'Lhvh', 'ebtu@rj.tb', 'Mtnndgxeq,Dlihrxt 51', '+533615055452', 'www.rfyptfw.cm');
INSERT INTO public.producer VALUES (707, 'Oxsmwc', 'agqoaysjf@tdo.fa', 'Mqdkxbjrmw,Aljtpg 22', '+4206310821014', 'www.fxqcbbhc.jb');
INSERT INTO public.producer VALUES (708, 'Tqwcqdiyy', 'tyihkyk@ut.gj', 'Udthmwo,Ehsoo 125', '+4345567286763512', 'www.jykkoyrfebo.ilb');
INSERT INTO public.producer VALUES (709, 'Siqigdu', 'avjekhvq@gju.qae', 'Rypkba,Oecr 147', '+5655001243661', 'www.krcvc.pm');
INSERT INTO public.producer VALUES (710, 'Jcyur', 'gftejmohx@tvg.xie', 'Dueqavou,Pqrqo 156', '+536716437027678', 'www.yrrytwclqa.gus');
INSERT INTO public.producer VALUES (711, 'Skekuj', 'wwtmpfrrm@jh.jpi', 'Mgqkwxuk,Gwnwvu 23', '+73121156538443724', 'www.kmxqfpccflt.otj');
INSERT INTO public.producer VALUES (712, 'Rsaq', 'wsuogh@aw.rml', 'Kgqmti,Tgmmmb 168', '+86444540028', 'www.fgbostffmesob.aq');
INSERT INTO public.producer VALUES (713, 'Ouitud', 'fhal@xi.rik', 'Wmgfdssj,Tptpr 156', '+4575735285071368', 'www.afwavfwgpkte.cx');
INSERT INTO public.producer VALUES (714, 'Byfmfiy', 'jwwdc@vbe.nqs', 'Qyxfan,Eqtog 63', '+64862618012310012', 'www.wvtjbwswk.vaa');
INSERT INTO public.producer VALUES (715, 'Xeuii', 'ryubxbaf@yb.coh', 'Isjntmyop,Sjqyd 140', '+561455826248050', 'www.mgglg.pvk');
INSERT INTO public.producer VALUES (716, 'Ihcoghpy', 'rsf@pjd.wi', 'Sgjquc,Rxgp 180', '+1761073475312278', 'www.balncc.iml');
INSERT INTO public.producer VALUES (717, 'Qcpwkmjx', 'bafnharq@air.xr', 'Avektmk,Wgwvegg 167', '+80701524412', 'www.ukifxykcag.kty');
INSERT INTO public.producer VALUES (718, 'Ovcgidfb', 'bbjjnf@nk.np', 'Msyxea,Dvvsnlh 166', '+53640310700', 'www.hbyewenoh.cw');
INSERT INTO public.producer VALUES (719, 'Dgqo', 'wxuhyt@alx.tyq', 'Ylylfrru,Lcllbx 119', '+558285488241084', 'www.pptssnifn.kwp');
INSERT INTO public.producer VALUES (720, 'Igsk', 'oewv@fk.pcs', 'Xikvnqhx,Gatwvsw 65', '+13677247663778515', 'www.iep.sxu');
INSERT INTO public.producer VALUES (721, 'Dbpytorco', 'mdpglly@qid.ne', 'Fqkrbeo,Pwqmd 137', '+73821425106451427', 'www.obdqsurhfyqxw.lif');
INSERT INTO public.producer VALUES (722, 'Pgmsjqlr', 'mlr@bo.mgp', 'Qduupgqn,Nluevvv 138', '+0863126022034345', 'www.ogkayhnjeh.cv');
INSERT INTO public.producer VALUES (723, 'Gpjrqlewpi', 'icvnjqvij@yba.hms', 'Cqopocfj,Hpec 172', '+662374245138', 'www.empyassapxgyu.sdj');
INSERT INTO public.producer VALUES (724, 'Utuobijn', 'gvq@ero.crx', 'Cmlyoj,Gfcvkv 196', '+11732087432', 'www.qtwupkklggtvub.fpt');
INSERT INTO public.producer VALUES (725, 'Wspeyq', 'ljbn@ob.pa', 'Ujniifmbc,Aonpwy 120', '+12701134452536', 'www.eqfno.iia');
INSERT INTO public.producer VALUES (726, 'Flxvpap', 'umhcnyhe@ey.uj', 'Tbgwfiq,Oebq 192', '+521856063761762', 'www.ajnxeexbaaxogf.yk');
INSERT INTO public.producer VALUES (727, 'Ltyfdccsj', 'uxk@oo.yx', 'Rfwltdsqct,Iqiqy 73', '+7460165484080', 'www.byylpa.jh');
INSERT INTO public.producer VALUES (728, 'Xobo', 'obkol@ped.uo', 'Dskxwptolx,Qvijr 179', '+026072415335617', 'www.mhvqdjyjnd.kh');
INSERT INTO public.producer VALUES (729, 'Rrqvmncny', 'weddutwj@fyl.hn', 'Xawukudre,Krwh 82', '+6623400385157', 'www.srfotttwr.taq');
INSERT INTO public.producer VALUES (730, 'Erwejdh', 'msttvbka@vbo.osu', 'Rjttblpde,Mmngq 90', '+70343157203', 'www.bictqmrckmmnax.ytx');
INSERT INTO public.producer VALUES (731, 'Flahij', 'scweyq@ph.ncf', 'Vnvvagtyc,Dbpxa 87', '+681733582172652', 'www.oiyquctstuwl.rd');
INSERT INTO public.producer VALUES (732, 'Tcwdar', 'ruqhb@pq.wq', 'Uspbcc,Sgsfu 108', '+2065377378386054', 'www.odnovh.lv');
INSERT INTO public.producer VALUES (733, 'Fvftsv', 'hwpkvmy@bgi.ggm', 'Olvbkkth,Bbubwg 19', '+56221244406216424', 'www.oxebfp.td');
INSERT INTO public.producer VALUES (734, 'Lehl', 'hwd@ukl.nqv', 'Jpnirqosrd,Ipns 134', '+853031762714728', 'www.hxkfocdat.ge');
INSERT INTO public.producer VALUES (735, 'Mpvd', 'ttnqhaxs@veq.yf', 'Lbrhkwmcrd,Kqwer 44', '+14635633381818', 'www.krgod.ku');
INSERT INTO public.producer VALUES (736, 'Ssxytth', 'vrxpwhs@sf.kj', 'Rfmnrj,Vrfkjbo 60', '+5472711362474', 'www.nhvfuwbmdtjshu.fsj');
INSERT INTO public.producer VALUES (737, 'Eujmaplqjl', 'ixpe@ugp.pt', 'Dutrtjpt,Anyvoj 143', '+76804655664348868', 'www.lixljydi.hy');
INSERT INTO public.producer VALUES (738, 'Odxl', 'uipxerol@jur.hj', 'Wgesfwhve,Vukyaqk 38', '+47215215200', 'www.wldgluntqxcp.ubv');
INSERT INTO public.producer VALUES (739, 'Cxbjldyela', 'kpwlho@dw.hnu', 'Wbhvjjtgup,Bakks 41', '+36206248843614', 'www.sdfkfjxf.fni');
INSERT INTO public.producer VALUES (740, 'Ljekbpm', 'bnfupqxt@ux.rit', 'Qhtptfu,Ogfefha 52', '+5445325680212', 'www.cxnih.ax');
INSERT INTO public.producer VALUES (741, 'Ouiirgnwgg', 'mlgs@ac.lrp', 'Anubeurmkc,Asxiewg 7', '+20056674856184', 'www.cldim.vdk');
INSERT INTO public.producer VALUES (742, 'Bdcndobg', 'pej@lqj.bkb', 'Gbrnxfv,Cgllort 175', '+4283567388687727', 'www.rifwuhie.kew');
INSERT INTO public.producer VALUES (743, 'Wmlnfqi', 'lbci@gsg.ccy', 'Dlfaihiik,Tvsn 62', '+51576510540310', 'www.rywcvrrnmf.bfd');
INSERT INTO public.producer VALUES (744, 'Anfjcw', 'hgbmmdgvf@cd.ds', 'Vtosrhtp,Brelrjb 99', '+845067362445232', 'www.nnpuyxie.wpn');
INSERT INTO public.producer VALUES (745, 'Lxhws', 'orlx@le.lcn', 'Tnooop,Djqw 199', '+2372251875218247', 'www.rrjrqcipsyvmhb.jk');
INSERT INTO public.producer VALUES (746, 'Ncavxnbdi', 'ltov@bwt.dit', 'Sfmfbunvp,Gxmkklf 99', '+0338104561147', 'www.igoovdrp.ije');
INSERT INTO public.producer VALUES (747, 'Xmuaaqk', 'pnw@am.nk', 'Pfhvtrjd,Torb 36', '+43713842104713', 'www.hhaqnkidahjxje.am');
INSERT INTO public.producer VALUES (748, 'Uswusx', 'rbnnch@ori.bjl', 'Apayrpqm,Utkkxc 73', '+37035305035255053', 'www.slqyecr.nts');
INSERT INTO public.producer VALUES (749, 'Titvb', 'hxkmyoq@deb.yi', 'Okcvacigwe,Pbnrbe 46', '+01810654370', 'www.hqjsyjkno.lnb');
INSERT INTO public.producer VALUES (750, 'Pjhij', 'biqijw@by.kw', 'Ndtrrgju,Lsrdqi 22', '+66021362761418', 'www.kcpavbqf.ckr');
INSERT INTO public.producer VALUES (751, 'Aotloeuc', 'xjhsltxg@pu.hak', 'Qltoumql,Ybhvkc 91', '+130243631724', 'www.yjh.tw');
INSERT INTO public.producer VALUES (752, 'Byjhe', 'ukux@krx.ape', 'Prvgfhmms,Fmpc 31', '+50041337428', 'www.faxxmjchtlyy.ure');
INSERT INTO public.producer VALUES (753, 'Ywwu', 'swltg@qge.ne', 'Qkyatpm,Ufpixu 10', '+83382302356462278', 'www.iutdvuycwc.eel');
INSERT INTO public.producer VALUES (754, 'Eyaukxjwv', 'kxd@whi.uij', 'Tpoamd,Bqcasl 148', '+08635063336508', 'www.ddjjgaidqnxt.fg');
INSERT INTO public.producer VALUES (755, 'Etsmc', 'ryxkmvl@osa.hju', 'Yuuqrsbcxm,Xgoqwj 173', '+3361150251577', 'www.cjgiixfm.nt');
INSERT INTO public.producer VALUES (756, 'Hstllxci', 'sji@jm.ekq', 'Tbgdhh,Pkuoum 52', '+577664623368272', 'www.vfdlvwkgcc.cd');
INSERT INTO public.producer VALUES (757, 'Oifitj', 'tavgvg@sci.lnb', 'Obvlxsctx,Usbp 96', '+22137001037', 'www.nrwlsuai.vv');
INSERT INTO public.producer VALUES (758, 'Hxjjscgfjg', 'vjjynv@xms.cew', 'Ehxphgf,Qarmg 149', '+33834422306427', 'www.eiihfgowajn.sve');
INSERT INTO public.producer VALUES (759, 'Ocnqiqa', 'oqte@sr.hm', 'Lrsxno,Ajsls 26', '+5514553850278', 'www.apgaldhqfcvr.vf');
INSERT INTO public.producer VALUES (760, 'Bfbcyg', 'bhfsjyojc@mvc.foc', 'Naiqqlxaec,Ikjqh 122', '+1700560100040', 'www.wbilens.ng');
INSERT INTO public.producer VALUES (761, 'Scyotv', 'yrmkeras@ac.ae', 'Yocgdngvv,Fivmq 56', '+6332762378433221', 'www.opkvneaw.mdb');
INSERT INTO public.producer VALUES (762, 'Mnfemlymjm', 'xadurwy@svu.ytm', 'Yjgwfdoxj,Rfykr 139', '+68344006332312', 'www.bnqbkxyeuccst.td');
INSERT INTO public.producer VALUES (763, 'Clcdl', 'hos@irk.jsw', 'Celfqsk,Cnin 123', '+32885825377378235', 'www.klbucqvkv.mw');
INSERT INTO public.producer VALUES (764, 'Gnbcmd', 'chncrks@ft.lbd', 'Tqwlxhgecm,Jcapx 103', '+6804822387673', 'www.npv.lg');
INSERT INTO public.producer VALUES (765, 'Osqfcsfww', 'unjxa@wrk.wj', 'Gdffkh,Ybxh 160', '+4558532541164', 'www.vcewdgxdkuie.xty');
INSERT INTO public.producer VALUES (766, 'Gtjqmmcl', 'uheiusn@ae.tis', 'Txtdburcl,Yaxnlg 112', '+7285470423736', 'www.egymj.ds');
INSERT INTO public.producer VALUES (767, 'Hcylrlijp', 'lqewsj@xyr.xy', 'Rmqcdxi,Ywtkgfs 69', '+1778707607173812', 'www.hptlc.wm');
INSERT INTO public.producer VALUES (768, 'Plit', 'hxh@qv.lev', 'Jhnsrn,Isbea 188', '+100084363562828', 'www.rlpigouf.dr');
INSERT INTO public.producer VALUES (769, 'Uxlfykkc', 'mohe@tpw.ojq', 'Wehsfctso,Khjhb 17', '+00761748222388', 'www.ydpagcmdsb.hra');
INSERT INTO public.producer VALUES (770, 'Wmbtgb', 'jjuaja@ggn.au', 'Tsogbn,Akfxyp 39', '+52667162133813288', 'www.aprhrsetasypgb.nqv');
INSERT INTO public.producer VALUES (771, 'Ncetbxxoo', 'vivhueolk@qyh.oua', 'Aevyelde,Kkik 140', '+554131402136', 'www.sbdhvry.ml');
INSERT INTO public.producer VALUES (772, 'Nvevsttkbh', 'bqg@cqv.ey', 'Mydugp,Onbkbao 21', '+538373884317773', 'www.ltjncygoridqap.fte');
INSERT INTO public.producer VALUES (773, 'Ihlpxgevof', 'yxs@eu.ono', 'Dklxlwrmq,Uygnwcw 90', '+501301546756', 'www.ixfaafl.ufm');
INSERT INTO public.producer VALUES (774, 'Ekuwvs', 'uyeiaq@nu.iom', 'Wpqyhvgt,Noowhr 34', '+86034137020', 'www.bjugkecl.mm');
INSERT INTO public.producer VALUES (775, 'Ihao', 'htpsqoth@uk.sjx', 'Kxiduxea,Uknwhl 13', '+0285868306062', 'www.gkxkcwiyxbghn.af');
INSERT INTO public.producer VALUES (776, 'Cavodxioc', 'tnc@kn.kgk', 'Wsuetwqb,Iyvtusc 190', '+23336647751', 'www.huquq.ey');
INSERT INTO public.producer VALUES (777, 'Jlug', 'yrxslkw@bc.ws', 'Ndyucli,Uqwgoew 129', '+60706453676', 'www.kckpmylwgjq.vs');
INSERT INTO public.producer VALUES (778, 'Ymrt', 'yaposxtek@ujd.imd', 'Qgidehyj,Qvbb 169', '+226748383652221', 'www.wvg.gns');
INSERT INTO public.producer VALUES (779, 'Tkxvw', 'uadwk@ht.ejr', 'Fuuhja,Ryrkxx 39', '+76077228654604043', 'www.fciryhltde.cw');
INSERT INTO public.producer VALUES (780, 'Ybycpivmt', 'fxtb@kx.hrr', 'Pehxdmkx,Tndra 61', '+0811143560523', 'www.xjdffxjobjm.bkm');
INSERT INTO public.producer VALUES (781, 'Rglru', 'gyt@gx.byq', 'Ckghsja,Spoxld 26', '+8144881512547483', 'www.hfaid.xf');
INSERT INTO public.producer VALUES (782, 'Bljqcoeou', 'styxo@rp.ak', 'Kjmljqy,Aeoh 58', '+027751061651551', 'www.oiqfmdxbc.ex');
INSERT INTO public.producer VALUES (783, 'Osryqm', 'dca@te.mm', 'Ecxocjpmcy,Exosg 35', '+452020407230625', 'www.orjonqwgltthp.flo');
INSERT INTO public.producer VALUES (784, 'Cvtyalnmm', 'pbqguddbt@da.txg', 'Fgagiapsh,Kwwqqq 23', '+41165251173200', 'www.btcu.vvq');
INSERT INTO public.producer VALUES (785, 'Lydrmixhh', 'tlqhwhdj@hsa.kik', 'Apsledbmex,Hwfpn 199', '+31417686554510130', 'www.axra.wy');
INSERT INTO public.producer VALUES (786, 'Hswnbi', 'buwwdta@phc.cn', 'Ywrypopqtj,Wawvjvm 182', '+421018250216783', 'www.srxcvgmkjs.fx');
INSERT INTO public.producer VALUES (787, 'Tkoavkvo', 'ffrch@hn.pi', 'Kslmtjdkog,Fuedpxl 32', '+00883208511538664', 'www.dlkbpgy.dsi');
INSERT INTO public.producer VALUES (788, 'Jxhsqehk', 'ohn@hs.gp', 'Qshjfag,Qqcmjeq 27', '+5725153832238616', 'www.wshgwnsgf.ohn');
INSERT INTO public.producer VALUES (789, 'Eyvsn', 'buway@nv.rv', 'Umdavm,Ewod 23', '+06701216021', 'www.aotngngwre.eu');
INSERT INTO public.producer VALUES (790, 'Oyvlwywgr', 'ptpbjavo@dv.jtk', 'Ivbifmcave,Uqokeb 115', '+534823442016', 'www.ndjwailh.pjp');
INSERT INTO public.producer VALUES (791, 'Iasw', 'kgeo@oux.aol', 'Pkhdqw,Sxoap 4', '+70066428041505832', 'www.mkkocgxokwtqb.bv');
INSERT INTO public.producer VALUES (792, 'Phbg', 'tgoa@hcl.ibu', 'Cxautbg,Esqs 120', '+255471877602601', 'www.jhhilyqft.cdv');
INSERT INTO public.producer VALUES (793, 'Qortoar', 'gxclv@mu.ny', 'Myashwvbn,Xibbo 95', '+5777337082410584', 'www.ejagvtue.yhf');
INSERT INTO public.producer VALUES (794, 'Ebcbplu', 'rdb@wq.lh', 'Tpcptcn,Ffnvu 139', '+5647573628050481', 'www.abadn.ywi');
INSERT INTO public.producer VALUES (795, 'Xkspiucc', 'fcrnnhlju@ymk.xda', 'Tpqfoqkltd,Yuqnxxi 8', '+074685744833667', 'www.qftpvxgov.mt');
INSERT INTO public.producer VALUES (796, 'Jtirbj', 'riods@uf.rd', 'Ualqwkysxd,Gsmjt 190', '+41323503838177', 'www.vxbxovqvh.pp');
INSERT INTO public.producer VALUES (797, 'Aejcaybem', 'ppaluu@xeg.mp', 'Cvsjadi,Tusyukf 169', '+85824815673', 'www.twphdtqrweg.km');
INSERT INTO public.producer VALUES (798, 'Pwamua', 'yairvq@vu.ygn', 'Scsoevntvg,Ecakm 110', '+867244503256', 'www.evhxetrwkyoha.dyu');
INSERT INTO public.producer VALUES (799, 'Lhuianasw', 'uks@afw.gt', 'Bchtuifga,Piwxthh 44', '+033324075446', 'www.mxoww.sht');
INSERT INTO public.producer VALUES (800, 'Bsybeqhsm', 'edbha@tgw.qs', 'Fnnyxhwrro,Mjlrhf 186', '+85762852638456', 'www.hjjsahcf.om');
INSERT INTO public.producer VALUES (801, 'Aclv', 'nhfsmnq@vkc.se', 'Ihkcnvi,Cfhj 123', '+6363707361821010', 'www.ehrgtn.feq');
INSERT INTO public.producer VALUES (802, 'Krujjq', 'atqufspl@igu.cpy', 'Firtuqfhem,Neqqxbt 182', '+1540010023178471', 'www.hhyuc.ff');
INSERT INTO public.producer VALUES (803, 'Eepgyu', 'rqbou@orv.cbt', 'Mivjrkkfgc,Eilwf 41', '+65444585807751', 'www.jclxf.vy');
INSERT INTO public.producer VALUES (804, 'Rvlqmqlsgt', 'iemycohw@qt.sta', 'Mfobmk,Ccvli 20', '+40165122515', 'www.urommmqbg.pf');
INSERT INTO public.producer VALUES (805, 'Kbmwvxlx', 'jum@ve.oo', 'Wmkyhps,Qwys 157', '+1707507744334', 'www.leybk.smq');
INSERT INTO public.producer VALUES (806, 'Xnsrwrl', 'wcqoi@xg.jh', 'Mjgwbcc,Tnnqt 67', '+635328832515377', 'www.ggiipsxhhkbn.yda');
INSERT INTO public.producer VALUES (807, 'Wlay', 'atnig@cw.dv', 'Dckbgf,Emgeo 25', '+687687143048748', 'www.hshdijqtnyp.itd');
INSERT INTO public.producer VALUES (808, 'Yowdano', 'kdpe@rxh.ou', 'Qhenrhhcaf,Tpynv 153', '+08556311470', 'www.mkhjbamthwdibq.ej');
INSERT INTO public.producer VALUES (809, 'Dvsq', 'hkakhtp@ec.bnl', 'Lyfhpcgjuv,Qguga 69', '+128726438666', 'www.hpycjmqfkiso.am');
INSERT INTO public.producer VALUES (810, 'Wiymskj', 'trqoaim@yk.px', 'Ygicak,Wyei 11', '+3430374236304', 'www.byregxtngfv.yn');
INSERT INTO public.producer VALUES (811, 'Uotshe', 'ikwf@qvb.ss', 'Iklogrvcj,Mcqamv 12', '+5251170588418660', 'www.dvebdgrlhvang.sb');
INSERT INTO public.producer VALUES (812, 'Bdbqpwsnq', 'ddxjsdcm@pk.but', 'Vsquxbukl,Pqae 23', '+875886627547575', 'www.umpxnbcrjbqoy.vsu');
INSERT INTO public.producer VALUES (813, 'Gmfucd', 'kbg@wdu.oy', 'Nveujaag,Ewjwg 22', '+81323775278214', 'www.niyexocuugnd.ha');
INSERT INTO public.producer VALUES (814, 'Mcemprgppw', 'nmxkadgh@go.yi', 'Ulglrr,Iljn 193', '+722546333471', 'www.ppkxjsvi.rya');
INSERT INTO public.producer VALUES (815, 'Lthv', 'fpogy@sho.nbp', 'Nuxpaflodf,Tgyxhw 37', '+217830402070', 'www.lwtqqfiofax.xl');
INSERT INTO public.producer VALUES (965, 'Qxwgi', 'adpvl@gn.amn', 'Ysgaeigpss,Thly 121', '+625077476851', 'www.vnvx.wot');
INSERT INTO public.producer VALUES (816, 'Bjbmk', 'qvwj@yv.lxm', 'Yvupkmdx,Krmoevf 84', '+14725328124', 'www.wgvxnchgitm.bn');
INSERT INTO public.producer VALUES (817, 'Hrhkcbd', 'pgh@nr.hj', 'Ppptkip,Humm 141', '+07840316005053', 'www.fbfmyxi.eel');
INSERT INTO public.producer VALUES (818, 'Pwcspa', 'opi@rtn.gq', 'Wgihnw,Vwvumqw 164', '+72621846168786', 'www.gkquw.hw');
INSERT INTO public.producer VALUES (819, 'Dwdmbspkto', 'tryyrejlw@kso.rn', 'Iqunhxdml,Ptsjn 89', '+03580014480314', 'www.sbaxlconwum.rpp');
INSERT INTO public.producer VALUES (820, 'Qqscdpg', 'trergxovn@aoy.ue', 'Llndkdxkx,Xhalis 7', '+777882417627', 'www.btrnnavwxboc.ouh');
INSERT INTO public.producer VALUES (821, 'Nigqt', 'dtqdqcrmo@gvm.sky', 'Ohbnhx,Ksslvf 12', '+24864653231382714', 'www.uonwmrfkde.rhp');
INSERT INTO public.producer VALUES (822, 'Enkw', 'aypsixro@kwm.mwl', 'Bvixpdodg,Uyoe 8', '+08082101040354', 'www.gfdjxswfx.yi');
INSERT INTO public.producer VALUES (823, 'Secfpf', 'ydnmpoe@duo.ogw', 'Trxrac,Nghca 130', '+176057443668486', 'www.iphyyltmumrc.al');
INSERT INTO public.producer VALUES (824, 'Kekqccln', 'nvkjbabxo@aam.gd', 'Btnqpvdq,Hiyckji 104', '+678615716126', 'www.rrnimeth.kah');
INSERT INTO public.producer VALUES (825, 'Bqdgtkg', 'yhbbndh@it.fc', 'Ctklqc,Rrts 160', '+11854388647846', 'www.vdiqsnqmc.yv');
INSERT INTO public.producer VALUES (826, 'Qdnlfq', 'gejnuxuqg@cee.fkv', 'Oscerns,Nigrd 75', '+580052300706', 'www.kymkjhnnorte.vvd');
INSERT INTO public.producer VALUES (827, 'Jwpew', 'ovknjb@sbt.ye', 'Gcjievvhd,Sdlwh 130', '+70631078255121', 'www.fgtquacmqhe.nda');
INSERT INTO public.producer VALUES (828, 'Mxfqwmkd', 'vmn@rw.yw', 'Elymfga,Bnyvtf 91', '+467777375535846', 'www.syiaovfnmx.af');
INSERT INTO public.producer VALUES (829, 'Evbldrtv', 'kgsnk@grn.jlk', 'Earnlbyyic,Dhov 156', '+35381040014', 'www.idy.ny');
INSERT INTO public.producer VALUES (830, 'Hgrqnfspnq', 'jlw@xdy.rp', 'Tkcsudnj,Sxphg 165', '+702033028771', 'www.xlsnjb.cx');
INSERT INTO public.producer VALUES (831, 'Ajgqu', 'acsh@bb.cxw', 'Skpffii,Kimo 2', '+052388653377571', 'www.vwitnrlp.vrw');
INSERT INTO public.producer VALUES (832, 'Rwyfkydnvl', 'oubgvio@ryi.pj', 'Tcblyy,Cwcim 45', '+16507201248067', 'www.tqxeokhqeklbgs.xu');
INSERT INTO public.producer VALUES (833, 'Detstla', 'nbhbxdlr@on.vdb', 'Nahlyon,Rjjfq 73', '+085505780016', 'www.xhrhxfemg.dw');
INSERT INTO public.producer VALUES (834, 'Fwtfwnycps', 'supxpsik@qfd.umy', 'Ipxpcqe,Lugux 137', '+0763220253485763', 'www.yyutgenmdoxovi.qr');
INSERT INTO public.producer VALUES (835, 'Cshnd', 'leebsogop@om.cgc', 'Ehfudftm,Sddgu 17', '+446658614577703', 'www.ubd.wk');
INSERT INTO public.producer VALUES (836, 'Nmaym', 'ilqrp@ljq.wla', 'Fwubpq,Cftfhq 133', '+16858732752730675', 'www.msnma.th');
INSERT INTO public.producer VALUES (837, 'Xwythxlgj', 'onkagexuj@rkc.hyr', 'Vccaua,Hakebj 79', '+540261275415587', 'www.dmdvfuuyxcca.ebr');
INSERT INTO public.producer VALUES (838, 'Ohvd', 'vsbslo@lrq.fvm', 'Xwwhhwtwgj,Fxuwmgh 65', '+13672583245', 'www.odjvu.fxa');
INSERT INTO public.producer VALUES (839, 'Yobvqsxuv', 'jto@ud.chn', 'Hyimhdffw,Jlxyrlx 22', '+1462801688766470', 'www.laicbwbynu.bsu');
INSERT INTO public.producer VALUES (840, 'Cdnqyug', 'cnrr@xax.eqp', 'Oukkjgq,Rpghc 101', '+014317510165', 'www.smwt.wu');
INSERT INTO public.producer VALUES (841, 'Ybdgl', 'khvcci@qwu.mqg', 'Kvnltpvtd,Akfe 13', '+0261065881045736', 'www.jayyqcqbmvhbcx.eal');
INSERT INTO public.producer VALUES (842, 'Ybyphjsdrj', 'rhkswygyu@hm.drp', 'Titwihgt,Qhmbpg 2', '+327418370074', 'www.xqw.lk');
INSERT INTO public.producer VALUES (843, 'Dkqey', 'stleghlm@thj.gk', 'Cnrvoxxq,Sohodbd 84', '+218707378362', 'www.mqjfagkvp.ajk');
INSERT INTO public.producer VALUES (844, 'Xxncyktv', 'iec@kwf.gn', 'Jqhtqy,Dabtv 81', '+846850003060667', 'www.ltonvufjck.iip');
INSERT INTO public.producer VALUES (845, 'Wyioyeln', 'lifeetjcs@rg.od', 'Lmahjmf,Aiackg 97', '+3482752217655', 'www.ylqahooskdlqk.pkx');
INSERT INTO public.producer VALUES (846, 'Dqxkqbbd', 'qik@fi.sgy', 'Dgcunlssk,Slwej 149', '+70241623154326422', 'www.itmpucxjjag.ls');
INSERT INTO public.producer VALUES (847, 'Oxkhprd', 'hatta@hyw.gi', 'Hldlmxw,Pnkefl 67', '+3434381158337378', 'www.clcp.rno');
INSERT INTO public.producer VALUES (848, 'Blwcwwk', 'jqed@qr.bu', 'Eqdalw,Wwlrnjq 99', '+6168665263284', 'www.lwhg.ff');
INSERT INTO public.producer VALUES (849, 'Wdymvym', 'lfvco@yke.yo', 'Qtbddjlyuu,Fsuqef 114', '+35731230023', 'www.bidnhtpmoyrgh.kgp');
INSERT INTO public.producer VALUES (850, 'Ublhk', 'hpmiio@inn.ac', 'Fuyewvbqb,Gqmcwj 109', '+07187874626043611', 'www.revxsnliwroa.qv');
INSERT INTO public.producer VALUES (851, 'Henidoukkg', 'bpbse@utb.yrw', 'Gtevqit,Rvaeomo 82', '+77011367373', 'www.eyjsvycamuyyql.dv');
INSERT INTO public.producer VALUES (852, 'Wpix', 'qva@jci.wc', 'Bcqmdqot,Fhby 52', '+75374500385', 'www.bfrhiaqtwhsqg.eo');
INSERT INTO public.producer VALUES (853, 'Eegfsmnb', 'htfeyf@lv.xmr', 'Qubnji,Xpqgjhi 152', '+42544724366', 'www.yqdlkddbg.cw');
INSERT INTO public.producer VALUES (854, 'Plcbydks', 'bmtdnglk@vdt.abx', 'Htggjbd,Aaxjbfi 129', '+668312467725', 'www.veitborqdfs.fjf');
INSERT INTO public.producer VALUES (855, 'Qycjruxey', 'pcmje@ciw.kjb', 'Gnhjiqgw,Uuvfqm 40', '+52064830635310810', 'www.vqmglaa.av');
INSERT INTO public.producer VALUES (856, 'Hvudlvxtkd', 'gqev@ksa.ihk', 'Ltpnpbahq,Ksqv 167', '+87323858553013670', 'www.kxpbybms.can');
INSERT INTO public.producer VALUES (857, 'Ydyutlastx', 'kvpefu@axt.gqd', 'Pdbvmtai,Mxtcysb 83', '+1182601366255162', 'www.xypxsmagmrf.dg');
INSERT INTO public.producer VALUES (858, 'Fnbbyoi', 'lxjej@dx.vfm', 'Uspxbu,Hmuhh 125', '+4641142478018702', 'www.bttya.bh');
INSERT INTO public.producer VALUES (859, 'Hbtbxub', 'oght@mx.lwe', 'Kdognutj,Deyato 193', '+627738057141', 'www.qmqk.iby');
INSERT INTO public.producer VALUES (860, 'Txely', 'aiasndapd@nnx.aoc', 'Enfnbvcch,Klee 31', '+4842737758751723', 'www.vpru.ew');
INSERT INTO public.producer VALUES (861, 'Ncaf', 'sshdsar@cg.il', 'Piubgtof,Jbdnde 57', '+5425133774301', 'www.ogpbopeiumvp.alg');
INSERT INTO public.producer VALUES (862, 'Ntrn', 'tsfkcw@ds.iwa', 'Kvveqtdx,Ejcl 43', '+22686714385478627', 'www.afjgbkusrbox.xyo');
INSERT INTO public.producer VALUES (863, 'Ynkgrhh', 'vxjpq@ch.mky', 'Xyajuv,Xjtjqa 48', '+217485012104', 'www.qste.xiy');
INSERT INTO public.producer VALUES (864, 'Dsmbh', 'ttpwp@iar.nyh', 'Abdccboovj,Ajkw 191', '+88413311514', 'www.tglthnwspdwki.jx');
INSERT INTO public.producer VALUES (865, 'Gdpykvds', 'itpwk@kt.ic', 'Vhfnaj,Faqptyk 4', '+06687373510', 'www.jogigrxjvfvvv.av');
INSERT INTO public.producer VALUES (866, 'Opxq', 'mllexoepr@ksv.kqn', 'Sxofapx,Ehyt 10', '+4654072500700517', 'www.tfscmuhkt.bwm');
INSERT INTO public.producer VALUES (867, 'Jvmiuoqu', 'qha@np.uq', 'Otcldyy,Nhchs 19', '+5686053264171', 'www.fdygyypxfhxpu.oo');
INSERT INTO public.producer VALUES (868, 'Gpfkao', 'xhwsr@dpg.gu', 'Egdbskus,Bsingi 93', '+25668086566', 'www.qwbterlinpwmj.xss');
INSERT INTO public.producer VALUES (869, 'Yldblt', 'ynnlrvnc@bmm.ajk', 'Qxnexa,Ixanav 83', '+838607426543356', 'www.ojhqbpoaeudnu.ett');
INSERT INTO public.producer VALUES (870, 'Phaceycbl', 'urtv@xex.hj', 'Bdgmfpdi,Npadt 61', '+22032138867522', 'www.cnbtxg.bn');
INSERT INTO public.producer VALUES (871, 'Ulagi', 'jnnkfnddu@bcg.ybm', 'Rayyybxxu,Xvamte 91', '+46046428748', 'www.otfirvobyrmsx.fqr');
INSERT INTO public.producer VALUES (872, 'Kcsvxrqs', 'ibmdligql@qs.ptx', 'Qlmhgmwu,Iood 116', '+800352838668', 'www.mtpysbdltok.tow');
INSERT INTO public.producer VALUES (873, 'Emku', 'tsghhwb@sdp.mlo', 'Hobgmjy,Dyxgpc 132', '+8733202130236', 'www.bebmfo.tce');
INSERT INTO public.producer VALUES (874, 'Aodjkj', 'lagxe@ni.waj', 'Kokanhfi,Ruowv 134', '+8443634123514', 'www.jdyrutymi.tj');
INSERT INTO public.producer VALUES (875, 'Ryuhkwotr', 'jkk@ftu.yq', 'Pseimhjv,Ewuj 90', '+18838125866580706', 'www.dcjk.eu');
INSERT INTO public.producer VALUES (876, 'Foshdccv', 'hwtswmr@wjd.xi', 'Fwkbdlorb,Cegb 170', '+51288647228', 'www.fls.ql');
INSERT INTO public.producer VALUES (877, 'Lmbbgpdat', 'lyuqtgbka@fx.jss', 'Qxwpuyeg,Yvwwmt 150', '+4374872867788715', 'www.owr.vol');
INSERT INTO public.producer VALUES (878, 'Gnqle', 'ytg@ry.au', 'Dmueeesoi,Btcglm 96', '+5220257205005', 'www.hfr.wj');
INSERT INTO public.producer VALUES (879, 'Ggijsbj', 'bdwghhcpv@os.fhf', 'Odgxlns,Kyqd 64', '+525428540382', 'www.ekvepewjavu.aa');
INSERT INTO public.producer VALUES (880, 'Wnijege', 'orh@ax.iet', 'Rbsguehof,Wnuv 105', '+60584755582213656', 'www.lvwsjnihmixlcp.rcj');
INSERT INTO public.producer VALUES (881, 'Vdlrfuth', 'otxr@yk.mlh', 'Xeewnka,Ykpfdtf 139', '+655140162634508', 'www.foaquwghtwxlyp.bmr');
INSERT INTO public.producer VALUES (882, 'Pmcsyuss', 'gnfxooor@anf.cj', 'Ouwtvv,Epow 170', '+45311453401', 'www.onvsqotfndts.rlq');
INSERT INTO public.producer VALUES (883, 'Elkotflhh', 'plqk@fsx.mh', 'Ffjpbqh,Epys 144', '+433515845563101', 'www.gnaw.pp');
INSERT INTO public.producer VALUES (884, 'Ybti', 'agumvlx@rdh.tm', 'Ttnkdrxvlt,Njdl 25', '+876733301250850', 'www.nterdxmboll.un');
INSERT INTO public.producer VALUES (885, 'Ejvrieoh', 'xsnh@kvl.lcf', 'Lbjcgs,Pinps 157', '+535034720235', 'www.kwrqpxvhniaqw.ij');
INSERT INTO public.producer VALUES (886, 'Ivhp', 'qfn@yvd.dw', 'Daxygoddk,Pfxym 23', '+031837130602', 'www.vcbblncr.oy');
INSERT INTO public.producer VALUES (887, 'Cnhfohmyo', 'voqsuu@kna.ug', 'Qgmwgfjfw,Xievl 62', '+580148181604400', 'www.ntrtbu.si');
INSERT INTO public.producer VALUES (888, 'Viijvmsd', 'yagwkhcm@xqp.ug', 'Gtonbhfy,Vxukjms 148', '+70734757020', 'www.aiqiqm.fc');
INSERT INTO public.producer VALUES (889, 'Sbrhdhhb', 'wuh@te.vt', 'Aacjhsxpq,Jbdspa 146', '+43541474413327', 'www.xnb.yw');
INSERT INTO public.producer VALUES (890, 'Ifuutvm', 'hxmwds@jru.dq', 'Buucouklsu,Rcetm 62', '+54212071003300', 'www.aevlejmiitx.ghu');
INSERT INTO public.producer VALUES (891, 'Erkw', 'eybomflt@ggg.ejw', 'Tbegnxy,Ghkgnnw 123', '+204251827687665', 'www.fqyqbhumbxqcu.am');
INSERT INTO public.producer VALUES (892, 'Wjbykvkyjt', 'jgexbowwg@hod.shv', 'Tttmmxnjq,Nhtjmn 56', '+68157285325736', 'www.ntnuvhapib.fl');
INSERT INTO public.producer VALUES (893, 'Rhjq', 'jpqexocu@qo.go', 'Hkuurec,Uspn 87', '+76241630448', 'www.gepmannfm.hoa');
INSERT INTO public.producer VALUES (894, 'Upuloxamt', 'butkcix@fwr.sh', 'Sbjxbm,Xeaume 88', '+5205121418387', 'www.qepjqomxa.tno');
INSERT INTO public.producer VALUES (895, 'Ytburnpcxh', 'fkvsfdx@opr.nao', 'Yqowph,Jiaydj 119', '+45584528628462465', 'www.yxcxnytcf.hq');
INSERT INTO public.producer VALUES (896, 'Xpng', 'ugbbimc@ofo.xj', 'Yxyyyx,Bxdsdy 175', '+477553255780', 'www.ekvvoyjcaplpk.mu');
INSERT INTO public.producer VALUES (897, 'Jmayfo', 'xxo@xq.jeo', 'Mocidyod,Gwfqcm 30', '+42352021023', 'www.uavxrwqfwhdj.xt');
INSERT INTO public.producer VALUES (898, 'Ftfhnp', 'bbomygq@ig.vr', 'Lgrbtta,Ufregc 82', '+236382862163', 'www.btakpvxrybxhod.ffn');
INSERT INTO public.producer VALUES (899, 'Ustblf', 'igq@eb.rh', 'Lwhqmvpr,Icbkuri 102', '+6151403300342464', 'www.rrnkagxftg.ri');
INSERT INTO public.producer VALUES (900, 'Hrrtoe', 'enhcbi@xxg.lt', 'Blorbfjcdk,Boavyec 88', '+3705782742157', 'www.aayraqgvj.ri');
INSERT INTO public.producer VALUES (901, 'Qlnn', 'thbhijiu@pb.ci', 'Emiafx,Clen 21', '+35363344114333', 'www.kbvhhl.ovr');
INSERT INTO public.producer VALUES (902, 'Dqndopibyo', 'rbncgmy@kwa.ww', 'Surtkmx,Kskkfgp 114', '+88511581476215', 'www.wbasv.tj');
INSERT INTO public.producer VALUES (903, 'Qawnvj', 'ocfea@dqd.huy', 'Mlaeeimgie,Nktlop 112', '+24160162414', 'www.cbiqlohtrfr.wf');
INSERT INTO public.producer VALUES (904, 'Rfmindj', 'sdat@et.jne', 'Pidisdpiv,Wmrwlqx 153', '+1130804880235531', 'www.hilps.js');
INSERT INTO public.producer VALUES (905, 'Uicc', 'eoilf@wh.tk', 'Csckfdh,Fcch 6', '+1122845367316176', 'www.gdbpbfooscbhhr.ik');
INSERT INTO public.producer VALUES (906, 'Uqaohtpd', 'htk@xg.cn', 'Rmhfgqw,Nvqjy 8', '+870830571256180', 'www.uqp.bc');
INSERT INTO public.producer VALUES (907, 'Hlwx', 'glsr@cv.fe', 'Nitldxomc,Hmgr 131', '+5338521230835586', 'www.bthqghkevg.vpl');
INSERT INTO public.producer VALUES (908, 'Dbemuyf', 'blkwfnv@pe.spq', 'Lyntbxk,Tarnhhp 29', '+444753438506', 'www.isbdblqhfqigjw.hk');
INSERT INTO public.producer VALUES (909, 'Sjlbg', 'ylre@ilf.xe', 'Gorbub,Qybk 134', '+357547825880', 'www.fwl.st');
INSERT INTO public.producer VALUES (910, 'Kabhqef', 'jxkcdfku@qab.mh', 'Mkgtya,Catc 101', '+10143112700', 'www.xopumnvnkqjr.nx');
INSERT INTO public.producer VALUES (911, 'Mxojem', 'qkda@uh.ot', 'Jdjdyn,Carexdd 195', '+72650142448', 'www.snhigtsu.es');
INSERT INTO public.producer VALUES (912, 'Qxyy', 'upjh@isb.we', 'Ofxwyk,Vfjvgjv 121', '+2023188126770', 'www.iafjrapoacjg.vi');
INSERT INTO public.producer VALUES (913, 'Yfrgmxmeq', 'bbi@lrp.un', 'Imdsfbg,Lrxthn 126', '+04328526172606', 'www.sduoqvp.oj');
INSERT INTO public.producer VALUES (914, 'Jifsychqg', 'gxmqjvue@upt.spn', 'Ttlqvtsnwi,Hhtt 54', '+60637308510657', 'www.cfaiucwuc.ql');
INSERT INTO public.producer VALUES (915, 'Upnrw', 'whjl@vip.ni', 'Vpvgbqi,Qohdrf 138', '+816215611612688', 'www.agea.nj');
INSERT INTO public.producer VALUES (916, 'Cjitvqvjvt', 'tsnsj@wn.klj', 'Qipsktopog,Iafpl 145', '+3681822673255340', 'www.havglqvk.enk');
INSERT INTO public.producer VALUES (917, 'Evyeoijs', 'qanyw@gip.ek', 'Diqkfr,Qfrkc 6', '+552535027558', 'www.equvlgvjegdd.bv');
INSERT INTO public.producer VALUES (918, 'Awkcxfqmi', 'bbpda@nh.dp', 'Bxrqhenxv,Jutvq 139', '+3167531243755', 'www.eigtrxchoh.cgi');
INSERT INTO public.producer VALUES (919, 'Eawlsd', 'yrhi@ra.mv', 'Prkhtrrxs,Xvfnlaf 12', '+02038508427226', 'www.yims.cuc');
INSERT INTO public.producer VALUES (920, 'Kmvnfoudr', 'dpkxk@dqv.py', 'Ycbnbsxe,Ddvoiv 122', '+8176103858550867', 'www.knnuafp.tk');
INSERT INTO public.producer VALUES (921, 'Jajyed', 'uegxclq@qi.cck', 'Eumyjiq,Rnnwsv 68', '+77085545214366', 'www.wdgjlkaydjsv.viw');
INSERT INTO public.producer VALUES (922, 'Auobft', 'oug@ij.lu', 'Chjmwqemu,Unxmvvp 70', '+37363137441446271', 'www.lsebtmpgesdecr.cyf');
INSERT INTO public.producer VALUES (923, 'Abgrtdbg', 'xbx@isy.px', 'Xeyyck,Tpoevd 186', '+582282382226067', 'www.ryhffmypws.da');
INSERT INTO public.producer VALUES (924, 'Rshydub', 'rqcmcjp@kvo.ioy', 'Mblutmx,Qbde 183', '+15261247174120', 'www.kwrolll.pn');
INSERT INTO public.producer VALUES (925, 'Esudi', 'ihollmq@fj.rrc', 'Jgwxvdu,Exqsyju 125', '+866301144687', 'www.lnu.lu');
INSERT INTO public.producer VALUES (926, 'Wqhtcp', 'cxofhii@gd.cqg', 'Uvgnbf,Sxjf 138', '+80446737004451', 'www.xiqvebyeer.ych');
INSERT INTO public.producer VALUES (927, 'Kmmmdljfdh', 'tep@moe.wb', 'Rmptccxux,Rsmdb 35', '+2018064278470500', 'www.aycwcdmmxtr.wrt');
INSERT INTO public.producer VALUES (928, 'Dsyxsjegv', 'jldgwn@yw.ola', 'Aiwxhg,Lrva 134', '+48521532322808', 'www.aevqvfhjl.nu');
INSERT INTO public.producer VALUES (929, 'Cbqbeuxkp', 'vorna@hl.icn', 'Gkvpgk,Aiwajd 168', '+7033887630235740', 'www.ubxuvrer.xdb');
INSERT INTO public.producer VALUES (930, 'Osqhfare', 'rmiwxrnw@fhs.ok', 'Xnvrgqmad,Veyld 12', '+438553506430', 'www.whoaawr.rlv');
INSERT INTO public.producer VALUES (931, 'Bdhtemu', 'gajfyjpn@gb.nyh', 'Yawdxk,Mmad 77', '+40330042212676', 'www.cycmuyobvhstek.xx');
INSERT INTO public.producer VALUES (932, 'Noeps', 'nmxubrwc@ua.phs', 'Bghoollirv,Wcsq 42', '+45261001567', 'www.mcwvclmfomq.sie');
INSERT INTO public.producer VALUES (933, 'Dxybdy', 'lpo@xw.otg', 'Yrgxvda,Gxjogp 156', '+65771854402505', 'www.ydcnkqmuyuwfvh.yx');
INSERT INTO public.producer VALUES (934, 'Tqrtcxsbg', 'tpkcn@qe.lc', 'Opvqkatxe,Lbaru 32', '+36805017358118435', 'www.cxacw.uky');
INSERT INTO public.producer VALUES (935, 'Riernga', 'dmiapxwvi@tn.wk', 'Awmcnl,Dlhwa 168', '+68301512847450', 'www.lxrswiod.wu');
INSERT INTO public.producer VALUES (936, 'Sonhau', 'ekninyyh@mu.ws', 'Akhdna,Qkpy 108', '+752810715837', 'www.jvhqpcvbmyyfy.qqk');
INSERT INTO public.producer VALUES (937, 'Imvuirnhv', 'wxmeampaq@yfj.rp', 'Mptfyrjcyo,Acmma 64', '+88312735486012', 'www.sihwnhm.oif');
INSERT INTO public.producer VALUES (938, 'Imnrh', 'bvovsx@dfe.gsy', 'Bvxavrtuo,Igcfs 34', '+51542765718853558', 'www.ebtwsqkjdqwp.uyk');
INSERT INTO public.producer VALUES (939, 'Grcvb', 'ntuuafhpo@aqb.vog', 'Xkhrymkbv,Ckbb 53', '+2604705260341868', 'www.inebjc.yht');
INSERT INTO public.producer VALUES (940, 'Gxmtdnnio', 'byo@krr.krf', 'Hpwumnh,Spabg 189', '+22326754502', 'www.gshriujegbuqc.vo');
INSERT INTO public.producer VALUES (941, 'Fobvdxo', 'cyhuko@sy.yrp', 'Dxgpxxlr,Spyally 189', '+67376527860705', 'www.btvvg.jxm');
INSERT INTO public.producer VALUES (942, 'Trqfmqk', 'tdm@yyt.al', 'Hsqlety,Fqxgvbq 118', '+2152278732538', 'www.jpqwm.roi');
INSERT INTO public.producer VALUES (943, 'Yhvwetsq', 'kyjfko@cg.vh', 'Fsourne,Yxmiy 66', '+484024708078', 'www.ugqnbnhup.ib');
INSERT INTO public.producer VALUES (944, 'Bbucff', 'rjrhla@evk.dj', 'Ddepxuk,Cmfa 17', '+21853158745574562', 'www.ycebpxglkvepjb.blb');
INSERT INTO public.producer VALUES (945, 'Gjaybvpg', 'rqxjaxs@li.jk', 'Hckokoj,Hops 91', '+023216577301', 'www.hmbkea.hqy');
INSERT INTO public.producer VALUES (946, 'Ncyydurkqc', 'welmrl@ww.ivr', 'Dylcrkrh,Lwmu 29', '+500435677216', 'www.vdhigvjpu.ng');
INSERT INTO public.producer VALUES (947, 'Sogru', 'vfvegf@pp.rve', 'Ebmalan,Epwt 66', '+7340047726403268', 'www.qlxbmpnpgb.xm');
INSERT INTO public.producer VALUES (948, 'Csqd', 'kjilpkj@nm.if', 'Xwwbcs,Wjrdvsy 60', '+5250134886532740', 'www.iad.vpg');
INSERT INTO public.producer VALUES (949, 'Mkarrxkuqy', 'vcxs@lo.sbk', 'Hrsmxxfgqa,Smpykj 64', '+465768104846', 'www.hijmnarrjb.wmq');
INSERT INTO public.producer VALUES (950, 'Onmwsekci', 'dkogutf@av.mfd', 'Qctkfv,Rpthab 23', '+0528314006281', 'www.olljkustep.ft');
INSERT INTO public.producer VALUES (951, 'Qstngfyw', 'ktd@sn.dx', 'Vrihru,Mtimlg 1', '+5342725216473', 'www.gvgy.oc');
INSERT INTO public.producer VALUES (952, 'Lqxkagt', 'rxfjcm@yef.xys', 'Snlcif,Awdi 123', '+325673732637451', 'www.fksfilcrama.bh');
INSERT INTO public.producer VALUES (953, 'Xfdxvvqm', 'bsdbukke@lny.atj', 'Dsfthqami,Fdldi 70', '+15356811670082240', 'www.pjhikh.ki');
INSERT INTO public.producer VALUES (954, 'Vvdxprpwt', 'fiyeoe@odb.ly', 'Upjgvnsiro,Wrurp 7', '+550517110083855', 'www.vrk.fjc');
INSERT INTO public.producer VALUES (955, 'Rhdruag', 'msnnni@hp.hup', 'Riagqvca,Qchibee 115', '+818547673350017', 'www.ireqsg.vuq');
INSERT INTO public.producer VALUES (956, 'Gronncbeu', 'rtrmu@ue.gx', 'Jlltgnngt,Pmub 47', '+3626315582382', 'www.ukuonhw.sv');
INSERT INTO public.producer VALUES (957, 'Lmhhhio', 'bpgsmjx@if.wh', 'Brwtfvrq,Glww 126', '+220525718282', 'www.talaihwsmap.hm');
INSERT INTO public.producer VALUES (958, 'Jixyripi', 'eydakiog@xc.mvi', 'Cgdtxivuwx,Nnojphf 166', '+78665802568775664', 'www.rxfmjynvygukep.okp');
INSERT INTO public.producer VALUES (959, 'Klmqvg', 'ogu@rnl.wg', 'Ifqknj,Rabemui 24', '+4577158700153404', 'www.erreyr.oj');
INSERT INTO public.producer VALUES (960, 'Otoahysuay', 'dtl@kc.lnx', 'Hbbhughf,Noemt 94', '+82061767427', 'www.ailfgb.pn');
INSERT INTO public.producer VALUES (961, 'Bnjaa', 'mddagqu@rh.sdk', 'Ewxaojlvka,Koohl 4', '+48482043745', 'www.ekuxd.qx');
INSERT INTO public.producer VALUES (962, 'Iwmy', 'kou@bpd.mkl', 'Fxgccdvc,Hvjfqtk 194', '+3640605706455435', 'www.oxnpbgbimboda.ws');
INSERT INTO public.producer VALUES (963, 'Nyxhyltxd', 'fccjq@er.ys', 'Cwcwlpergv,Vxfin 16', '+0357803248154', 'www.cbhnkps.yo');
INSERT INTO public.producer VALUES (964, 'Bkngvriqu', 'svb@pb.ce', 'Uhnvcxectl,Hxbjml 99', '+51806877554', 'www.diederar.tnn');
INSERT INTO public.producer VALUES (966, 'Fffkg', 'vatkgjk@ea.gc', 'Ewsfnakp,Axkfya 177', '+6551160047726', 'www.blmucjgnk.yt');
INSERT INTO public.producer VALUES (967, 'Htkjskiv', 'tvsp@ng.vpk', 'Vmlokyf,Qfwe 103', '+02661060086', 'www.vch.bih');
INSERT INTO public.producer VALUES (968, 'Qplowbboi', 'senjcn@ird.xug', 'Vkehdawrh,Wplrc 68', '+5870428317718800', 'www.blrjqdc.gl');
INSERT INTO public.producer VALUES (969, 'Httyoiwdk', 'yugjitymy@ua.mu', 'Iigrluc,Ylyu 8', '+348343512678251', 'www.rmndvpuchli.jf');
INSERT INTO public.producer VALUES (970, 'Yqfv', 'uhsofxnwc@rd.hjg', 'Whdhmmh,Rtqjjyc 167', '+732841375845677', 'www.exuwmrx.dos');
INSERT INTO public.producer VALUES (971, 'Jbbd', 'amgv@sxf.rr', 'Qymhqmkjw,Qhffva 24', '+100138865085', 'www.rhya.ws');
INSERT INTO public.producer VALUES (972, 'Suwahcaj', 'cphgdycnp@ek.fau', 'Mtlxetuaud,Gnjpfpt 5', '+67155404015888', 'www.ydatjpxr.ygi');
INSERT INTO public.producer VALUES (973, 'Sreykjmiud', 'hhltqbrp@rbo.ah', 'Lcjqjhlecj,Wbhay 147', '+168736533371516', 'www.lvssxpy.mew');
INSERT INTO public.producer VALUES (974, 'Ywscbsl', 'koblutdw@vce.ld', 'Axdins,Kyrj 137', '+26728145458', 'www.pfaildgyo.rg');
INSERT INTO public.producer VALUES (975, 'Wvbhnbdxy', 'ilyh@gw.ic', 'Ofnkyxhml,Qfcpixf 24', '+128028816338481', 'www.idgbt.nbg');
INSERT INTO public.producer VALUES (976, 'Yfxcao', 'owxdwxj@xty.vh', 'Mphpsjsn,Eyxsat 99', '+584626373064736', 'www.wrvbdijiunnbs.qq');
INSERT INTO public.producer VALUES (977, 'Fmrrjbj', 'hbgow@xm.evx', 'Rtvjym,Nalhvah 161', '+10751761205168', 'www.rxnec.bj');
INSERT INTO public.producer VALUES (978, 'Urchnifnu', 'aycfrh@xi.aqj', 'Dxmhmx,Pcaugex 169', '+031146266447', 'www.sbp.mni');
INSERT INTO public.producer VALUES (979, 'Xaofqlwv', 'bgsojqcdj@nhy.kel', 'Lihofsljv,Jbcjs 27', '+808338884688', 'www.cvqrhvq.tu');
INSERT INTO public.producer VALUES (980, 'Qlnqassln', 'lkofxajb@it.vnq', 'Istfln,Atqhlpw 57', '+7485735585713374', 'www.aeusnnocvgypua.yn');
INSERT INTO public.producer VALUES (981, 'Yrxbwjcqex', 'vkdnxvjp@li.ph', 'Wobexgmyay,Dmxecs 36', '+263328321530', 'www.okuva.wv');
INSERT INTO public.producer VALUES (982, 'Cijrfixsu', 'stdvrmnky@vyv.jk', 'Xumwkw,Jlrmel 23', '+33506465408', 'www.yngleve.chp');
INSERT INTO public.producer VALUES (983, 'Ebtyinfi', 'maeyane@jqh.ay', 'Gwpxkm,Mkdjtg 8', '+80378251265602141', 'www.xjvaeoba.qg');
INSERT INTO public.producer VALUES (984, 'Ypvbmdw', 'ixnwltye@ymj.hn', 'Pwhdssd,Pbdrwvx 146', '+17752661316536477', 'www.gjgvjtpmyta.bda');
INSERT INTO public.producer VALUES (985, 'Mmtqni', 'mlgcxvsaq@rs.we', 'Jvsdxqew,Jkjgwc 43', '+7074857562211', 'www.frplewhqv.wv');
INSERT INTO public.producer VALUES (986, 'Qyqppji', 'durl@niu.pxf', 'Jumsjn,Ocqtr 110', '+44623203180', 'www.goirq.in');
INSERT INTO public.producer VALUES (987, 'Ljfwcfxvk', 'fhh@neb.ryp', 'Laaifxun,Mgjf 44', '+55503408667', 'www.phoqy.wy');
INSERT INTO public.producer VALUES (988, 'Kwybxfvahw', 'jbgonymy@lk.aum', 'Fphjfx,Ukxiul 154', '+504001745854', 'www.bwvkanhkifs.hew');
INSERT INTO public.producer VALUES (989, 'Bgeonxhej', 'iqnkmcwk@csj.pkk', 'Xqltmvu,Pvvb 19', '+226444785607838', 'www.djc.bl');
INSERT INTO public.producer VALUES (990, 'Xogwc', 'lygsdte@jhg.tp', 'Ymntdw,Huyvp 186', '+4625326883287211', 'www.hlltklmkx.nwe');
INSERT INTO public.producer VALUES (991, 'Munedy', 'tfkdtuwvh@qb.bc', 'Dlxdcs,Tcyb 71', '+8024600205043', 'www.uyd.uw');
INSERT INTO public.producer VALUES (992, 'Qsgyvgq', 'nelqahw@tmv.jc', 'Oufjebdg,Yqmy 118', '+788607481756', 'www.aycj.hjf');
INSERT INTO public.producer VALUES (993, 'Ahfuwptbe', 'jivbo@pfh.ob', 'Nucqwhyip,Xqbjtyj 3', '+11842883842035502', 'www.hcjwgdwpxg.lhe');
INSERT INTO public.producer VALUES (994, 'Bufhon', 'pppuqwjo@hj.qcb', 'Cdhmcei,Pfwhc 20', '+622774260353700', 'www.qnkgcgfrfeu.fv');
INSERT INTO public.producer VALUES (995, 'Fwaeyvvg', 'kpadokjjc@xpu.pny', 'Xhlwri,Hmqin 23', '+8820831765883', 'www.vmylwm.skk');
INSERT INTO public.producer VALUES (996, 'Ymphwuuwag', 'gvwv@cms.baf', 'Oniekqlnje,Ibjcjy 14', '+505152764733838', 'www.roag.pxi');
INSERT INTO public.producer VALUES (997, 'Koivtgtm', 'dqwo@iq.qi', 'Tnxouhli,Vvongud 44', '+65248135610', 'www.dcucavwvcgfk.dxw');
INSERT INTO public.producer VALUES (998, 'Tyniiqna', 'wod@xv.vwo', 'Imyjptl,Lpdwdur 20', '+22436038125222550', 'www.vccybmcchdk.on');
INSERT INTO public.producer VALUES (999, 'Uoqc', 'rhoyy@wvl.db', 'Usnikrjfef,Kgecgtf 136', '+2724555533653', 'www.aytdxd.auf');
INSERT INTO public.producer VALUES (1000, 'Whgk', 'dlp@qsk.jxl', 'Ltcchh,Hjbqf 34', '+28871251452256', 'www.ewpcyvidnjr.xet');


--
-- Data for Name: producer_product; Type: TABLE DATA; Schema: public; Owner: postgres
--

INSERT INTO public.producer_product VALUES (404, 260);
INSERT INTO public.producer_product VALUES (519, 953);
INSERT INTO public.producer_product VALUES (325, 253);
INSERT INTO public.producer_product VALUES (548, 678);
INSERT INTO public.producer_product VALUES (699, 436);
INSERT INTO public.producer_product VALUES (790, 409);
INSERT INTO public.producer_product VALUES (861, 546);
INSERT INTO public.producer_product VALUES (479, 340);
INSERT INTO public.producer_product VALUES (8, 837);
INSERT INTO public.producer_product VALUES (43, 451);
INSERT INTO public.producer_product VALUES (538, 262);
INSERT INTO public.producer_product VALUES (434, 894);
INSERT INTO public.producer_product VALUES (353, 786);
INSERT INTO public.producer_product VALUES (424, 742);
INSERT INTO public.producer_product VALUES (55, 403);
INSERT INTO public.producer_product VALUES (815, 166);
INSERT INTO public.producer_product VALUES (343, 298);
INSERT INTO public.producer_product VALUES (376, 964);
INSERT INTO public.producer_product VALUES (285, 957);
INSERT INTO public.producer_product VALUES (258, 376);
INSERT INTO public.producer_product VALUES (774, 632);
INSERT INTO public.producer_product VALUES (105, 161);
INSERT INTO public.producer_product VALUES (433, 855);
INSERT INTO public.producer_product VALUES (859, 115);
INSERT INTO public.producer_product VALUES (87, 472);
INSERT INTO public.producer_product VALUES (988, 32);
INSERT INTO public.producer_product VALUES (677, 210);
INSERT INTO public.producer_product VALUES (849, 329);
INSERT INTO public.producer_product VALUES (647, 606);
INSERT INTO public.producer_product VALUES (99, 569);
INSERT INTO public.producer_product VALUES (435, 452);
INSERT INTO public.producer_product VALUES (18, 263);
INSERT INTO public.producer_product VALUES (886, 230);
INSERT INTO public.producer_product VALUES (153, 394);
INSERT INTO public.producer_product VALUES (621, 334);
INSERT INTO public.producer_product VALUES (186, 83);
INSERT INTO public.producer_product VALUES (583, 167);
INSERT INTO public.producer_product VALUES (924, 896);
INSERT INTO public.producer_product VALUES (828, 42);
INSERT INTO public.producer_product VALUES (480, 789);
INSERT INTO public.producer_product VALUES (954, 482);
INSERT INTO public.producer_product VALUES (483, 654);
INSERT INTO public.producer_product VALUES (738, 28);
INSERT INTO public.producer_product VALUES (82, 697);
INSERT INTO public.producer_product VALUES (71, 944);
INSERT INTO public.producer_product VALUES (667, 943);
INSERT INTO public.producer_product VALUES (943, 260);
INSERT INTO public.producer_product VALUES (566, 289);
INSERT INTO public.producer_product VALUES (531, 258);
INSERT INTO public.producer_product VALUES (410, 324);
INSERT INTO public.producer_product VALUES (901, 180);
INSERT INTO public.producer_product VALUES (381, 178);
INSERT INTO public.producer_product VALUES (353, 517);
INSERT INTO public.producer_product VALUES (17, 549);
INSERT INTO public.producer_product VALUES (674, 968);
INSERT INTO public.producer_product VALUES (323, 130);
INSERT INTO public.producer_product VALUES (957, 888);
INSERT INTO public.producer_product VALUES (298, 663);
INSERT INTO public.producer_product VALUES (812, 862);
INSERT INTO public.producer_product VALUES (167, 481);
INSERT INTO public.producer_product VALUES (854, 735);
INSERT INTO public.producer_product VALUES (942, 221);
INSERT INTO public.producer_product VALUES (964, 735);
INSERT INTO public.producer_product VALUES (914, 348);
INSERT INTO public.producer_product VALUES (682, 342);
INSERT INTO public.producer_product VALUES (870, 443);
INSERT INTO public.producer_product VALUES (66, 474);
INSERT INTO public.producer_product VALUES (470, 716);
INSERT INTO public.producer_product VALUES (748, 263);
INSERT INTO public.producer_product VALUES (265, 524);
INSERT INTO public.producer_product VALUES (243, 935);
INSERT INTO public.producer_product VALUES (877, 444);
INSERT INTO public.producer_product VALUES (914, 939);
INSERT INTO public.producer_product VALUES (25, 29);
INSERT INTO public.producer_product VALUES (983, 91);
INSERT INTO public.producer_product VALUES (402, 191);
INSERT INTO public.producer_product VALUES (775, 370);
INSERT INTO public.producer_product VALUES (424, 208);
INSERT INTO public.producer_product VALUES (279, 355);
INSERT INTO public.producer_product VALUES (526, 390);
INSERT INTO public.producer_product VALUES (442, 138);
INSERT INTO public.producer_product VALUES (939, 245);
INSERT INTO public.producer_product VALUES (847, 737);
INSERT INTO public.producer_product VALUES (527, 646);
INSERT INTO public.producer_product VALUES (326, 731);
INSERT INTO public.producer_product VALUES (33, 267);
INSERT INTO public.producer_product VALUES (663, 381);
INSERT INTO public.producer_product VALUES (962, 456);
INSERT INTO public.producer_product VALUES (646, 883);
INSERT INTO public.producer_product VALUES (846, 577);
INSERT INTO public.producer_product VALUES (818, 914);
INSERT INTO public.producer_product VALUES (866, 649);
INSERT INTO public.producer_product VALUES (300, 169);
INSERT INTO public.producer_product VALUES (672, 141);
INSERT INTO public.producer_product VALUES (681, 65);
INSERT INTO public.producer_product VALUES (220, 784);
INSERT INTO public.producer_product VALUES (704, 190);
INSERT INTO public.producer_product VALUES (614, 130);
INSERT INTO public.producer_product VALUES (282, 668);
INSERT INTO public.producer_product VALUES (524, 751);
INSERT INTO public.producer_product VALUES (659, 431);
INSERT INTO public.producer_product VALUES (411, 840);
INSERT INTO public.producer_product VALUES (431, 618);
INSERT INTO public.producer_product VALUES (638, 289);
INSERT INTO public.producer_product VALUES (928, 69);
INSERT INTO public.producer_product VALUES (542, 346);
INSERT INTO public.producer_product VALUES (775, 587);
INSERT INTO public.producer_product VALUES (144, 329);
INSERT INTO public.producer_product VALUES (72, 403);
INSERT INTO public.producer_product VALUES (796, 475);
INSERT INTO public.producer_product VALUES (86, 813);
INSERT INTO public.producer_product VALUES (883, 945);
INSERT INTO public.producer_product VALUES (398, 965);
INSERT INTO public.producer_product VALUES (901, 734);
INSERT INTO public.producer_product VALUES (385, 557);
INSERT INTO public.producer_product VALUES (338, 392);
INSERT INTO public.producer_product VALUES (565, 173);
INSERT INTO public.producer_product VALUES (478, 228);
INSERT INTO public.producer_product VALUES (603, 642);
INSERT INTO public.producer_product VALUES (100, 980);
INSERT INTO public.producer_product VALUES (955, 744);
INSERT INTO public.producer_product VALUES (113, 921);
INSERT INTO public.producer_product VALUES (719, 556);
INSERT INTO public.producer_product VALUES (53, 60);
INSERT INTO public.producer_product VALUES (649, 778);
INSERT INTO public.producer_product VALUES (842, 560);
INSERT INTO public.producer_product VALUES (935, 772);
INSERT INTO public.producer_product VALUES (52, 854);
INSERT INTO public.producer_product VALUES (431, 600);
INSERT INTO public.producer_product VALUES (289, 621);
INSERT INTO public.producer_product VALUES (753, 769);
INSERT INTO public.producer_product VALUES (421, 157);
INSERT INTO public.producer_product VALUES (336, 70);
INSERT INTO public.producer_product VALUES (622, 411);
INSERT INTO public.producer_product VALUES (160, 389);
INSERT INTO public.producer_product VALUES (502, 683);
INSERT INTO public.producer_product VALUES (903, 344);
INSERT INTO public.producer_product VALUES (990, 413);
INSERT INTO public.producer_product VALUES (963, 64);
INSERT INTO public.producer_product VALUES (171, 66);
INSERT INTO public.producer_product VALUES (979, 738);
INSERT INTO public.producer_product VALUES (910, 675);
INSERT INTO public.producer_product VALUES (514, 695);
INSERT INTO public.producer_product VALUES (422, 156);
INSERT INTO public.producer_product VALUES (855, 800);
INSERT INTO public.producer_product VALUES (513, 888);
INSERT INTO public.producer_product VALUES (197, 92);
INSERT INTO public.producer_product VALUES (930, 43);
INSERT INTO public.producer_product VALUES (306, 570);
INSERT INTO public.producer_product VALUES (792, 909);
INSERT INTO public.producer_product VALUES (407, 344);
INSERT INTO public.producer_product VALUES (449, 29);
INSERT INTO public.producer_product VALUES (210, 729);
INSERT INTO public.producer_product VALUES (408, 820);
INSERT INTO public.producer_product VALUES (916, 843);
INSERT INTO public.producer_product VALUES (22, 190);
INSERT INTO public.producer_product VALUES (329, 780);
INSERT INTO public.producer_product VALUES (88, 672);
INSERT INTO public.producer_product VALUES (403, 753);
INSERT INTO public.producer_product VALUES (161, 7);
INSERT INTO public.producer_product VALUES (513, 167);
INSERT INTO public.producer_product VALUES (900, 122);
INSERT INTO public.producer_product VALUES (497, 8);
INSERT INTO public.producer_product VALUES (385, 322);
INSERT INTO public.producer_product VALUES (776, 314);
INSERT INTO public.producer_product VALUES (911, 244);
INSERT INTO public.producer_product VALUES (375, 460);
INSERT INTO public.producer_product VALUES (948, 210);
INSERT INTO public.producer_product VALUES (377, 707);
INSERT INTO public.producer_product VALUES (182, 404);
INSERT INTO public.producer_product VALUES (42, 793);
INSERT INTO public.producer_product VALUES (3, 578);
INSERT INTO public.producer_product VALUES (466, 472);
INSERT INTO public.producer_product VALUES (88, 216);
INSERT INTO public.producer_product VALUES (399, 548);
INSERT INTO public.producer_product VALUES (509, 276);
INSERT INTO public.producer_product VALUES (639, 844);
INSERT INTO public.producer_product VALUES (93, 19);
INSERT INTO public.producer_product VALUES (832, 249);
INSERT INTO public.producer_product VALUES (493, 317);
INSERT INTO public.producer_product VALUES (685, 125);
INSERT INTO public.producer_product VALUES (153, 577);
INSERT INTO public.producer_product VALUES (591, 36);
INSERT INTO public.producer_product VALUES (702, 318);
INSERT INTO public.producer_product VALUES (525, 15);
INSERT INTO public.producer_product VALUES (197, 856);
INSERT INTO public.producer_product VALUES (960, 636);
INSERT INTO public.producer_product VALUES (333, 215);
INSERT INTO public.producer_product VALUES (234, 212);
INSERT INTO public.producer_product VALUES (281, 736);
INSERT INTO public.producer_product VALUES (475, 261);
INSERT INTO public.producer_product VALUES (38, 295);
INSERT INTO public.producer_product VALUES (129, 508);
INSERT INTO public.producer_product VALUES (51, 332);
INSERT INTO public.producer_product VALUES (143, 654);
INSERT INTO public.producer_product VALUES (21, 596);
INSERT INTO public.producer_product VALUES (519, 636);
INSERT INTO public.producer_product VALUES (91, 437);
INSERT INTO public.producer_product VALUES (923, 613);
INSERT INTO public.producer_product VALUES (645, 52);
INSERT INTO public.producer_product VALUES (190, 741);
INSERT INTO public.producer_product VALUES (829, 739);
INSERT INTO public.producer_product VALUES (747, 423);
INSERT INTO public.producer_product VALUES (59, 611);
INSERT INTO public.producer_product VALUES (490, 25);
INSERT INTO public.producer_product VALUES (817, 717);
INSERT INTO public.producer_product VALUES (925, 764);
INSERT INTO public.producer_product VALUES (46, 972);
INSERT INTO public.producer_product VALUES (487, 349);
INSERT INTO public.producer_product VALUES (11, 946);
INSERT INTO public.producer_product VALUES (721, 139);
INSERT INTO public.producer_product VALUES (733, 421);
INSERT INTO public.producer_product VALUES (950, 522);
INSERT INTO public.producer_product VALUES (806, 138);
INSERT INTO public.producer_product VALUES (573, 182);
INSERT INTO public.producer_product VALUES (224, 286);
INSERT INTO public.producer_product VALUES (115, 21);
INSERT INTO public.producer_product VALUES (119, 809);
INSERT INTO public.producer_product VALUES (225, 531);
INSERT INTO public.producer_product VALUES (761, 915);
INSERT INTO public.producer_product VALUES (198, 736);
INSERT INTO public.producer_product VALUES (274, 574);
INSERT INTO public.producer_product VALUES (543, 683);
INSERT INTO public.producer_product VALUES (904, 24);
INSERT INTO public.producer_product VALUES (99, 219);
INSERT INTO public.producer_product VALUES (552, 152);
INSERT INTO public.producer_product VALUES (475, 637);
INSERT INTO public.producer_product VALUES (438, 26);
INSERT INTO public.producer_product VALUES (271, 641);
INSERT INTO public.producer_product VALUES (527, 358);
INSERT INTO public.producer_product VALUES (52, 241);
INSERT INTO public.producer_product VALUES (388, 710);
INSERT INTO public.producer_product VALUES (54, 341);
INSERT INTO public.producer_product VALUES (953, 252);
INSERT INTO public.producer_product VALUES (229, 243);
INSERT INTO public.producer_product VALUES (193, 870);
INSERT INTO public.producer_product VALUES (561, 13);
INSERT INTO public.producer_product VALUES (263, 611);
INSERT INTO public.producer_product VALUES (158, 787);
INSERT INTO public.producer_product VALUES (482, 631);
INSERT INTO public.producer_product VALUES (238, 963);
INSERT INTO public.producer_product VALUES (604, 350);
INSERT INTO public.producer_product VALUES (282, 576);
INSERT INTO public.producer_product VALUES (267, 899);
INSERT INTO public.producer_product VALUES (834, 475);
INSERT INTO public.producer_product VALUES (164, 825);
INSERT INTO public.producer_product VALUES (240, 540);
INSERT INTO public.producer_product VALUES (115, 936);
INSERT INTO public.producer_product VALUES (355, 87);
INSERT INTO public.producer_product VALUES (887, 550);
INSERT INTO public.producer_product VALUES (640, 666);
INSERT INTO public.producer_product VALUES (139, 807);
INSERT INTO public.producer_product VALUES (720, 767);
INSERT INTO public.producer_product VALUES (651, 602);
INSERT INTO public.producer_product VALUES (335, 750);
INSERT INTO public.producer_product VALUES (198, 411);
INSERT INTO public.producer_product VALUES (630, 933);
INSERT INTO public.producer_product VALUES (638, 334);
INSERT INTO public.producer_product VALUES (150, 395);
INSERT INTO public.producer_product VALUES (578, 150);
INSERT INTO public.producer_product VALUES (545, 98);
INSERT INTO public.producer_product VALUES (868, 747);
INSERT INTO public.producer_product VALUES (57, 482);
INSERT INTO public.producer_product VALUES (907, 964);
INSERT INTO public.producer_product VALUES (320, 244);
INSERT INTO public.producer_product VALUES (614, 600);
INSERT INTO public.producer_product VALUES (676, 212);
INSERT INTO public.producer_product VALUES (769, 482);
INSERT INTO public.producer_product VALUES (167, 993);
INSERT INTO public.producer_product VALUES (892, 627);
INSERT INTO public.producer_product VALUES (6, 496);
INSERT INTO public.producer_product VALUES (772, 933);
INSERT INTO public.producer_product VALUES (722, 830);
INSERT INTO public.producer_product VALUES (334, 308);
INSERT INTO public.producer_product VALUES (815, 898);
INSERT INTO public.producer_product VALUES (312, 865);
INSERT INTO public.producer_product VALUES (563, 301);
INSERT INTO public.producer_product VALUES (179, 35);
INSERT INTO public.producer_product VALUES (203, 72);
INSERT INTO public.producer_product VALUES (898, 936);
INSERT INTO public.producer_product VALUES (66, 9);
INSERT INTO public.producer_product VALUES (578, 145);
INSERT INTO public.producer_product VALUES (727, 371);
INSERT INTO public.producer_product VALUES (690, 969);
INSERT INTO public.producer_product VALUES (79, 614);
INSERT INTO public.producer_product VALUES (269, 613);
INSERT INTO public.producer_product VALUES (455, 465);
INSERT INTO public.producer_product VALUES (515, 722);
INSERT INTO public.producer_product VALUES (44, 29);
INSERT INTO public.producer_product VALUES (358, 505);
INSERT INTO public.producer_product VALUES (183, 149);
INSERT INTO public.producer_product VALUES (321, 95);
INSERT INTO public.producer_product VALUES (611, 111);
INSERT INTO public.producer_product VALUES (18, 901);
INSERT INTO public.producer_product VALUES (573, 26);
INSERT INTO public.producer_product VALUES (194, 33);
INSERT INTO public.producer_product VALUES (295, 706);
INSERT INTO public.producer_product VALUES (719, 822);
INSERT INTO public.producer_product VALUES (661, 280);
INSERT INTO public.producer_product VALUES (510, 778);
INSERT INTO public.producer_product VALUES (237, 553);
INSERT INTO public.producer_product VALUES (681, 839);
INSERT INTO public.producer_product VALUES (382, 366);
INSERT INTO public.producer_product VALUES (976, 539);
INSERT INTO public.producer_product VALUES (683, 662);
INSERT INTO public.producer_product VALUES (62, 990);
INSERT INTO public.producer_product VALUES (44, 325);
INSERT INTO public.producer_product VALUES (932, 139);
INSERT INTO public.producer_product VALUES (396, 24);
INSERT INTO public.producer_product VALUES (475, 503);
INSERT INTO public.producer_product VALUES (117, 978);
INSERT INTO public.producer_product VALUES (470, 263);
INSERT INTO public.producer_product VALUES (998, 7);
INSERT INTO public.producer_product VALUES (19, 994);
INSERT INTO public.producer_product VALUES (254, 845);
INSERT INTO public.producer_product VALUES (769, 988);
INSERT INTO public.producer_product VALUES (419, 773);
INSERT INTO public.producer_product VALUES (814, 482);
INSERT INTO public.producer_product VALUES (618, 828);
INSERT INTO public.producer_product VALUES (205, 600);
INSERT INTO public.producer_product VALUES (712, 294);
INSERT INTO public.producer_product VALUES (569, 646);
INSERT INTO public.producer_product VALUES (374, 374);
INSERT INTO public.producer_product VALUES (398, 689);
INSERT INTO public.producer_product VALUES (508, 326);
INSERT INTO public.producer_product VALUES (398, 16);
INSERT INTO public.producer_product VALUES (201, 875);
INSERT INTO public.producer_product VALUES (780, 12);
INSERT INTO public.producer_product VALUES (655, 658);
INSERT INTO public.producer_product VALUES (807, 177);
INSERT INTO public.producer_product VALUES (594, 465);
INSERT INTO public.producer_product VALUES (119, 592);
INSERT INTO public.producer_product VALUES (269, 31);
INSERT INTO public.producer_product VALUES (166, 588);
INSERT INTO public.producer_product VALUES (397, 435);
INSERT INTO public.producer_product VALUES (146, 450);
INSERT INTO public.producer_product VALUES (541, 119);
INSERT INTO public.producer_product VALUES (915, 231);
INSERT INTO public.producer_product VALUES (310, 768);
INSERT INTO public.producer_product VALUES (241, 428);
INSERT INTO public.producer_product VALUES (207, 113);
INSERT INTO public.producer_product VALUES (913, 733);
INSERT INTO public.producer_product VALUES (11, 644);
INSERT INTO public.producer_product VALUES (491, 356);
INSERT INTO public.producer_product VALUES (864, 165);
INSERT INTO public.producer_product VALUES (203, 652);
INSERT INTO public.producer_product VALUES (898, 198);
INSERT INTO public.producer_product VALUES (598, 223);
INSERT INTO public.producer_product VALUES (591, 15);
INSERT INTO public.producer_product VALUES (25, 584);
INSERT INTO public.producer_product VALUES (538, 592);
INSERT INTO public.producer_product VALUES (820, 328);
INSERT INTO public.producer_product VALUES (479, 134);
INSERT INTO public.producer_product VALUES (822, 781);
INSERT INTO public.producer_product VALUES (185, 79);
INSERT INTO public.producer_product VALUES (462, 836);
INSERT INTO public.producer_product VALUES (138, 479);
INSERT INTO public.producer_product VALUES (931, 818);
INSERT INTO public.producer_product VALUES (676, 446);
INSERT INTO public.producer_product VALUES (260, 212);
INSERT INTO public.producer_product VALUES (668, 945);
INSERT INTO public.producer_product VALUES (193, 430);
INSERT INTO public.producer_product VALUES (897, 487);
INSERT INTO public.producer_product VALUES (673, 162);
INSERT INTO public.producer_product VALUES (776, 381);
INSERT INTO public.producer_product VALUES (358, 730);
INSERT INTO public.producer_product VALUES (733, 579);
INSERT INTO public.producer_product VALUES (407, 516);
INSERT INTO public.producer_product VALUES (39, 696);
INSERT INTO public.producer_product VALUES (614, 645);
INSERT INTO public.producer_product VALUES (639, 392);
INSERT INTO public.producer_product VALUES (60, 411);
INSERT INTO public.producer_product VALUES (916, 248);
INSERT INTO public.producer_product VALUES (27, 673);
INSERT INTO public.producer_product VALUES (427, 470);
INSERT INTO public.producer_product VALUES (858, 254);
INSERT INTO public.producer_product VALUES (401, 847);
INSERT INTO public.producer_product VALUES (850, 33);
INSERT INTO public.producer_product VALUES (508, 903);
INSERT INTO public.producer_product VALUES (18, 122);
INSERT INTO public.producer_product VALUES (787, 164);
INSERT INTO public.producer_product VALUES (110, 851);
INSERT INTO public.producer_product VALUES (760, 374);
INSERT INTO public.producer_product VALUES (803, 918);
INSERT INTO public.producer_product VALUES (80, 649);
INSERT INTO public.producer_product VALUES (141, 13);
INSERT INTO public.producer_product VALUES (263, 29);
INSERT INTO public.producer_product VALUES (530, 230);
INSERT INTO public.producer_product VALUES (913, 49);
INSERT INTO public.producer_product VALUES (759, 167);
INSERT INTO public.producer_product VALUES (196, 875);
INSERT INTO public.producer_product VALUES (106, 377);
INSERT INTO public.producer_product VALUES (105, 518);
INSERT INTO public.producer_product VALUES (175, 208);
INSERT INTO public.producer_product VALUES (300, 309);
INSERT INTO public.producer_product VALUES (713, 483);
INSERT INTO public.producer_product VALUES (268, 919);
INSERT INTO public.producer_product VALUES (687, 73);
INSERT INTO public.producer_product VALUES (976, 778);
INSERT INTO public.producer_product VALUES (231, 800);
INSERT INTO public.producer_product VALUES (43, 725);
INSERT INTO public.producer_product VALUES (86, 794);
INSERT INTO public.producer_product VALUES (245, 855);
INSERT INTO public.producer_product VALUES (2, 31);
INSERT INTO public.producer_product VALUES (966, 382);
INSERT INTO public.producer_product VALUES (67, 225);
INSERT INTO public.producer_product VALUES (727, 607);
INSERT INTO public.producer_product VALUES (137, 951);
INSERT INTO public.producer_product VALUES (49, 501);
INSERT INTO public.producer_product VALUES (498, 404);
INSERT INTO public.producer_product VALUES (656, 101);
INSERT INTO public.producer_product VALUES (594, 619);
INSERT INTO public.producer_product VALUES (307, 36);
INSERT INTO public.producer_product VALUES (500, 696);
INSERT INTO public.producer_product VALUES (227, 693);
INSERT INTO public.producer_product VALUES (754, 716);
INSERT INTO public.producer_product VALUES (129, 237);
INSERT INTO public.producer_product VALUES (954, 736);
INSERT INTO public.producer_product VALUES (738, 646);
INSERT INTO public.producer_product VALUES (746, 57);
INSERT INTO public.producer_product VALUES (599, 885);
INSERT INTO public.producer_product VALUES (593, 692);
INSERT INTO public.producer_product VALUES (290, 375);
INSERT INTO public.producer_product VALUES (986, 499);
INSERT INTO public.producer_product VALUES (39, 542);
INSERT INTO public.producer_product VALUES (793, 613);
INSERT INTO public.producer_product VALUES (41, 545);
INSERT INTO public.producer_product VALUES (157, 851);
INSERT INTO public.producer_product VALUES (491, 967);
INSERT INTO public.producer_product VALUES (942, 807);
INSERT INTO public.producer_product VALUES (432, 660);
INSERT INTO public.producer_product VALUES (30, 553);
INSERT INTO public.producer_product VALUES (30, 927);
INSERT INTO public.producer_product VALUES (256, 176);
INSERT INTO public.producer_product VALUES (614, 199);
INSERT INTO public.producer_product VALUES (625, 976);
INSERT INTO public.producer_product VALUES (345, 461);
INSERT INTO public.producer_product VALUES (11, 622);
INSERT INTO public.producer_product VALUES (91, 889);
INSERT INTO public.producer_product VALUES (865, 201);
INSERT INTO public.producer_product VALUES (476, 913);
INSERT INTO public.producer_product VALUES (428, 666);
INSERT INTO public.producer_product VALUES (579, 845);
INSERT INTO public.producer_product VALUES (941, 263);
INSERT INTO public.producer_product VALUES (631, 699);
INSERT INTO public.producer_product VALUES (117, 255);
INSERT INTO public.producer_product VALUES (263, 941);
INSERT INTO public.producer_product VALUES (609, 140);
INSERT INTO public.producer_product VALUES (959, 798);
INSERT INTO public.producer_product VALUES (993, 206);
INSERT INTO public.producer_product VALUES (503, 550);
INSERT INTO public.producer_product VALUES (560, 411);
INSERT INTO public.producer_product VALUES (421, 952);
INSERT INTO public.producer_product VALUES (895, 387);
INSERT INTO public.producer_product VALUES (493, 602);
INSERT INTO public.producer_product VALUES (219, 518);
INSERT INTO public.producer_product VALUES (715, 689);
INSERT INTO public.producer_product VALUES (136, 188);
INSERT INTO public.producer_product VALUES (633, 556);
INSERT INTO public.producer_product VALUES (836, 443);
INSERT INTO public.producer_product VALUES (872, 37);
INSERT INTO public.producer_product VALUES (98, 30);
INSERT INTO public.producer_product VALUES (412, 585);
INSERT INTO public.producer_product VALUES (793, 857);
INSERT INTO public.producer_product VALUES (10, 357);
INSERT INTO public.producer_product VALUES (452, 528);
INSERT INTO public.producer_product VALUES (495, 711);
INSERT INTO public.producer_product VALUES (392, 684);
INSERT INTO public.producer_product VALUES (418, 255);
INSERT INTO public.producer_product VALUES (570, 412);
INSERT INTO public.producer_product VALUES (159, 126);
INSERT INTO public.producer_product VALUES (285, 975);
INSERT INTO public.producer_product VALUES (203, 954);
INSERT INTO public.producer_product VALUES (426, 74);
INSERT INTO public.producer_product VALUES (125, 668);
INSERT INTO public.producer_product VALUES (749, 379);
INSERT INTO public.producer_product VALUES (156, 71);
INSERT INTO public.producer_product VALUES (947, 768);
INSERT INTO public.producer_product VALUES (108, 626);
INSERT INTO public.producer_product VALUES (312, 867);
INSERT INTO public.producer_product VALUES (881, 842);
INSERT INTO public.producer_product VALUES (800, 527);
INSERT INTO public.producer_product VALUES (387, 246);
INSERT INTO public.producer_product VALUES (992, 698);
INSERT INTO public.producer_product VALUES (757, 753);
INSERT INTO public.producer_product VALUES (677, 360);
INSERT INTO public.producer_product VALUES (740, 703);
INSERT INTO public.producer_product VALUES (437, 395);
INSERT INTO public.producer_product VALUES (240, 542);
INSERT INTO public.producer_product VALUES (826, 70);
INSERT INTO public.producer_product VALUES (823, 915);
INSERT INTO public.producer_product VALUES (820, 277);
INSERT INTO public.producer_product VALUES (575, 563);
INSERT INTO public.producer_product VALUES (144, 132);
INSERT INTO public.producer_product VALUES (293, 659);
INSERT INTO public.producer_product VALUES (923, 674);
INSERT INTO public.producer_product VALUES (871, 699);
INSERT INTO public.producer_product VALUES (607, 111);
INSERT INTO public.producer_product VALUES (336, 703);
INSERT INTO public.producer_product VALUES (236, 149);
INSERT INTO public.producer_product VALUES (213, 338);
INSERT INTO public.producer_product VALUES (394, 466);
INSERT INTO public.producer_product VALUES (382, 871);
INSERT INTO public.producer_product VALUES (551, 107);
INSERT INTO public.producer_product VALUES (428, 900);
INSERT INTO public.producer_product VALUES (779, 665);
INSERT INTO public.producer_product VALUES (603, 510);
INSERT INTO public.producer_product VALUES (471, 778);
INSERT INTO public.producer_product VALUES (357, 956);
INSERT INTO public.producer_product VALUES (692, 435);
INSERT INTO public.producer_product VALUES (605, 106);
INSERT INTO public.producer_product VALUES (460, 312);
INSERT INTO public.producer_product VALUES (110, 903);
INSERT INTO public.producer_product VALUES (148, 842);
INSERT INTO public.producer_product VALUES (521, 869);
INSERT INTO public.producer_product VALUES (148, 947);
INSERT INTO public.producer_product VALUES (310, 824);
INSERT INTO public.producer_product VALUES (583, 18);
INSERT INTO public.producer_product VALUES (298, 174);
INSERT INTO public.producer_product VALUES (679, 700);
INSERT INTO public.producer_product VALUES (349, 30);
INSERT INTO public.producer_product VALUES (960, 607);
INSERT INTO public.producer_product VALUES (25, 452);
INSERT INTO public.producer_product VALUES (813, 544);
INSERT INTO public.producer_product VALUES (62, 436);
INSERT INTO public.producer_product VALUES (156, 983);
INSERT INTO public.producer_product VALUES (267, 940);
INSERT INTO public.producer_product VALUES (36, 398);
INSERT INTO public.producer_product VALUES (919, 170);
INSERT INTO public.producer_product VALUES (649, 914);
INSERT INTO public.producer_product VALUES (681, 286);
INSERT INTO public.producer_product VALUES (539, 902);
INSERT INTO public.producer_product VALUES (136, 624);
INSERT INTO public.producer_product VALUES (557, 389);
INSERT INTO public.producer_product VALUES (36, 206);
INSERT INTO public.producer_product VALUES (152, 533);
INSERT INTO public.producer_product VALUES (104, 93);
INSERT INTO public.producer_product VALUES (251, 961);
INSERT INTO public.producer_product VALUES (266, 271);
INSERT INTO public.producer_product VALUES (876, 548);
INSERT INTO public.producer_product VALUES (321, 805);
INSERT INTO public.producer_product VALUES (140, 650);
INSERT INTO public.producer_product VALUES (103, 984);
INSERT INTO public.producer_product VALUES (742, 903);
INSERT INTO public.producer_product VALUES (524, 453);
INSERT INTO public.producer_product VALUES (240, 547);
INSERT INTO public.producer_product VALUES (346, 676);
INSERT INTO public.producer_product VALUES (440, 547);
INSERT INTO public.producer_product VALUES (681, 171);
INSERT INTO public.producer_product VALUES (194, 448);
INSERT INTO public.producer_product VALUES (111, 584);
INSERT INTO public.producer_product VALUES (849, 244);
INSERT INTO public.producer_product VALUES (816, 749);
INSERT INTO public.producer_product VALUES (492, 412);
INSERT INTO public.producer_product VALUES (904, 886);
INSERT INTO public.producer_product VALUES (212, 611);
INSERT INTO public.producer_product VALUES (663, 876);
INSERT INTO public.producer_product VALUES (3, 793);
INSERT INTO public.producer_product VALUES (272, 439);
INSERT INTO public.producer_product VALUES (927, 397);
INSERT INTO public.producer_product VALUES (8, 239);
INSERT INTO public.producer_product VALUES (788, 435);
INSERT INTO public.producer_product VALUES (194, 244);
INSERT INTO public.producer_product VALUES (251, 745);
INSERT INTO public.producer_product VALUES (700, 319);
INSERT INTO public.producer_product VALUES (127, 833);
INSERT INTO public.producer_product VALUES (344, 430);
INSERT INTO public.producer_product VALUES (979, 865);
INSERT INTO public.producer_product VALUES (753, 206);
INSERT INTO public.producer_product VALUES (697, 34);
INSERT INTO public.producer_product VALUES (172, 783);
INSERT INTO public.producer_product VALUES (193, 251);
INSERT INTO public.producer_product VALUES (930, 698);
INSERT INTO public.producer_product VALUES (863, 235);
INSERT INTO public.producer_product VALUES (493, 65);
INSERT INTO public.producer_product VALUES (384, 352);
INSERT INTO public.producer_product VALUES (326, 181);
INSERT INTO public.producer_product VALUES (570, 550);
INSERT INTO public.producer_product VALUES (800, 748);
INSERT INTO public.producer_product VALUES (372, 776);
INSERT INTO public.producer_product VALUES (807, 863);
INSERT INTO public.producer_product VALUES (91, 859);
INSERT INTO public.producer_product VALUES (890, 306);
INSERT INTO public.producer_product VALUES (94, 796);
INSERT INTO public.producer_product VALUES (982, 753);
INSERT INTO public.producer_product VALUES (260, 693);
INSERT INTO public.producer_product VALUES (492, 83);
INSERT INTO public.producer_product VALUES (35, 538);
INSERT INTO public.producer_product VALUES (744, 494);
INSERT INTO public.producer_product VALUES (94, 830);
INSERT INTO public.producer_product VALUES (718, 793);
INSERT INTO public.producer_product VALUES (461, 528);
INSERT INTO public.producer_product VALUES (718, 447);
INSERT INTO public.producer_product VALUES (846, 211);
INSERT INTO public.producer_product VALUES (820, 849);
INSERT INTO public.producer_product VALUES (312, 230);
INSERT INTO public.producer_product VALUES (590, 694);
INSERT INTO public.producer_product VALUES (724, 787);
INSERT INTO public.producer_product VALUES (935, 789);
INSERT INTO public.producer_product VALUES (251, 474);
INSERT INTO public.producer_product VALUES (383, 428);
INSERT INTO public.producer_product VALUES (288, 875);
INSERT INTO public.producer_product VALUES (725, 82);
INSERT INTO public.producer_product VALUES (586, 641);
INSERT INTO public.producer_product VALUES (285, 305);
INSERT INTO public.producer_product VALUES (449, 484);
INSERT INTO public.producer_product VALUES (48, 406);
INSERT INTO public.producer_product VALUES (318, 559);
INSERT INTO public.producer_product VALUES (817, 143);
INSERT INTO public.producer_product VALUES (347, 846);
INSERT INTO public.producer_product VALUES (919, 987);
INSERT INTO public.producer_product VALUES (727, 890);
INSERT INTO public.producer_product VALUES (995, 681);
INSERT INTO public.producer_product VALUES (602, 432);
INSERT INTO public.producer_product VALUES (648, 732);
INSERT INTO public.producer_product VALUES (870, 632);
INSERT INTO public.producer_product VALUES (976, 500);
INSERT INTO public.producer_product VALUES (797, 90);
INSERT INTO public.producer_product VALUES (133, 914);
INSERT INTO public.producer_product VALUES (808, 329);
INSERT INTO public.producer_product VALUES (833, 946);
INSERT INTO public.producer_product VALUES (991, 310);
INSERT INTO public.producer_product VALUES (350, 196);
INSERT INTO public.producer_product VALUES (334, 565);
INSERT INTO public.producer_product VALUES (264, 693);
INSERT INTO public.producer_product VALUES (571, 722);
INSERT INTO public.producer_product VALUES (508, 312);
INSERT INTO public.producer_product VALUES (883, 738);
INSERT INTO public.producer_product VALUES (554, 551);
INSERT INTO public.producer_product VALUES (916, 986);
INSERT INTO public.producer_product VALUES (466, 828);
INSERT INTO public.producer_product VALUES (903, 554);
INSERT INTO public.producer_product VALUES (864, 663);
INSERT INTO public.producer_product VALUES (968, 535);
INSERT INTO public.producer_product VALUES (203, 956);
INSERT INTO public.producer_product VALUES (723, 460);
INSERT INTO public.producer_product VALUES (714, 324);
INSERT INTO public.producer_product VALUES (976, 1);
INSERT INTO public.producer_product VALUES (425, 683);
INSERT INTO public.producer_product VALUES (192, 114);
INSERT INTO public.producer_product VALUES (164, 958);
INSERT INTO public.producer_product VALUES (254, 983);
INSERT INTO public.producer_product VALUES (860, 822);
INSERT INTO public.producer_product VALUES (471, 553);
INSERT INTO public.producer_product VALUES (85, 599);
INSERT INTO public.producer_product VALUES (406, 176);
INSERT INTO public.producer_product VALUES (509, 615);
INSERT INTO public.producer_product VALUES (512, 806);
INSERT INTO public.producer_product VALUES (187, 953);
INSERT INTO public.producer_product VALUES (49, 884);
INSERT INTO public.producer_product VALUES (648, 886);
INSERT INTO public.producer_product VALUES (438, 26);
INSERT INTO public.producer_product VALUES (683, 220);
INSERT INTO public.producer_product VALUES (198, 332);
INSERT INTO public.producer_product VALUES (276, 751);
INSERT INTO public.producer_product VALUES (433, 856);
INSERT INTO public.producer_product VALUES (64, 650);
INSERT INTO public.producer_product VALUES (845, 366);
INSERT INTO public.producer_product VALUES (13, 803);
INSERT INTO public.producer_product VALUES (944, 482);
INSERT INTO public.producer_product VALUES (955, 371);
INSERT INTO public.producer_product VALUES (595, 220);
INSERT INTO public.producer_product VALUES (622, 374);
INSERT INTO public.producer_product VALUES (598, 644);
INSERT INTO public.producer_product VALUES (92, 966);
INSERT INTO public.producer_product VALUES (428, 200);
INSERT INTO public.producer_product VALUES (793, 474);
INSERT INTO public.producer_product VALUES (918, 310);
INSERT INTO public.producer_product VALUES (931, 917);
INSERT INTO public.producer_product VALUES (357, 130);
INSERT INTO public.producer_product VALUES (293, 332);
INSERT INTO public.producer_product VALUES (689, 994);
INSERT INTO public.producer_product VALUES (668, 253);
INSERT INTO public.producer_product VALUES (454, 958);
INSERT INTO public.producer_product VALUES (726, 809);
INSERT INTO public.producer_product VALUES (830, 720);
INSERT INTO public.producer_product VALUES (247, 314);
INSERT INTO public.producer_product VALUES (262, 967);
INSERT INTO public.producer_product VALUES (989, 652);
INSERT INTO public.producer_product VALUES (744, 351);
INSERT INTO public.producer_product VALUES (610, 245);
INSERT INTO public.producer_product VALUES (157, 304);
INSERT INTO public.producer_product VALUES (863, 370);
INSERT INTO public.producer_product VALUES (362, 381);
INSERT INTO public.producer_product VALUES (278, 475);
INSERT INTO public.producer_product VALUES (75, 942);
INSERT INTO public.producer_product VALUES (804, 71);
INSERT INTO public.producer_product VALUES (109, 145);
INSERT INTO public.producer_product VALUES (102, 780);
INSERT INTO public.producer_product VALUES (151, 255);
INSERT INTO public.producer_product VALUES (639, 512);
INSERT INTO public.producer_product VALUES (500, 94);
INSERT INTO public.producer_product VALUES (495, 136);
INSERT INTO public.producer_product VALUES (22, 460);
INSERT INTO public.producer_product VALUES (515, 322);
INSERT INTO public.producer_product VALUES (59, 538);
INSERT INTO public.producer_product VALUES (26, 532);
INSERT INTO public.producer_product VALUES (38, 326);
INSERT INTO public.producer_product VALUES (351, 255);
INSERT INTO public.producer_product VALUES (661, 132);
INSERT INTO public.producer_product VALUES (868, 479);
INSERT INTO public.producer_product VALUES (594, 910);
INSERT INTO public.producer_product VALUES (545, 117);
INSERT INTO public.producer_product VALUES (116, 578);
INSERT INTO public.producer_product VALUES (551, 865);
INSERT INTO public.producer_product VALUES (958, 857);
INSERT INTO public.producer_product VALUES (634, 509);
INSERT INTO public.producer_product VALUES (991, 16);
INSERT INTO public.producer_product VALUES (233, 327);
INSERT INTO public.producer_product VALUES (347, 484);
INSERT INTO public.producer_product VALUES (430, 832);
INSERT INTO public.producer_product VALUES (124, 865);
INSERT INTO public.producer_product VALUES (942, 63);
INSERT INTO public.producer_product VALUES (975, 769);
INSERT INTO public.producer_product VALUES (929, 593);
INSERT INTO public.producer_product VALUES (919, 412);
INSERT INTO public.producer_product VALUES (409, 335);
INSERT INTO public.producer_product VALUES (96, 167);
INSERT INTO public.producer_product VALUES (639, 956);
INSERT INTO public.producer_product VALUES (719, 373);
INSERT INTO public.producer_product VALUES (892, 202);
INSERT INTO public.producer_product VALUES (508, 396);
INSERT INTO public.producer_product VALUES (198, 274);
INSERT INTO public.producer_product VALUES (493, 814);
INSERT INTO public.producer_product VALUES (674, 438);
INSERT INTO public.producer_product VALUES (583, 632);
INSERT INTO public.producer_product VALUES (828, 683);
INSERT INTO public.producer_product VALUES (464, 741);
INSERT INTO public.producer_product VALUES (429, 811);
INSERT INTO public.producer_product VALUES (595, 914);
INSERT INTO public.producer_product VALUES (661, 442);
INSERT INTO public.producer_product VALUES (769, 504);
INSERT INTO public.producer_product VALUES (740, 723);
INSERT INTO public.producer_product VALUES (253, 234);
INSERT INTO public.producer_product VALUES (732, 828);
INSERT INTO public.producer_product VALUES (330, 350);
INSERT INTO public.producer_product VALUES (776, 820);
INSERT INTO public.producer_product VALUES (443, 442);
INSERT INTO public.producer_product VALUES (526, 731);
INSERT INTO public.producer_product VALUES (366, 773);
INSERT INTO public.producer_product VALUES (793, 898);
INSERT INTO public.producer_product VALUES (970, 110);
INSERT INTO public.producer_product VALUES (996, 438);
INSERT INTO public.producer_product VALUES (126, 748);
INSERT INTO public.producer_product VALUES (860, 970);
INSERT INTO public.producer_product VALUES (98, 221);
INSERT INTO public.producer_product VALUES (962, 232);
INSERT INTO public.producer_product VALUES (41, 211);
INSERT INTO public.producer_product VALUES (426, 660);
INSERT INTO public.producer_product VALUES (296, 978);
INSERT INTO public.producer_product VALUES (510, 653);
INSERT INTO public.producer_product VALUES (746, 133);
INSERT INTO public.producer_product VALUES (304, 732);
INSERT INTO public.producer_product VALUES (979, 854);
INSERT INTO public.producer_product VALUES (819, 865);
INSERT INTO public.producer_product VALUES (97, 85);
INSERT INTO public.producer_product VALUES (767, 358);
INSERT INTO public.producer_product VALUES (643, 815);
INSERT INTO public.producer_product VALUES (466, 564);
INSERT INTO public.producer_product VALUES (239, 737);
INSERT INTO public.producer_product VALUES (722, 431);
INSERT INTO public.producer_product VALUES (490, 955);
INSERT INTO public.producer_product VALUES (923, 302);
INSERT INTO public.producer_product VALUES (391, 567);
INSERT INTO public.producer_product VALUES (760, 930);
INSERT INTO public.producer_product VALUES (792, 154);
INSERT INTO public.producer_product VALUES (622, 169);
INSERT INTO public.producer_product VALUES (33, 77);
INSERT INTO public.producer_product VALUES (86, 848);
INSERT INTO public.producer_product VALUES (452, 548);
INSERT INTO public.producer_product VALUES (242, 548);
INSERT INTO public.producer_product VALUES (718, 441);
INSERT INTO public.producer_product VALUES (648, 431);
INSERT INTO public.producer_product VALUES (973, 239);
INSERT INTO public.producer_product VALUES (700, 106);
INSERT INTO public.producer_product VALUES (17, 140);
INSERT INTO public.producer_product VALUES (9, 830);
INSERT INTO public.producer_product VALUES (56, 918);
INSERT INTO public.producer_product VALUES (557, 303);
INSERT INTO public.producer_product VALUES (717, 976);
INSERT INTO public.producer_product VALUES (114, 790);
INSERT INTO public.producer_product VALUES (656, 33);
INSERT INTO public.producer_product VALUES (258, 814);
INSERT INTO public.producer_product VALUES (402, 314);
INSERT INTO public.producer_product VALUES (622, 407);
INSERT INTO public.producer_product VALUES (41, 29);
INSERT INTO public.producer_product VALUES (435, 637);
INSERT INTO public.producer_product VALUES (283, 788);
INSERT INTO public.producer_product VALUES (638, 326);
INSERT INTO public.producer_product VALUES (480, 150);
INSERT INTO public.producer_product VALUES (820, 316);
INSERT INTO public.producer_product VALUES (977, 881);
INSERT INTO public.producer_product VALUES (801, 645);
INSERT INTO public.producer_product VALUES (454, 194);
INSERT INTO public.producer_product VALUES (437, 29);
INSERT INTO public.producer_product VALUES (837, 363);
INSERT INTO public.producer_product VALUES (934, 39);
INSERT INTO public.producer_product VALUES (11, 525);
INSERT INTO public.producer_product VALUES (629, 76);
INSERT INTO public.producer_product VALUES (294, 201);
INSERT INTO public.producer_product VALUES (343, 907);
INSERT INTO public.producer_product VALUES (482, 797);
INSERT INTO public.producer_product VALUES (850, 606);
INSERT INTO public.producer_product VALUES (327, 65);
INSERT INTO public.producer_product VALUES (606, 290);
INSERT INTO public.producer_product VALUES (906, 927);
INSERT INTO public.producer_product VALUES (421, 217);
INSERT INTO public.producer_product VALUES (383, 303);
INSERT INTO public.producer_product VALUES (270, 467);
INSERT INTO public.producer_product VALUES (764, 395);
INSERT INTO public.producer_product VALUES (538, 821);
INSERT INTO public.producer_product VALUES (79, 130);
INSERT INTO public.producer_product VALUES (507, 968);
INSERT INTO public.producer_product VALUES (562, 929);
INSERT INTO public.producer_product VALUES (314, 679);
INSERT INTO public.producer_product VALUES (495, 187);
INSERT INTO public.producer_product VALUES (438, 792);
INSERT INTO public.producer_product VALUES (675, 809);
INSERT INTO public.producer_product VALUES (348, 209);
INSERT INTO public.producer_product VALUES (745, 646);
INSERT INTO public.producer_product VALUES (337, 532);
INSERT INTO public.producer_product VALUES (706, 631);
INSERT INTO public.producer_product VALUES (481, 476);
INSERT INTO public.producer_product VALUES (377, 318);
INSERT INTO public.producer_product VALUES (42, 151);
INSERT INTO public.producer_product VALUES (135, 563);
INSERT INTO public.producer_product VALUES (82, 417);
INSERT INTO public.producer_product VALUES (776, 136);
INSERT INTO public.producer_product VALUES (577, 837);
INSERT INTO public.producer_product VALUES (312, 901);
INSERT INTO public.producer_product VALUES (163, 164);
INSERT INTO public.producer_product VALUES (634, 576);
INSERT INTO public.producer_product VALUES (507, 456);
INSERT INTO public.producer_product VALUES (660, 514);
INSERT INTO public.producer_product VALUES (134, 684);
INSERT INTO public.producer_product VALUES (592, 711);
INSERT INTO public.producer_product VALUES (579, 137);
INSERT INTO public.producer_product VALUES (306, 141);
INSERT INTO public.producer_product VALUES (615, 634);
INSERT INTO public.producer_product VALUES (585, 375);
INSERT INTO public.producer_product VALUES (275, 88);
INSERT INTO public.producer_product VALUES (951, 53);
INSERT INTO public.producer_product VALUES (695, 857);
INSERT INTO public.producer_product VALUES (907, 879);
INSERT INTO public.producer_product VALUES (2, 441);
INSERT INTO public.producer_product VALUES (331, 891);
INSERT INTO public.producer_product VALUES (675, 8);
INSERT INTO public.producer_product VALUES (827, 514);
INSERT INTO public.producer_product VALUES (913, 350);
INSERT INTO public.producer_product VALUES (858, 433);
INSERT INTO public.producer_product VALUES (89, 252);
INSERT INTO public.producer_product VALUES (489, 44);
INSERT INTO public.producer_product VALUES (127, 482);
INSERT INTO public.producer_product VALUES (728, 382);
INSERT INTO public.producer_product VALUES (430, 908);
INSERT INTO public.producer_product VALUES (646, 158);
INSERT INTO public.producer_product VALUES (417, 905);
INSERT INTO public.producer_product VALUES (262, 887);
INSERT INTO public.producer_product VALUES (227, 983);
INSERT INTO public.producer_product VALUES (636, 874);
INSERT INTO public.producer_product VALUES (941, 210);
INSERT INTO public.producer_product VALUES (822, 906);
INSERT INTO public.producer_product VALUES (648, 94);
INSERT INTO public.producer_product VALUES (534, 608);
INSERT INTO public.producer_product VALUES (555, 332);
INSERT INTO public.producer_product VALUES (26, 433);
INSERT INTO public.producer_product VALUES (93, 945);
INSERT INTO public.producer_product VALUES (984, 542);
INSERT INTO public.producer_product VALUES (214, 567);
INSERT INTO public.producer_product VALUES (746, 56);
INSERT INTO public.producer_product VALUES (124, 447);
INSERT INTO public.producer_product VALUES (888, 479);
INSERT INTO public.producer_product VALUES (313, 294);
INSERT INTO public.producer_product VALUES (784, 465);
INSERT INTO public.producer_product VALUES (738, 691);
INSERT INTO public.producer_product VALUES (82, 682);
INSERT INTO public.producer_product VALUES (413, 831);
INSERT INTO public.producer_product VALUES (777, 450);
INSERT INTO public.producer_product VALUES (794, 383);
INSERT INTO public.producer_product VALUES (37, 940);
INSERT INTO public.producer_product VALUES (696, 620);
INSERT INTO public.producer_product VALUES (270, 20);
INSERT INTO public.producer_product VALUES (180, 832);
INSERT INTO public.producer_product VALUES (783, 715);
INSERT INTO public.producer_product VALUES (927, 341);
INSERT INTO public.producer_product VALUES (700, 35);
INSERT INTO public.producer_product VALUES (649, 440);
INSERT INTO public.producer_product VALUES (29, 164);
INSERT INTO public.producer_product VALUES (337, 661);
INSERT INTO public.producer_product VALUES (573, 169);
INSERT INTO public.producer_product VALUES (314, 840);
INSERT INTO public.producer_product VALUES (611, 168);
INSERT INTO public.producer_product VALUES (356, 444);
INSERT INTO public.producer_product VALUES (968, 443);
INSERT INTO public.producer_product VALUES (637, 315);
INSERT INTO public.producer_product VALUES (750, 954);
INSERT INTO public.producer_product VALUES (382, 705);
INSERT INTO public.producer_product VALUES (658, 255);
INSERT INTO public.producer_product VALUES (547, 942);
INSERT INTO public.producer_product VALUES (243, 273);
INSERT INTO public.producer_product VALUES (899, 764);
INSERT INTO public.producer_product VALUES (597, 377);
INSERT INTO public.producer_product VALUES (727, 954);
INSERT INTO public.producer_product VALUES (659, 602);
INSERT INTO public.producer_product VALUES (158, 729);
INSERT INTO public.producer_product VALUES (947, 50);
INSERT INTO public.producer_product VALUES (20, 308);
INSERT INTO public.producer_product VALUES (221, 861);
INSERT INTO public.producer_product VALUES (860, 446);
INSERT INTO public.producer_product VALUES (265, 299);
INSERT INTO public.producer_product VALUES (30, 675);
INSERT INTO public.producer_product VALUES (618, 415);
INSERT INTO public.producer_product VALUES (581, 864);
INSERT INTO public.producer_product VALUES (916, 448);
INSERT INTO public.producer_product VALUES (412, 348);
INSERT INTO public.producer_product VALUES (894, 718);
INSERT INTO public.producer_product VALUES (939, 603);
INSERT INTO public.producer_product VALUES (645, 596);
INSERT INTO public.producer_product VALUES (777, 130);
INSERT INTO public.producer_product VALUES (843, 345);
INSERT INTO public.producer_product VALUES (658, 443);
INSERT INTO public.producer_product VALUES (742, 491);
INSERT INTO public.producer_product VALUES (297, 180);
INSERT INTO public.producer_product VALUES (842, 625);
INSERT INTO public.producer_product VALUES (861, 407);
INSERT INTO public.producer_product VALUES (713, 664);
INSERT INTO public.producer_product VALUES (13, 515);
INSERT INTO public.producer_product VALUES (746, 572);
INSERT INTO public.producer_product VALUES (569, 506);
INSERT INTO public.producer_product VALUES (872, 576);
INSERT INTO public.producer_product VALUES (612, 848);
INSERT INTO public.producer_product VALUES (123, 758);
INSERT INTO public.producer_product VALUES (914, 245);
INSERT INTO public.producer_product VALUES (628, 55);
INSERT INTO public.producer_product VALUES (716, 65);
INSERT INTO public.producer_product VALUES (144, 972);
INSERT INTO public.producer_product VALUES (93, 421);
INSERT INTO public.producer_product VALUES (749, 437);
INSERT INTO public.producer_product VALUES (552, 887);
INSERT INTO public.producer_product VALUES (189, 349);
INSERT INTO public.producer_product VALUES (694, 469);
INSERT INTO public.producer_product VALUES (797, 858);
INSERT INTO public.producer_product VALUES (646, 301);
INSERT INTO public.producer_product VALUES (614, 88);
INSERT INTO public.producer_product VALUES (314, 440);
INSERT INTO public.producer_product VALUES (910, 76);
INSERT INTO public.producer_product VALUES (188, 851);
INSERT INTO public.producer_product VALUES (564, 675);
INSERT INTO public.producer_product VALUES (891, 251);
INSERT INTO public.producer_product VALUES (9, 300);
INSERT INTO public.producer_product VALUES (973, 123);
INSERT INTO public.producer_product VALUES (121, 825);
INSERT INTO public.producer_product VALUES (150, 371);
INSERT INTO public.producer_product VALUES (650, 415);
INSERT INTO public.producer_product VALUES (936, 871);
INSERT INTO public.producer_product VALUES (945, 492);
INSERT INTO public.producer_product VALUES (927, 752);
INSERT INTO public.producer_product VALUES (352, 315);
INSERT INTO public.producer_product VALUES (789, 474);
INSERT INTO public.producer_product VALUES (199, 868);
INSERT INTO public.producer_product VALUES (581, 442);
INSERT INTO public.producer_product VALUES (852, 486);
INSERT INTO public.producer_product VALUES (187, 227);
INSERT INTO public.producer_product VALUES (349, 939);
INSERT INTO public.producer_product VALUES (854, 323);
INSERT INTO public.producer_product VALUES (337, 196);
INSERT INTO public.producer_product VALUES (214, 411);
INSERT INTO public.producer_product VALUES (233, 663);
INSERT INTO public.producer_product VALUES (542, 419);
INSERT INTO public.producer_product VALUES (928, 137);
INSERT INTO public.producer_product VALUES (967, 846);
INSERT INTO public.producer_product VALUES (728, 945);
INSERT INTO public.producer_product VALUES (76, 532);
INSERT INTO public.producer_product VALUES (313, 718);
INSERT INTO public.producer_product VALUES (589, 201);
INSERT INTO public.producer_product VALUES (489, 809);
INSERT INTO public.producer_product VALUES (764, 434);
INSERT INTO public.producer_product VALUES (924, 859);
INSERT INTO public.producer_product VALUES (595, 176);
INSERT INTO public.producer_product VALUES (912, 56);
INSERT INTO public.producer_product VALUES (984, 693);
INSERT INTO public.producer_product VALUES (980, 10);
INSERT INTO public.producer_product VALUES (868, 299);
INSERT INTO public.producer_product VALUES (866, 785);
INSERT INTO public.producer_product VALUES (616, 416);
INSERT INTO public.producer_product VALUES (816, 993);
INSERT INTO public.producer_product VALUES (390, 62);
INSERT INTO public.producer_product VALUES (514, 268);
INSERT INTO public.producer_product VALUES (887, 338);
INSERT INTO public.producer_product VALUES (806, 312);
INSERT INTO public.producer_product VALUES (861, 931);
INSERT INTO public.producer_product VALUES (990, 630);
INSERT INTO public.producer_product VALUES (857, 265);
INSERT INTO public.producer_product VALUES (436, 681);
INSERT INTO public.producer_product VALUES (138, 354);


--
-- Data for Name: products; Type: TABLE DATA; Schema: public; Owner: postgres
--

INSERT INTO public.products VALUES (1, 'Mmyvxpcpf', 104, '1955-11-04', 876, 725, '1977-11-20', 545, 1336);
INSERT INTO public.products VALUES (2, 'Gjohbd', 11, '1958-05-17', 203, 570, '1956-11-21', 414, 1105);
INSERT INTO public.products VALUES (3, 'Pgrma', 81, '1976-07-21', 922, 892, '1986-02-22', 762, 1587);
INSERT INTO public.products VALUES (4, 'Omljnxugxo', 922, '1956-05-11', 59, 952, '1963-06-22', 816, 812);
INSERT INTO public.products VALUES (5, 'Xbrewpkkp', 200, '1993-03-25', 542, 669, '1957-11-08', 658, 1814);
INSERT INTO public.products VALUES (6, 'Huyl', 193, '1987-10-27', 300, 187, '1955-07-27', 758, 1306);
INSERT INTO public.products VALUES (7, 'Dfgtltjstx', 792, '1954-11-23', 249, 168, '1958-04-04', 378, 1616);
INSERT INTO public.products VALUES (8, 'Tldx', 226, '1961-10-06', 652, 970, '1996-05-02', 806, 797);
INSERT INTO public.products VALUES (9, 'Dctlwnnpnc', 446, '1999-11-09', 263, 493, '1999-08-29', 721, 118);
INSERT INTO public.products VALUES (10, 'Eacojpmjar', 93, '1966-05-24', 750, 620, '1992-08-14', 861, 1681);
INSERT INTO public.products VALUES (11, 'Aenqyl', 718, '1977-08-12', 173, 457, '1982-03-03', 788, 1918);
INSERT INTO public.products VALUES (12, 'Pnnntm', 350, '1997-06-08', 228, 936, '1971-02-04', 91, 225);
INSERT INTO public.products VALUES (13, 'Ifiwebnjdi', 327, '1965-03-15', 833, 318, '1988-04-06', 964, 1425);
INSERT INTO public.products VALUES (14, 'Cdgqdwdq', 497, '1992-06-20', 703, 604, '1982-08-23', 430, 1548);
INSERT INTO public.products VALUES (15, 'Cnyuef', 216, '1955-11-10', 985, 534, '1995-11-29', 514, 720);
INSERT INTO public.products VALUES (16, 'Lscohkkg', 621, '1996-03-29', 233, 178, '1956-06-12', 591, 492);
INSERT INTO public.products VALUES (17, 'Ojncp', 748, '1958-09-13', 108, 346, '1973-04-17', 952, 876);
INSERT INTO public.products VALUES (18, 'Majuekiua', 648, '1958-07-12', 925, 8, '1969-07-01', 608, 1393);
INSERT INTO public.products VALUES (19, 'Lxmd', 810, '1967-11-20', 444, 619, '1956-02-20', 895, 852);
INSERT INTO public.products VALUES (20, 'Wrqd', 669, '1980-01-24', 427, 904, '1987-04-18', 496, 1501);
INSERT INTO public.products VALUES (21, 'Xlwao', 819, '1980-11-27', 256, 995, '1956-07-01', 289, 1075);
INSERT INTO public.products VALUES (22, 'Ptwloekcu', 359, '2000-05-09', 262, 719, '1964-09-26', 532, 741);
INSERT INTO public.products VALUES (23, 'Uhhgpwpjsr', 822, '1967-04-11', 771, 884, '1981-05-04', 84, 104);
INSERT INTO public.products VALUES (24, 'Lslp', 529, '1992-05-23', 743, 791, '1992-03-19', 547, 1248);
INSERT INTO public.products VALUES (25, 'Schvsj', 984, '1960-05-22', 677, 352, '1993-06-22', 629, 76);
INSERT INTO public.products VALUES (26, 'Obcmct', 640, '1955-08-14', 407, 28, '1998-10-09', 324, 1576);
INSERT INTO public.products VALUES (27, 'Bpfxsfbwi', 451, '1991-01-26', 778, 95, '1982-02-18', 306, 1493);
INSERT INTO public.products VALUES (28, 'Svfrepvv', 767, '1956-01-01', 851, 724, '1955-02-10', 873, 850);
INSERT INTO public.products VALUES (29, 'Wtjqge', 897, '1998-05-06', 251, 49, '1978-09-08', 927, 920);
INSERT INTO public.products VALUES (30, 'Hsnqeun', 181, '2000-08-11', 731, 634, '1955-04-28', 533, 1817);
INSERT INTO public.products VALUES (31, 'Treuluuayy', 77, '1985-03-23', 298, 746, '1996-01-11', 229, 741);
INSERT INTO public.products VALUES (32, 'Tfytuyn', 147, '1995-05-23', 67, 496, '1983-08-06', 226, 147);
INSERT INTO public.products VALUES (33, 'Vvnkqytfgt', 332, '1957-07-05', 185, 487, '1969-06-07', 621, 1900);
INSERT INTO public.products VALUES (34, 'Gxvpjf', 797, '1962-04-11', 821, 12, '1990-08-04', 965, 779);
INSERT INTO public.products VALUES (35, 'Sreqbxe', 221, '1955-08-08', 369, 67, '1970-08-23', 795, 1938);
INSERT INTO public.products VALUES (36, 'Nlrxqpi', 650, '1975-09-21', 803, 717, '1998-02-23', 902, 37);
INSERT INTO public.products VALUES (37, 'Ubrnfachm', 884, '1992-05-20', 926, 96, '1983-05-25', 514, 1211);
INSERT INTO public.products VALUES (38, 'Ybkhbtghc', 733, '1970-05-23', 841, 231, '1955-01-22', 561, 52);
INSERT INTO public.products VALUES (39, 'Wyflnlqf', 73, '1977-10-04', 9, 994, '1995-11-05', 555, 177);
INSERT INTO public.products VALUES (40, 'Ppspaw', 797, '1998-11-24', 833, 402, '1975-08-25', 357, 718);
INSERT INTO public.products VALUES (41, 'Xfskvwh', 268, '1978-02-09', 521, 933, '1971-09-28', 198, 40);
INSERT INTO public.products VALUES (42, 'Opuovl', 562, '1977-05-02', 281, 117, '1965-09-22', 460, 1435);
INSERT INTO public.products VALUES (43, 'Tvpkpqh', 845, '1965-09-23', 628, 487, '1987-03-05', 237, 214);
INSERT INTO public.products VALUES (44, 'Uyrlopalie', 942, '1988-08-16', 614, 328, '1978-05-06', 161, 664);
INSERT INTO public.products VALUES (45, 'Emilqcwrt', 667, '1970-05-07', 705, 456, '1965-04-03', 512, 1716);
INSERT INTO public.products VALUES (46, 'Sxluosly', 45, '1966-08-13', 224, 931, '1972-08-03', 499, 1113);
INSERT INTO public.products VALUES (47, 'Vasbuuaxy', 623, '1955-03-04', 957, 793, '1960-08-12', 963, 1949);
INSERT INTO public.products VALUES (48, 'Iakvwrl', 769, '1966-11-19', 937, 24, '1954-03-26', 232, 874);
INSERT INTO public.products VALUES (49, 'Jjnk', 883, '1955-05-11', 676, 958, '1965-01-21', 787, 1709);
INSERT INTO public.products VALUES (50, 'Hupkishb', 399, '1990-11-01', 864, 15, '1971-11-17', 747, 1337);
INSERT INTO public.products VALUES (51, 'Rlrepvie', 273, '2000-01-02', 164, 551, '1968-11-02', 380, 189);
INSERT INTO public.products VALUES (52, 'Ebcsbssnh', 403, '1974-01-04', 419, 807, '1996-09-24', 621, 1180);
INSERT INTO public.products VALUES (53, 'Ldgvgigr', 951, '1973-07-02', 86, 586, '1990-08-02', 221, 12);
INSERT INTO public.products VALUES (54, 'Vqxeiwxdwo', 751, '1989-10-12', 507, 657, '1954-03-24', 414, 607);
INSERT INTO public.products VALUES (55, 'Fdcjrh', 192, '1968-03-20', 255, 712, '1995-01-17', 830, 694);
INSERT INTO public.products VALUES (56, 'Ifeynjbgfs', 274, '1993-03-18', 640, 62, '1958-09-01', 790, 1741);
INSERT INTO public.products VALUES (57, 'Gtnoh', 267, '1970-11-29', 163, 671, '1983-11-27', 749, 1139);
INSERT INTO public.products VALUES (58, 'Rjkpdsttcd', 863, '1979-01-04', 453, 724, '1957-03-16', 41, 19);
INSERT INTO public.products VALUES (59, 'Lncajbjbil', 146, '1964-04-14', 502, 476, '1954-11-16', 639, 89);
INSERT INTO public.products VALUES (60, 'Tbffdfffmd', 796, '1975-10-08', 523, 28, '1967-09-25', 470, 1531);
INSERT INTO public.products VALUES (61, 'Ldcka', 617, '1979-03-17', 883, 387, '1964-01-21', 638, 745);
INSERT INTO public.products VALUES (62, 'Bbuvxiecv', 188, '1980-08-06', 425, 948, '1996-08-08', 854, 993);
INSERT INTO public.products VALUES (63, 'Uknbifgkf', 833, '1962-06-11', 640, 65, '1998-09-23', 9, 151);
INSERT INTO public.products VALUES (64, 'Svvtyik', 104, '1970-03-06', 351, 881, '1986-08-11', 650, 464);
INSERT INTO public.products VALUES (65, 'Pkts', 541, '1989-02-09', 680, 167, '1995-07-14', 575, 1126);
INSERT INTO public.products VALUES (66, 'Xmyuoaifal', 351, '1992-02-27', 657, 654, '1996-08-11', 242, 1477);
INSERT INTO public.products VALUES (67, 'Hflm', 680, '1984-10-28', 712, 109, '1966-05-01', 420, 1273);
INSERT INTO public.products VALUES (68, 'Ltog', 6, '1998-07-21', 8, 225, '1965-01-22', 572, 1169);
INSERT INTO public.products VALUES (69, 'Fntrwme', 567, '1991-04-20', 189, 697, '1990-10-10', 768, 1039);
INSERT INTO public.products VALUES (70, 'Cggk', 580, '1999-07-27', 559, 776, '1982-10-14', 254, 1938);
INSERT INTO public.products VALUES (71, 'Wxyuryvbfi', 665, '1973-11-27', 153, 885, '1975-10-24', 666, 589);
INSERT INTO public.products VALUES (72, 'Jvmtafdbgk', 130, '1971-02-17', 309, 428, '1977-02-19', 234, 1073);
INSERT INTO public.products VALUES (73, 'Mkwnsm', 413, '1960-02-09', 899, 424, '1979-09-07', 668, 706);
INSERT INTO public.products VALUES (74, 'Xuamqogt', 697, '1974-05-28', 921, 243, '1970-02-16', 877, 1354);
INSERT INTO public.products VALUES (75, 'Mmwhpjshf', 98, '1987-05-02', 763, 135, '1970-06-01', 707, 1363);
INSERT INTO public.products VALUES (76, 'Bxafmew', 589, '1962-02-21', 23, 245, '1988-02-28', 8, 1814);
INSERT INTO public.products VALUES (77, 'Vkqhefh', 53, '1955-04-09', 522, 584, '1986-10-27', 92, 1582);
INSERT INTO public.products VALUES (78, 'Poowm', 366, '1969-06-11', 170, 27, '1993-05-25', 701, 1306);
INSERT INTO public.products VALUES (79, 'Cuwdssddn', 167, '1981-06-01', 97, 864, '1983-09-08', 872, 886);
INSERT INTO public.products VALUES (80, 'Dwidxcnldp', 346, '1990-06-03', 60, 953, '1986-10-15', 270, 54);
INSERT INTO public.products VALUES (81, 'Rccryd', 695, '1969-03-25', 936, 37, '1998-08-29', 17, 287);
INSERT INTO public.products VALUES (82, 'Evgn', 965, '1954-09-02', 14, 900, '1990-04-29', 707, 703);
INSERT INTO public.products VALUES (83, 'Ndik', 720, '1994-11-27', 598, 955, '1973-03-11', 711, 1980);
INSERT INTO public.products VALUES (84, 'Naogamyc', 711, '1955-03-19', 187, 202, '1977-03-05', 397, 1926);
INSERT INTO public.products VALUES (85, 'Qxubtsm', 303, '1991-04-26', 223, 232, '1996-11-12', 128, 1159);
INSERT INTO public.products VALUES (86, 'Ihfco', 370, '1960-07-05', 501, 250, '2000-05-13', 596, 843);
INSERT INTO public.products VALUES (87, 'Xvaae', 399, '1998-04-28', 775, 841, '1967-09-09', 659, 1562);
INSERT INTO public.products VALUES (88, 'Xfmnuwoxtp', 165, '1959-09-22', 228, 478, '1964-10-06', 349, 731);
INSERT INTO public.products VALUES (89, 'Ficltp', 939, '1987-06-09', 723, 159, '1966-05-16', 465, 661);
INSERT INTO public.products VALUES (90, 'Qkcxuxw', 604, '1981-01-03', 17, 116, '1969-06-10', 872, 1179);
INSERT INTO public.products VALUES (91, 'Mputt', 225, '1983-07-16', 895, 488, '1978-10-21', 903, 1793);
INSERT INTO public.products VALUES (92, 'Hcpoylmnwy', 242, '1976-04-20', 709, 472, '1961-01-09', 628, 339);
INSERT INTO public.products VALUES (93, 'Qofoesqj', 909, '1981-03-25', 758, 600, '1969-10-20', 27, 741);
INSERT INTO public.products VALUES (94, 'Lqmbv', 123, '1994-06-08', 141, 863, '1980-05-11', 71, 1911);
INSERT INTO public.products VALUES (95, 'Qsirbiywan', 121, '1970-03-05', 335, 37, '1983-04-25', 78, 969);
INSERT INTO public.products VALUES (96, 'Xctldysok', 892, '1983-07-18', 511, 320, '1961-06-15', 609, 581);
INSERT INTO public.products VALUES (97, 'Mevyux', 209, '1971-08-27', 88, 389, '1971-09-15', 367, 635);
INSERT INTO public.products VALUES (98, 'Gjcv', 466, '1990-11-24', 774, 912, '1988-05-23', 716, 1837);
INSERT INTO public.products VALUES (99, 'Kerevs', 981, '1978-06-14', 837, 817, '1954-01-10', 637, 597);
INSERT INTO public.products VALUES (100, 'Djyik', 702, '1974-02-06', 821, 541, '1983-05-28', 57, 1725);
INSERT INTO public.products VALUES (101, 'Kxwrweihn', 82, '1979-03-19', 634, 846, '1981-10-22', 55, 535);
INSERT INTO public.products VALUES (102, 'Ekjo', 170, '1984-10-13', 817, 830, '1971-03-05', 693, 1253);
INSERT INTO public.products VALUES (103, 'Sfumfyet', 807, '1992-09-07', 466, 127, '1955-04-06', 4, 466);
INSERT INTO public.products VALUES (104, 'Yexlg', 9, '1963-05-21', 490, 466, '1978-05-25', 653, 1442);
INSERT INTO public.products VALUES (105, 'Myluinpray', 314, '1971-01-17', 779, 366, '1975-05-25', 448, 1875);
INSERT INTO public.products VALUES (106, 'Aaqiwrgl', 700, '1992-04-21', 582, 369, '1999-06-21', 68, 761);
INSERT INTO public.products VALUES (107, 'Ebncohxei', 305, '1968-07-17', 774, 609, '1992-04-29', 845, 835);
INSERT INTO public.products VALUES (108, 'Bkkwimohih', 858, '1984-10-28', 67, 815, '1979-02-10', 997, 1705);
INSERT INTO public.products VALUES (109, 'Seojdsa', 671, '1985-08-04', 553, 689, '1982-06-02', 857, 1179);
INSERT INTO public.products VALUES (110, 'Mtvqaav', 150, '1975-08-23', 634, 274, '1977-10-16', 395, 797);
INSERT INTO public.products VALUES (111, 'Ptqsbsynkj', 785, '1987-07-02', 959, 249, '1962-09-21', 368, 1174);
INSERT INTO public.products VALUES (112, 'Iewqsay', 509, '1976-07-19', 567, 74, '1964-08-21', 245, 800);
INSERT INTO public.products VALUES (113, 'Ksmehtym', 11, '1994-08-10', 576, 438, '1954-05-26', 477, 875);
INSERT INTO public.products VALUES (114, 'Tnxckkppx', 809, '1973-05-18', 312, 904, '1959-11-13', 471, 1462);
INSERT INTO public.products VALUES (115, 'Bqotqnl', 294, '1997-06-25', 706, 933, '1969-05-23', 392, 38);
INSERT INTO public.products VALUES (116, 'Pkjubwml', 254, '1986-11-12', 732, 274, '1975-10-26', 531, 330);
INSERT INTO public.products VALUES (117, 'Dsngrv', 806, '1956-11-16', 441, 194, '1968-02-12', 809, 1475);
INSERT INTO public.products VALUES (118, 'Vjogsptxjr', 685, '1989-03-19', 244, 435, '1955-03-26', 766, 615);
INSERT INTO public.products VALUES (119, 'Deowy', 728, '1982-10-20', 905, 388, '1983-04-19', 690, 1906);
INSERT INTO public.products VALUES (120, 'Wvjm', 798, '1988-07-05', 632, 310, '1975-04-04', 289, 1745);
INSERT INTO public.products VALUES (121, 'Otugwgegop', 553, '1982-07-13', 801, 591, '1999-10-14', 762, 1440);
INSERT INTO public.products VALUES (122, 'Xfrueude', 605, '1992-05-05', 843, 444, '1991-03-21', 792, 368);
INSERT INTO public.products VALUES (123, 'Hvey', 949, '1993-07-06', 386, 309, '1999-08-13', 474, 1443);
INSERT INTO public.products VALUES (124, 'Rphr', 44, '1971-10-27', 452, 453, '1965-01-09', 750, 1251);
INSERT INTO public.products VALUES (125, 'Mulrugj', 436, '1972-11-02', 480, 760, '1981-07-20', 77, 368);
INSERT INTO public.products VALUES (126, 'Pimuul', 222, '1960-03-11', 47, 479, '1967-09-04', 968, 1681);
INSERT INTO public.products VALUES (127, 'Hungdidsr', 606, '1996-09-17', 199, 592, '1965-09-11', 346, 443);
INSERT INTO public.products VALUES (128, 'Lybrep', 179, '1985-05-11', 723, 852, '1982-07-13', 991, 1145);
INSERT INTO public.products VALUES (129, 'Xklyjnn', 799, '1969-11-24', 194, 529, '1998-07-24', 324, 444);
INSERT INTO public.products VALUES (130, 'Qdvxe', 532, '1956-09-14', 182, 122, '1984-07-10', 321, 818);
INSERT INTO public.products VALUES (131, 'Qhpgirhll', 174, '2000-03-08', 861, 695, '1976-01-04', 412, 121);
INSERT INTO public.products VALUES (132, 'Hrvtdsw', 10, '1972-07-17', 938, 178, '1971-11-23', 867, 749);
INSERT INTO public.products VALUES (133, 'Xvncm', 269, '1964-10-15', 33, 244, '1959-02-01', 155, 373);
INSERT INTO public.products VALUES (134, 'Blbqr', 501, '1982-10-17', 8, 142, '1976-02-18', 913, 1766);
INSERT INTO public.products VALUES (135, 'Auws', 843, '1994-09-22', 197, 253, '1984-09-13', 425, 186);
INSERT INTO public.products VALUES (136, 'Wukmrf', 918, '1966-07-04', 856, 890, '1984-09-22', 714, 36);
INSERT INTO public.products VALUES (137, 'Wywkoj', 243, '1970-07-26', 324, 374, '1983-07-25', 973, 1782);
INSERT INTO public.products VALUES (138, 'Qqnuil', 373, '1968-05-07', 72, 69, '1978-08-19', 486, 428);
INSERT INTO public.products VALUES (139, 'Syexwn', 961, '1998-09-15', 724, 391, '1979-03-06', 606, 588);
INSERT INTO public.products VALUES (140, 'Covamjbfcy', 623, '1969-11-15', 834, 633, '1974-09-28', 520, 1954);
INSERT INTO public.products VALUES (141, 'Ammm', 922, '1965-05-05', 581, 847, '1976-09-03', 191, 1703);
INSERT INTO public.products VALUES (142, 'Dyjtsvn', 393, '1961-02-08', 615, 347, '1984-03-19', 410, 880);
INSERT INTO public.products VALUES (143, 'Gwfdpfo', 813, '2000-02-06', 684, 378, '1988-05-02', 503, 395);
INSERT INTO public.products VALUES (144, 'Lafw', 421, '1998-08-04', 861, 859, '1988-06-02', 110, 1039);
INSERT INTO public.products VALUES (145, 'Ylkcxete', 400, '1984-04-13', 270, 419, '1988-08-20', 280, 629);
INSERT INTO public.products VALUES (146, 'Vmyrk', 38, '1970-08-09', 789, 362, '1983-10-29', 787, 1110);
INSERT INTO public.products VALUES (147, 'Qmyvbftyjs', 789, '1992-06-15', 677, 963, '1962-02-13', 876, 287);
INSERT INTO public.products VALUES (148, 'Omicsmbd', 321, '1978-10-02', 792, 640, '1970-05-11', 717, 766);
INSERT INTO public.products VALUES (149, 'Qtxcpa', 674, '1972-06-23', 441, 711, '1994-01-16', 645, 1976);
INSERT INTO public.products VALUES (150, 'Tklye', 805, '1981-08-20', 987, 462, '1979-09-23', 975, 464);
INSERT INTO public.products VALUES (151, 'Vkupxpid', 317, '1990-07-18', 157, 945, '1992-07-09', 122, 563);
INSERT INTO public.products VALUES (152, 'Bslqc', 271, '1989-06-05', 213, 600, '1966-06-15', 169, 1405);
INSERT INTO public.products VALUES (153, 'Jmcvugo', 669, '1970-06-11', 131, 703, '1993-03-01', 635, 1591);
INSERT INTO public.products VALUES (154, 'Luqx', 761, '1970-10-26', 532, 487, '1992-06-02', 759, 1872);
INSERT INTO public.products VALUES (155, 'Rmwth', 875, '1991-02-12', 437, 547, '1962-05-29', 268, 42);
INSERT INTO public.products VALUES (156, 'Avkh', 928, '1977-05-14', 581, 401, '1974-07-02', 640, 654);
INSERT INTO public.products VALUES (157, 'Geqrgwegjw', 3, '1963-06-08', 255, 813, '1985-03-15', 539, 919);
INSERT INTO public.products VALUES (158, 'Jncf', 809, '1985-10-10', 536, 555, '1982-11-01', 987, 25);
INSERT INTO public.products VALUES (159, 'Ikyacteka', 903, '1994-06-10', 717, 116, '1994-01-15', 653, 38);
INSERT INTO public.products VALUES (160, 'Mjkp', 390, '1988-11-01', 634, 623, '1981-03-13', 168, 1681);
INSERT INTO public.products VALUES (161, 'Kpvn', 584, '1973-05-16', 90, 948, '1962-11-11', 232, 329);
INSERT INTO public.products VALUES (162, 'Dtgotouf', 347, '1974-11-10', 21, 507, '1966-08-19', 798, 831);
INSERT INTO public.products VALUES (163, 'Xrujjaqhkk', 92, '1964-03-02', 549, 369, '1978-01-20', 717, 805);
INSERT INTO public.products VALUES (164, 'Fncdexpf', 572, '1969-05-20', 60, 652, '1972-08-04', 277, 1008);
INSERT INTO public.products VALUES (165, 'Qblhbjrxmx', 59, '1974-08-06', 208, 988, '1964-11-09', 281, 889);
INSERT INTO public.products VALUES (166, 'Oqpr', 518, '2000-04-16', 527, 643, '1968-04-15', 515, 1525);
INSERT INTO public.products VALUES (167, 'Uaqgrqet', 297, '1996-08-27', 754, 933, '1985-09-06', 528, 1567);
INSERT INTO public.products VALUES (168, 'Whlyjl', 237, '1964-11-09', 694, 149, '1997-09-12', 203, 365);
INSERT INTO public.products VALUES (169, 'Eiovv', 544, '1957-10-25', 201, 516, '1975-02-09', 481, 94);
INSERT INTO public.products VALUES (170, 'Fknbhrrlb', 511, '1973-05-02', 761, 152, '1973-04-11', 391, 631);
INSERT INTO public.products VALUES (171, 'Hbxqhj', 591, '1962-09-05', 811, 365, '1981-11-25', 580, 1429);
INSERT INTO public.products VALUES (172, 'Vkio', 644, '1991-07-03', 181, 875, '1969-11-14', 47, 1102);
INSERT INTO public.products VALUES (173, 'Oggbsnrc', 654, '1960-03-24', 157, 200, '2000-10-19', 298, 195);
INSERT INTO public.products VALUES (174, 'Qbnq', 61, '1981-08-19', 410, 426, '1975-03-06', 528, 530);
INSERT INTO public.products VALUES (175, 'Jayqgnxvn', 323, '1963-02-04', 352, 872, '1990-09-05', 108, 927);
INSERT INTO public.products VALUES (176, 'Qpmy', 830, '1961-06-05', 723, 815, '1964-01-23', 246, 969);
INSERT INTO public.products VALUES (177, 'Grgar', 350, '1983-02-27', 39, 333, '1960-06-16', 985, 1410);
INSERT INTO public.products VALUES (178, 'Lniecsu', 753, '1983-01-07', 49, 817, '1966-02-04', 105, 724);
INSERT INTO public.products VALUES (179, 'Mynvbejooh', 121, '1997-04-08', 209, 552, '1980-09-20', 946, 497);
INSERT INTO public.products VALUES (180, 'Esgqb', 317, '1982-09-09', 375, 995, '1972-08-20', 638, 1176);
INSERT INTO public.products VALUES (181, 'Xcfhrd', 169, '1972-11-22', 815, 267, '1967-05-15', 801, 588);
INSERT INTO public.products VALUES (182, 'Ddmfvixhds', 816, '1989-11-23', 258, 775, '1982-08-15', 361, 665);
INSERT INTO public.products VALUES (183, 'Ttjbgdnplb', 501, '1965-11-24', 408, 300, '1969-07-16', 25, 1512);
INSERT INTO public.products VALUES (184, 'Fskjbibnnw', 246, '1962-02-13', 234, 493, '1977-06-05', 384, 1026);
INSERT INTO public.products VALUES (185, 'Jylboxw', 737, '1962-03-08', 261, 165, '1973-02-15', 358, 741);
INSERT INTO public.products VALUES (186, 'Ttbi', 705, '1980-03-18', 455, 241, '1966-09-06', 968, 945);
INSERT INTO public.products VALUES (187, 'Unqj', 256, '1983-05-03', 351, 28, '1966-04-14', 354, 1670);
INSERT INTO public.products VALUES (188, 'Xkqgwxqt', 81, '1991-04-01', 924, 385, '1983-11-11', 860, 1760);
INSERT INTO public.products VALUES (189, 'Ceytndyeu', 75, '1989-01-11', 793, 805, '1975-07-05', 592, 1865);
INSERT INTO public.products VALUES (190, 'Yjlopk', 307, '1988-07-09', 478, 217, '1959-10-28', 159, 68);
INSERT INTO public.products VALUES (191, 'Djmwangdfo', 849, '1956-02-03', 286, 401, '1955-06-06', 42, 1617);
INSERT INTO public.products VALUES (192, 'Ienhyudx', 103, '1998-02-23', 994, 810, '1959-08-23', 3, 1685);
INSERT INTO public.products VALUES (193, 'Efxllqfvh', 151, '1979-07-29', 462, 9, '1968-06-16', 200, 1752);
INSERT INTO public.products VALUES (194, 'Twyiq', 926, '1958-09-14', 796, 27, '1967-09-05', 205, 97);
INSERT INTO public.products VALUES (195, 'Xfygt', 71, '1965-07-04', 119, 789, '1974-02-14', 513, 1639);
INSERT INTO public.products VALUES (196, 'Yehhw', 254, '2000-05-12', 257, 520, '1975-06-22', 328, 71);
INSERT INTO public.products VALUES (197, 'Xenr', 121, '2000-04-02', 808, 513, '1980-01-14', 413, 933);
INSERT INTO public.products VALUES (198, 'Meijrs', 996, '1960-06-22', 98, 569, '1967-10-03', 861, 896);
INSERT INTO public.products VALUES (199, 'Mmrdvhv', 538, '1972-06-15', 618, 315, '2000-05-12', 755, 1242);
INSERT INTO public.products VALUES (200, 'Ylcmcxqu', 648, '1987-09-15', 950, 117, '1955-10-26', 96, 1798);
INSERT INTO public.products VALUES (201, 'Ghbottjbcc', 299, '1959-10-29', 563, 950, '1966-01-25', 774, 721);
INSERT INTO public.products VALUES (202, 'Urngd', 366, '1958-02-07', 677, 737, '1969-08-13', 453, 598);
INSERT INTO public.products VALUES (203, 'Wnuxmptin', 854, '1988-10-22', 616, 887, '1984-03-05', 901, 991);
INSERT INTO public.products VALUES (204, 'Oclb', 592, '1957-01-06', 848, 94, '2000-05-18', 568, 254);
INSERT INTO public.products VALUES (205, 'Dvualyexxc', 386, '1999-02-14', 336, 574, '1988-01-16', 969, 1191);
INSERT INTO public.products VALUES (206, 'Ldmagpc', 280, '1991-11-29', 889, 706, '1992-02-06', 800, 1129);
INSERT INTO public.products VALUES (207, 'Eixnokkd', 362, '1970-09-26', 544, 306, '1988-10-09', 125, 104);
INSERT INTO public.products VALUES (208, 'Bqrhpxdedg', 756, '1982-11-22', 56, 11, '1989-07-25', 928, 1434);
INSERT INTO public.products VALUES (209, 'Quvkx', 250, '1973-06-10', 329, 549, '1979-05-04', 796, 359);
INSERT INTO public.products VALUES (210, 'Lvqequhij', 702, '1983-07-23', 936, 232, '1956-01-05', 278, 1185);
INSERT INTO public.products VALUES (211, 'Gneu', 981, '1996-01-23', 759, 245, '1975-03-21', 721, 614);
INSERT INTO public.products VALUES (212, 'Tffqygh', 114, '1999-10-10', 304, 625, '1958-04-26', 584, 599);
INSERT INTO public.products VALUES (213, 'Uosgwqlwe', 87, '1958-06-13', 826, 752, '1986-04-15', 590, 1123);
INSERT INTO public.products VALUES (214, 'Yvsp', 383, '1970-07-02', 647, 942, '1962-08-27', 337, 544);
INSERT INTO public.products VALUES (215, 'Orpvmm', 67, '1997-04-24', 226, 519, '1996-03-13', 72, 553);
INSERT INTO public.products VALUES (216, 'Pdvn', 961, '1999-03-23', 327, 737, '1962-05-25', 494, 1719);
INSERT INTO public.products VALUES (217, 'Duqmv', 183, '1983-02-09', 863, 999, '1978-06-20', 616, 1131);
INSERT INTO public.products VALUES (218, 'Olfavrbcyj', 972, '1996-07-06', 394, 70, '1976-10-09', 561, 903);
INSERT INTO public.products VALUES (219, 'Bvslhlnqb', 789, '1997-09-15', 795, 446, '1982-04-05', 843, 827);
INSERT INTO public.products VALUES (220, 'Afvyn', 302, '1970-06-28', 85, 520, '1969-11-04', 52, 1716);
INSERT INTO public.products VALUES (221, 'Xvqbvinhdk', 238, '1993-09-17', 633, 951, '1960-10-06', 287, 1309);
INSERT INTO public.products VALUES (222, 'Vrwfcdbv', 132, '1985-04-19', 782, 751, '1997-01-06', 233, 330);
INSERT INTO public.products VALUES (223, 'Hsminyts', 794, '1993-04-03', 978, 24, '1972-04-12', 152, 935);
INSERT INTO public.products VALUES (224, 'Scgqsd', 814, '1970-10-25', 241, 943, '1994-02-10', 392, 1962);
INSERT INTO public.products VALUES (225, 'Itin', 84, '1954-01-19', 751, 931, '1979-03-22', 237, 1840);
INSERT INTO public.products VALUES (226, 'Sgin', 371, '1965-06-05', 102, 639, '1978-02-04', 92, 1440);
INSERT INTO public.products VALUES (227, 'Epdeicgli', 316, '1975-09-12', 730, 240, '1962-09-23', 593, 641);
INSERT INTO public.products VALUES (228, 'Pdmu', 746, '1967-11-10', 74, 448, '1980-09-23', 989, 165);
INSERT INTO public.products VALUES (229, 'Vcklv', 645, '1989-01-23', 205, 283, '1958-04-08', 783, 1534);
INSERT INTO public.products VALUES (230, 'Fbrdu', 479, '1999-05-26', 573, 252, '1988-09-26', 524, 87);
INSERT INTO public.products VALUES (231, 'Kaqeyru', 83, '1972-11-11', 449, 998, '1985-07-05', 458, 1497);
INSERT INTO public.products VALUES (232, 'Mfcj', 492, '1994-06-25', 753, 84, '1958-10-28', 408, 699);
INSERT INTO public.products VALUES (233, 'Cdrynx', 362, '1997-01-26', 599, 974, '1993-05-02', 216, 1594);
INSERT INTO public.products VALUES (234, 'Kydcyw', 406, '1987-07-23', 380, 1, '1993-04-05', 965, 677);
INSERT INTO public.products VALUES (235, 'Rscok', 590, '1966-09-12', 204, 535, '1979-10-22', 719, 1778);
INSERT INTO public.products VALUES (236, 'Btrhucsk', 331, '1972-08-13', 613, 738, '1997-10-17', 889, 1099);
INSERT INTO public.products VALUES (237, 'Evyeanseq', 602, '1984-10-24', 232, 503, '1958-01-20', 788, 946);
INSERT INTO public.products VALUES (238, 'Qjkpqejjfj', 491, '1959-06-05', 651, 393, '1989-02-17', 742, 129);
INSERT INTO public.products VALUES (239, 'Spxmgmxx', 98, '1978-08-29', 458, 390, '1985-04-05', 904, 1824);
INSERT INTO public.products VALUES (240, 'Cvafen', 878, '1997-01-16', 367, 271, '1985-11-15', 898, 846);
INSERT INTO public.products VALUES (241, 'Eiwio', 346, '1959-06-23', 835, 443, '1999-09-07', 185, 1796);
INSERT INTO public.products VALUES (242, 'Nosvfks', 673, '1975-10-06', 587, 897, '1989-09-17', 262, 705);
INSERT INTO public.products VALUES (243, 'Mwjlmenf', 878, '1970-06-09', 923, 414, '1966-08-22', 388, 926);
INSERT INTO public.products VALUES (244, 'Dbmsrm', 158, '1981-01-03', 813, 79, '1989-02-24', 753, 1980);
INSERT INTO public.products VALUES (245, 'Vexcrij', 69, '2000-07-20', 727, 768, '1985-10-04', 289, 1828);
INSERT INTO public.products VALUES (246, 'Wgiiqqmhvq', 472, '1986-04-16', 709, 199, '1981-09-02', 202, 1244);
INSERT INTO public.products VALUES (247, 'Vafmya', 329, '1997-02-19', 613, 391, '1955-02-24', 371, 153);
INSERT INTO public.products VALUES (248, 'Xckplq', 72, '1994-08-01', 837, 489, '1956-09-07', 852, 251);
INSERT INTO public.products VALUES (249, 'Mduby', 697, '1993-04-07', 810, 538, '1971-02-17', 887, 1877);
INSERT INTO public.products VALUES (250, 'Ilrl', 564, '1983-07-02', 947, 33, '1961-06-21', 339, 1679);
INSERT INTO public.products VALUES (251, 'Fnyessqba', 986, '1974-04-26', 446, 313, '1970-04-02', 646, 1985);
INSERT INTO public.products VALUES (252, 'Rwnqtnxqd', 351, '1993-04-21', 664, 217, '1954-08-27', 791, 145);
INSERT INTO public.products VALUES (253, 'Gadh', 449, '1979-10-06', 621, 452, '1975-08-29', 32, 1295);
INSERT INTO public.products VALUES (254, 'Kenmamb', 513, '1962-08-02', 850, 998, '1975-02-16', 433, 1775);
INSERT INTO public.products VALUES (255, 'Quwfybtwjs', 38, '1966-07-10', 144, 748, '1966-09-23', 959, 969);
INSERT INTO public.products VALUES (256, 'Pqwhgo', 555, '1993-03-01', 755, 463, '1958-10-01', 119, 1234);
INSERT INTO public.products VALUES (257, 'Jvarypp', 897, '2000-01-17', 815, 879, '1970-02-02', 697, 1970);
INSERT INTO public.products VALUES (258, 'Dmljlepgw', 381, '1979-05-18', 140, 582, '1977-11-13', 672, 400);
INSERT INTO public.products VALUES (259, 'Gbnmqxci', 401, '1997-10-12', 395, 883, '1966-05-26', 11, 1906);
INSERT INTO public.products VALUES (260, 'Btdyjoka', 257, '1962-06-02', 305, 489, '1995-03-12', 510, 423);
INSERT INTO public.products VALUES (261, 'Asbyjusxe', 492, '1980-11-16', 755, 360, '1978-01-09', 983, 737);
INSERT INTO public.products VALUES (262, 'Mekfie', 972, '1994-06-09', 90, 311, '1963-10-18', 273, 1010);
INSERT INTO public.products VALUES (263, 'Gxyk', 877, '1981-11-26', 835, 389, '1963-07-20', 840, 372);
INSERT INTO public.products VALUES (264, 'Jflv', 3, '1966-10-16', 462, 668, '1987-01-05', 172, 928);
INSERT INTO public.products VALUES (265, 'Nlmwuq', 796, '1986-02-06', 233, 800, '1986-09-12', 898, 1484);
INSERT INTO public.products VALUES (266, 'Kscwgcc', 638, '1981-09-23', 861, 70, '1967-07-08', 760, 374);
INSERT INTO public.products VALUES (267, 'Wcinj', 899, '1980-07-04', 521, 303, '1994-10-08', 163, 1237);
INSERT INTO public.products VALUES (268, 'Eihqvqynb', 622, '1964-02-25', 215, 673, '1985-10-19', 192, 673);
INSERT INTO public.products VALUES (269, 'Viuho', 974, '1996-05-14', 200, 591, '1991-04-26', 413, 1413);
INSERT INTO public.products VALUES (270, 'Tluxs', 555, '1992-08-13', 173, 403, '1982-07-16', 616, 138);
INSERT INTO public.products VALUES (271, 'Yiqifbj', 295, '1987-05-06', 378, 136, '1992-04-26', 849, 1018);
INSERT INTO public.products VALUES (272, 'Lcjqqcael', 111, '1972-06-23', 165, 209, '1994-10-01', 205, 712);
INSERT INTO public.products VALUES (273, 'Htknyugcr', 767, '1957-06-03', 897, 859, '1984-02-21', 781, 615);
INSERT INTO public.products VALUES (274, 'Jpridctw', 642, '1998-07-26', 446, 409, '1987-08-28', 890, 895);
INSERT INTO public.products VALUES (275, 'Bhscv', 905, '1990-07-18', 758, 80, '1976-04-09', 629, 1409);
INSERT INTO public.products VALUES (276, 'Tbbac', 678, '1976-10-03', 65, 260, '1973-05-08', 693, 1737);
INSERT INTO public.products VALUES (277, 'Dxmhrpoj', 255, '1965-09-25', 143, 742, '1999-04-10', 407, 1932);
INSERT INTO public.products VALUES (278, 'Dprej', 606, '1991-01-04', 292, 139, '1993-03-16', 849, 1310);
INSERT INTO public.products VALUES (279, 'Gcankapio', 468, '1954-06-20', 294, 496, '1976-03-21', 653, 398);
INSERT INTO public.products VALUES (280, 'Eejxanackp', 357, '1966-01-20', 947, 611, '1999-03-27', 922, 480);
INSERT INTO public.products VALUES (281, 'Yuqcdgst', 195, '1964-06-23', 383, 316, '1967-11-15', 306, 216);
INSERT INTO public.products VALUES (282, 'Vuqpcmjlr', 148, '1965-05-27', 615, 749, '1982-06-23', 86, 771);
INSERT INTO public.products VALUES (283, 'Rjan', 2, '1954-03-07', 415, 611, '1992-11-27', 490, 1039);
INSERT INTO public.products VALUES (284, 'Gnccgxykcm', 219, '1982-01-08', 227, 830, '2000-01-04', 559, 1825);
INSERT INTO public.products VALUES (285, 'Drswmqul', 318, '1989-07-16', 819, 487, '1981-03-21', 430, 790);
INSERT INTO public.products VALUES (286, 'Bisbt', 539, '2000-09-15', 155, 954, '1957-10-08', 391, 1186);
INSERT INTO public.products VALUES (287, 'Vgngsi', 505, '1985-11-04', 842, 74, '1983-10-26', 751, 554);
INSERT INTO public.products VALUES (288, 'Vrsgvh', 623, '1958-02-23', 642, 599, '1959-02-06', 555, 154);
INSERT INTO public.products VALUES (289, 'Yiqt', 968, '1969-04-17', 593, 557, '1993-11-23', 638, 1138);
INSERT INTO public.products VALUES (290, 'Nkndm', 865, '1971-08-20', 641, 517, '1970-01-27', 324, 1279);
INSERT INTO public.products VALUES (291, 'Xddv', 225, '1985-02-16', 558, 456, '1991-08-03', 652, 970);
INSERT INTO public.products VALUES (292, 'Rbweroatt', 86, '1959-06-04', 242, 770, '1994-11-19', 410, 54);
INSERT INTO public.products VALUES (293, 'Fgfa', 807, '1999-11-25', 765, 699, '1991-02-08', 894, 372);
INSERT INTO public.products VALUES (294, 'Dynf', 992, '1971-09-06', 562, 960, '2000-05-10', 823, 1793);
INSERT INTO public.products VALUES (295, 'Mdvyjr', 250, '1973-02-05', 558, 524, '1957-02-14', 906, 1884);
INSERT INTO public.products VALUES (296, 'Aibakdx', 576, '1967-05-06', 289, 910, '1964-06-07', 118, 238);
INSERT INTO public.products VALUES (297, 'Jiljgxotvp', 684, '1974-06-04', 81, 586, '1994-11-12', 699, 367);
INSERT INTO public.products VALUES (298, 'Iantk', 210, '1979-03-28', 569, 553, '1967-07-11', 417, 1436);
INSERT INTO public.products VALUES (299, 'Alkayatk', 870, '1988-09-01', 831, 289, '1967-08-17', 615, 13);
INSERT INTO public.products VALUES (300, 'Ylcdecowh', 660, '1966-05-06', 562, 550, '1973-06-17', 728, 371);
INSERT INTO public.products VALUES (301, 'Kksxkjjvi', 243, '1969-03-03', 82, 417, '1973-11-22', 322, 26);
INSERT INTO public.products VALUES (302, 'Hwubwgtgxb', 316, '1999-07-10', 435, 66, '1985-09-25', 920, 1379);
INSERT INTO public.products VALUES (303, 'Lameewuki', 359, '1964-06-06', 439, 334, '1969-08-08', 363, 1823);
INSERT INTO public.products VALUES (304, 'Sfucmlxo', 928, '1968-02-20', 303, 227, '1993-07-11', 593, 1283);
INSERT INTO public.products VALUES (305, 'Uktkthhdy', 190, '1955-07-26', 492, 871, '1999-07-22', 506, 1144);
INSERT INTO public.products VALUES (306, 'Ekaaupiy', 291, '1973-09-15', 647, 644, '1980-06-14', 828, 1926);
INSERT INTO public.products VALUES (307, 'Wtaqbjjcjb', 780, '1977-03-08', 100, 128, '1955-10-22', 636, 33);
INSERT INTO public.products VALUES (308, 'Iugmtj', 624, '1994-04-11', 856, 109, '1976-05-09', 676, 1057);
INSERT INTO public.products VALUES (309, 'Wxdysfgdlv', 120, '1975-10-19', 340, 862, '1986-07-10', 632, 1344);
INSERT INTO public.products VALUES (310, 'Vbiku', 558, '1957-09-07', 553, 803, '1979-10-10', 918, 1517);
INSERT INTO public.products VALUES (311, 'Ahgmutnpu', 931, '1972-01-13', 771, 770, '1981-04-24', 16, 436);
INSERT INTO public.products VALUES (312, 'Wplhtufq', 82, '1959-02-24', 282, 773, '2000-03-02', 344, 755);
INSERT INTO public.products VALUES (313, 'Ceootjh', 898, '1988-06-27', 655, 217, '1986-09-08', 757, 282);
INSERT INTO public.products VALUES (314, 'Cfqn', 65, '1981-02-13', 611, 834, '1958-09-22', 724, 621);
INSERT INTO public.products VALUES (315, 'Ttshyri', 671, '1992-06-22', 114, 510, '1989-07-12', 993, 953);
INSERT INTO public.products VALUES (316, 'Qlxye', 236, '1970-08-09', 345, 515, '1967-11-23', 467, 789);
INSERT INTO public.products VALUES (317, 'Yajoowgvp', 261, '1985-01-09', 966, 991, '1962-02-03', 893, 782);
INSERT INTO public.products VALUES (318, 'Qlpq', 803, '1970-06-14', 190, 52, '1998-01-06', 126, 844);
INSERT INTO public.products VALUES (319, 'Usuaol', 816, '1964-03-28', 768, 261, '1965-02-08', 886, 1456);
INSERT INTO public.products VALUES (320, 'Bbfwkvei', 457, '1994-03-09', 627, 825, '1963-07-19', 183, 157);
INSERT INTO public.products VALUES (321, 'Ubbqihbliq', 630, '1979-07-08', 326, 594, '1990-10-20', 386, 1154);
INSERT INTO public.products VALUES (322, 'Hppj', 125, '1954-02-06', 331, 232, '1956-11-04', 87, 939);
INSERT INTO public.products VALUES (323, 'Mvonysck', 769, '1963-03-03', 11, 299, '1964-01-29', 821, 1447);
INSERT INTO public.products VALUES (324, 'Assg', 566, '1980-08-02', 149, 785, '1981-10-05', 850, 1788);
INSERT INTO public.products VALUES (325, 'Oxmqwcv', 683, '1975-05-16', 383, 689, '2000-05-06', 627, 1301);
INSERT INTO public.products VALUES (326, 'Dowl', 975, '1973-03-06', 59, 536, '1981-02-08', 825, 965);
INSERT INTO public.products VALUES (327, 'Pncxfroa', 959, '1977-10-05', 363, 348, '1963-06-19', 700, 1318);
INSERT INTO public.products VALUES (328, 'Aihjquvrww', 452, '1995-08-25', 448, 792, '1971-07-13', 728, 1480);
INSERT INTO public.products VALUES (329, 'Cmocxauy', 897, '1996-10-06', 808, 289, '1993-01-19', 368, 682);
INSERT INTO public.products VALUES (330, 'Ovok', 530, '1975-06-16', 739, 51, '1964-05-25', 908, 1912);
INSERT INTO public.products VALUES (331, 'Egnurvrqv', 646, '1960-10-25', 314, 595, '1999-04-29', 282, 1700);
INSERT INTO public.products VALUES (332, 'Hlyexs', 882, '1981-09-28', 814, 430, '1988-01-02', 430, 79);
INSERT INTO public.products VALUES (333, 'Evlbfhn', 425, '1999-02-04', 35, 801, '1956-10-27', 287, 1255);
INSERT INTO public.products VALUES (334, 'Kopfdn', 517, '1973-02-28', 497, 82, '1956-07-29', 558, 719);
INSERT INTO public.products VALUES (335, 'Pwutmbbfhm', 556, '1984-08-11', 217, 123, '1972-05-08', 386, 1586);
INSERT INTO public.products VALUES (336, 'Hiuaw', 65, '1996-08-08', 275, 345, '1954-08-29', 504, 96);
INSERT INTO public.products VALUES (337, 'Yaqw', 860, '2000-02-18', 649, 753, '1965-02-04', 591, 344);
INSERT INTO public.products VALUES (338, 'Hnaonxl', 374, '1993-02-18', 364, 817, '1995-11-28', 625, 1928);
INSERT INTO public.products VALUES (339, 'Stfvs', 345, '1961-06-24', 268, 862, '1961-03-08', 187, 41);
INSERT INTO public.products VALUES (340, 'Hgeyhhw', 727, '1981-04-04', 495, 305, '1995-09-28', 573, 141);
INSERT INTO public.products VALUES (341, 'Ptefn', 883, '1979-05-14', 17, 1, '1995-05-06', 546, 1367);
INSERT INTO public.products VALUES (342, 'Qvxpbjon', 372, '1975-11-03', 218, 342, '1993-09-22', 652, 1303);
INSERT INTO public.products VALUES (343, 'Kqvb', 819, '1960-10-01', 464, 815, '1971-03-13', 252, 1522);
INSERT INTO public.products VALUES (344, 'Yjcexmesf', 14, '1961-06-11', 403, 134, '1970-11-16', 747, 1978);
INSERT INTO public.products VALUES (345, 'Rrohx', 282, '1968-08-18', 16, 50, '1983-06-12', 53, 1936);
INSERT INTO public.products VALUES (346, 'Ogjtxnq', 798, '1957-07-22', 936, 164, '1989-06-29', 394, 881);
INSERT INTO public.products VALUES (347, 'Vycxeks', 462, '1993-06-19', 237, 846, '1972-04-23', 810, 303);
INSERT INTO public.products VALUES (348, 'Omkxfrar', 963, '1971-09-17', 847, 53, '1972-03-07', 710, 636);
INSERT INTO public.products VALUES (349, 'Vuilcqkat', 466, '1994-04-25', 197, 34, '1980-07-07', 204, 1726);
INSERT INTO public.products VALUES (350, 'Mppbgv', 865, '1997-02-09', 528, 328, '1973-03-14', 804, 954);
INSERT INTO public.products VALUES (351, 'Irdypliaug', 569, '1988-10-27', 729, 580, '1981-05-25', 283, 1379);
INSERT INTO public.products VALUES (352, 'Jjhlbmtyur', 305, '1965-08-25', 280, 325, '1965-10-14', 609, 975);
INSERT INTO public.products VALUES (353, 'Qwryeai', 635, '1991-07-12', 88, 672, '1998-05-05', 735, 1628);
INSERT INTO public.products VALUES (354, 'Cghoe', 868, '1981-01-28', 667, 165, '1991-08-07', 33, 636);
INSERT INTO public.products VALUES (355, 'Pyjybmul', 368, '1981-05-11', 681, 975, '1966-02-08', 318, 746);
INSERT INTO public.products VALUES (356, 'Knkgdwfmch', 534, '1970-08-25', 216, 859, '1966-07-21', 83, 719);
INSERT INTO public.products VALUES (357, 'Yyjavkac', 763, '1971-09-26', 126, 519, '1974-10-01', 474, 15);
INSERT INTO public.products VALUES (358, 'Roamnex', 947, '1966-08-05', 2, 928, '1966-06-07', 5, 1997);
INSERT INTO public.products VALUES (359, 'Gbfdb', 668, '1984-03-08', 547, 291, '2000-11-08', 488, 1968);
INSERT INTO public.products VALUES (360, 'Sscg', 515, '2000-04-09', 808, 215, '1965-11-07', 998, 1172);
INSERT INTO public.products VALUES (361, 'Minp', 522, '1998-07-20', 350, 101, '1976-10-13', 339, 656);
INSERT INTO public.products VALUES (362, 'Cdpojrwtu', 72, '1971-02-26', 495, 336, '1966-03-27', 631, 684);
INSERT INTO public.products VALUES (363, 'Iwgxwtv', 343, '1965-10-15', 390, 849, '1969-08-07', 340, 410);
INSERT INTO public.products VALUES (364, 'Riowyhjcp', 728, '1975-10-25', 101, 629, '1967-08-21', 499, 61);
INSERT INTO public.products VALUES (365, 'Ddaurjwat', 492, '1967-03-07', 484, 864, '1984-06-29', 274, 1327);
INSERT INTO public.products VALUES (366, 'Esvlysirk', 665, '1981-04-03', 14, 93, '1962-11-16', 424, 1139);
INSERT INTO public.products VALUES (367, 'Cfmplsrx', 739, '1958-05-13', 202, 651, '1998-08-05', 302, 781);
INSERT INTO public.products VALUES (368, 'Nffsgwohv', 894, '1984-05-24', 958, 493, '1959-02-17', 3, 1245);
INSERT INTO public.products VALUES (369, 'Wbndyu', 323, '1978-10-01', 603, 257, '1990-10-23', 979, 1202);
INSERT INTO public.products VALUES (370, 'Rxgsrkqwwg', 990, '1972-02-12', 153, 427, '1983-01-06', 420, 82);
INSERT INTO public.products VALUES (371, 'Vkqkhydm', 876, '1987-05-13', 233, 875, '1969-07-23', 157, 1333);
INSERT INTO public.products VALUES (372, 'Kofw', 9, '1993-10-26', 281, 774, '1974-09-24', 527, 331);
INSERT INTO public.products VALUES (373, 'Cccupx', 485, '1967-09-27', 917, 571, '1964-10-11', 110, 1479);
INSERT INTO public.products VALUES (374, 'Opte', 998, '1962-08-08', 380, 489, '1980-09-22', 846, 1403);
INSERT INTO public.products VALUES (375, 'Xevt', 917, '1983-02-12', 638, 382, '1978-08-26', 609, 1956);
INSERT INTO public.products VALUES (376, 'Dinpuxx', 969, '1967-04-19', 996, 160, '1966-07-14', 941, 869);
INSERT INTO public.products VALUES (377, 'Hwqdmkyiw', 587, '1982-08-12', 925, 669, '1983-06-06', 653, 1885);
INSERT INTO public.products VALUES (378, 'Cxtvbink', 43, '1993-10-05', 161, 450, '1998-11-16', 457, 906);
INSERT INTO public.products VALUES (379, 'Flqawue', 746, '1972-10-19', 167, 429, '1984-06-14', 182, 1956);
INSERT INTO public.products VALUES (380, 'Fkkl', 218, '1976-10-17', 482, 933, '1988-11-22', 482, 1117);
INSERT INTO public.products VALUES (381, 'Pyhruml', 196, '1985-08-28', 351, 71, '1961-01-07', 528, 784);
INSERT INTO public.products VALUES (382, 'Rqqbqk', 286, '1971-06-19', 616, 60, '1975-04-01', 247, 1802);
INSERT INTO public.products VALUES (383, 'Hjekm', 987, '1996-10-24', 557, 664, '1967-08-23', 43, 971);
INSERT INTO public.products VALUES (384, 'Ocgwfnoc', 20, '1990-11-06', 575, 141, '1992-04-12', 358, 564);
INSERT INTO public.products VALUES (385, 'Hfyrupchxu', 950, '1974-03-06', 381, 395, '1975-03-25', 421, 1520);
INSERT INTO public.products VALUES (386, 'Bvxpu', 18, '1983-10-28', 465, 743, '1973-11-13', 982, 1031);
INSERT INTO public.products VALUES (387, 'Pmoow', 765, '1967-09-06', 750, 560, '1990-09-28', 237, 361);
INSERT INTO public.products VALUES (388, 'Qdrgrcphqo', 698, '1988-05-18', 474, 528, '1968-08-17', 80, 1312);
INSERT INTO public.products VALUES (389, 'Agxeymh', 608, '1992-09-29', 589, 203, '1994-06-10', 243, 293);
INSERT INTO public.products VALUES (390, 'Frxn', 386, '1959-09-20', 878, 912, '1963-01-23', 572, 1588);
INSERT INTO public.products VALUES (391, 'Rbxklpgo', 357, '1985-11-01', 820, 713, '1977-01-22', 858, 1942);
INSERT INTO public.products VALUES (392, 'Dvai', 955, '1980-05-01', 129, 38, '1976-10-18', 443, 656);
INSERT INTO public.products VALUES (393, 'Caxqusx', 18, '1993-11-29', 292, 157, '1969-04-19', 861, 721);
INSERT INTO public.products VALUES (394, 'Uody', 274, '1980-07-18', 848, 137, '1994-06-17', 792, 206);
INSERT INTO public.products VALUES (395, 'Fqxyya', 778, '1976-02-10', 90, 274, '1957-03-29', 945, 928);
INSERT INTO public.products VALUES (396, 'Cwbgwfogq', 104, '1996-03-09', 456, 331, '2000-09-01', 217, 771);
INSERT INTO public.products VALUES (397, 'Xlej', 581, '1996-02-05', 230, 920, '1962-10-16', 37, 52);
INSERT INTO public.products VALUES (398, 'Dvlnul', 658, '2000-02-19', 14, 811, '1968-11-26', 421, 708);
INSERT INTO public.products VALUES (399, 'Amnqnukis', 394, '1955-06-07', 774, 11, '1973-04-24', 145, 1065);
INSERT INTO public.products VALUES (400, 'Nljhpih', 724, '1957-04-26', 236, 860, '1978-08-24', 163, 956);
INSERT INTO public.products VALUES (401, 'Lmjfxuaym', 75, '1989-01-03', 450, 500, '1986-05-26', 587, 1585);
INSERT INTO public.products VALUES (402, 'Lsnbifg', 428, '1971-04-26', 334, 130, '1972-02-14', 590, 849);
INSERT INTO public.products VALUES (403, 'Wvrmce', 317, '1980-02-21', 929, 41, '1983-10-21', 431, 208);
INSERT INTO public.products VALUES (404, 'Jbotkofyea', 379, '1970-11-02', 620, 359, '1963-11-29', 735, 1766);
INSERT INTO public.products VALUES (405, 'Erosflbeob', 530, '1979-04-13', 75, 163, '1969-05-06', 991, 1710);
INSERT INTO public.products VALUES (406, 'Gwrlqb', 502, '1966-08-03', 208, 329, '1970-08-28', 588, 1508);
INSERT INTO public.products VALUES (407, 'Kmlrdghmyl', 817, '1993-05-17', 355, 354, '1992-07-24', 723, 1574);
INSERT INTO public.products VALUES (408, 'Vtjyxapms', 153, '1985-06-09', 784, 231, '1971-05-29', 349, 419);
INSERT INTO public.products VALUES (409, 'Wyjqahr', 110, '1978-10-26', 30, 422, '1960-04-17', 781, 831);
INSERT INTO public.products VALUES (410, 'Ppwu', 828, '1992-04-15', 713, 68, '1978-07-23', 363, 352);
INSERT INTO public.products VALUES (411, 'Shmjy', 873, '1961-09-12', 667, 233, '1983-10-29', 60, 980);
INSERT INTO public.products VALUES (412, 'Lrxbaofpru', 692, '1954-11-09', 614, 535, '1998-10-29', 151, 739);
INSERT INTO public.products VALUES (413, 'Ckbkith', 660, '1996-06-06', 954, 468, '1997-06-27', 148, 1666);
INSERT INTO public.products VALUES (414, 'Puyp', 106, '1991-04-13', 671, 400, '1979-04-21', 970, 56);
INSERT INTO public.products VALUES (415, 'Lfwlubfjr', 376, '1973-03-18', 858, 907, '1999-04-02', 377, 1344);
INSERT INTO public.products VALUES (416, 'Nytboqc', 815, '1983-11-27', 802, 402, '2000-01-16', 254, 1532);
INSERT INTO public.products VALUES (417, 'Hwbivsmli', 673, '1985-02-01', 94, 215, '1990-04-03', 572, 734);
INSERT INTO public.products VALUES (418, 'Vumw', 174, '1967-11-04', 411, 50, '1978-07-19', 810, 1836);
INSERT INTO public.products VALUES (419, 'Occygn', 9, '1976-08-08', 842, 82, '1986-10-04', 507, 295);
INSERT INTO public.products VALUES (420, 'Erjry', 295, '1986-08-02', 371, 202, '1996-06-24', 124, 1227);
INSERT INTO public.products VALUES (421, 'Eutayijt', 149, '1987-06-21', 301, 510, '1986-04-17', 78, 529);
INSERT INTO public.products VALUES (422, 'Yqtgi', 271, '1984-01-24', 970, 818, '1957-04-10', 597, 911);
INSERT INTO public.products VALUES (423, 'Cmxiseugvq', 472, '1982-05-26', 18, 327, '1972-03-04', 230, 333);
INSERT INTO public.products VALUES (424, 'Tolwvch', 569, '1982-07-08', 521, 668, '1988-09-11', 814, 581);
INSERT INTO public.products VALUES (425, 'Lysbm', 954, '1975-07-01', 445, 766, '1984-04-28', 663, 491);
INSERT INTO public.products VALUES (426, 'Oamkojalai', 972, '1987-08-19', 945, 272, '1987-02-19', 441, 1988);
INSERT INTO public.products VALUES (427, 'Hiqgaejd', 45, '1965-02-25', 531, 469, '1978-05-04', 132, 1101);
INSERT INTO public.products VALUES (428, 'Gpitmyodo', 16, '1959-09-21', 899, 474, '1967-01-12', 837, 393);
INSERT INTO public.products VALUES (429, 'Isnmsl', 836, '1983-01-28', 548, 785, '1982-09-18', 930, 70);
INSERT INTO public.products VALUES (430, 'Rqpxrtbt', 759, '1992-03-20', 771, 442, '1986-11-11', 204, 342);
INSERT INTO public.products VALUES (431, 'Lehwnucn', 745, '1956-10-02', 926, 551, '1997-04-23', 935, 997);
INSERT INTO public.products VALUES (432, 'Ktkh', 394, '1989-11-10', 236, 447, '1956-06-08', 852, 775);
INSERT INTO public.products VALUES (433, 'Ntaviqg', 272, '1957-10-23', 250, 237, '1996-02-16', 970, 1582);
INSERT INTO public.products VALUES (434, 'Daxets', 860, '1982-11-10', 426, 585, '1961-08-21', 986, 956);
INSERT INTO public.products VALUES (435, 'Tqkhrxgus', 933, '1985-09-19', 694, 136, '1980-08-04', 693, 1956);
INSERT INTO public.products VALUES (436, 'Nddkdfp', 866, '1979-03-24', 569, 788, '1954-09-27', 430, 1908);
INSERT INTO public.products VALUES (437, 'Ratyvybl', 827, '1960-02-26', 560, 624, '1960-09-14', 157, 1222);
INSERT INTO public.products VALUES (438, 'Nommjhso', 577, '1962-02-09', 728, 539, '1968-06-26', 891, 376);
INSERT INTO public.products VALUES (439, 'Uvlftcn', 175, '1984-09-26', 139, 376, '1963-07-26', 334, 1109);
INSERT INTO public.products VALUES (440, 'Qabcqu', 103, '1965-04-12', 977, 225, '1969-02-19', 177, 650);
INSERT INTO public.products VALUES (441, 'Qerds', 447, '1974-02-13', 502, 777, '1977-02-02', 231, 1904);
INSERT INTO public.products VALUES (442, 'Migsfxje', 787, '1970-05-19', 751, 436, '2000-08-23', 257, 495);
INSERT INTO public.products VALUES (443, 'Ygicmio', 375, '1959-02-01', 132, 106, '1965-07-14', 96, 65);
INSERT INTO public.products VALUES (444, 'Twkr', 422, '1969-04-20', 716, 843, '1986-05-28', 342, 1403);
INSERT INTO public.products VALUES (445, 'Uqdskitaci', 378, '1990-08-11', 647, 596, '1958-06-06', 975, 1727);
INSERT INTO public.products VALUES (446, 'Jgsil', 170, '1981-04-22', 272, 894, '1963-05-26', 993, 1017);
INSERT INTO public.products VALUES (447, 'Erbjkenvi', 134, '1991-06-23', 595, 815, '1954-04-03', 152, 1883);
INSERT INTO public.products VALUES (448, 'Kbfnmr', 972, '1978-04-10', 120, 381, '1985-05-12', 520, 534);
INSERT INTO public.products VALUES (449, 'Vguxyn', 839, '1962-09-13', 775, 346, '1977-01-01', 858, 808);
INSERT INTO public.products VALUES (450, 'Ruaciq', 678, '1976-11-03', 6, 544, '1958-03-07', 162, 1552);
INSERT INTO public.products VALUES (451, 'Lyhbxwmr', 364, '1977-11-08', 77, 552, '1954-02-20', 137, 1250);
INSERT INTO public.products VALUES (452, 'Njhekdr', 344, '1983-01-19', 256, 379, '1957-05-06', 422, 1134);
INSERT INTO public.products VALUES (453, 'Icxgwpfma', 296, '1980-04-07', 71, 611, '2000-01-28', 599, 1250);
INSERT INTO public.products VALUES (454, 'Ttvpe', 187, '1961-10-12', 759, 913, '1985-10-26', 745, 1651);
INSERT INTO public.products VALUES (455, 'Ujvgrevp', 424, '1956-09-08', 850, 603, '1977-11-23', 824, 944);
INSERT INTO public.products VALUES (456, 'Rtlmagp', 452, '1980-11-23', 681, 641, '1988-08-22', 757, 1804);
INSERT INTO public.products VALUES (457, 'Phvwhha', 897, '1987-03-14', 343, 795, '1966-06-03', 335, 678);
INSERT INTO public.products VALUES (458, 'Hayaa', 653, '1991-07-10', 557, 766, '1966-09-08', 517, 1738);
INSERT INTO public.products VALUES (459, 'Wcgucdop', 753, '1956-06-06', 103, 415, '1979-02-16', 358, 337);
INSERT INTO public.products VALUES (460, 'Lsctua', 526, '1988-10-25', 680, 41, '1967-06-27', 326, 1668);
INSERT INTO public.products VALUES (461, 'Ovno', 922, '1964-08-07', 44, 834, '1999-11-10', 306, 856);
INSERT INTO public.products VALUES (462, 'Socgolaqd', 21, '1976-07-14', 787, 778, '1978-02-12', 72, 589);
INSERT INTO public.products VALUES (463, 'Fglxae', 685, '1964-01-01', 29, 7, '1960-08-15', 75, 1146);
INSERT INTO public.products VALUES (464, 'Rvjocdps', 544, '1959-11-24', 549, 189, '1980-08-27', 568, 469);
INSERT INTO public.products VALUES (465, 'Oobi', 766, '1958-01-03', 958, 956, '1999-05-13', 796, 639);
INSERT INTO public.products VALUES (466, 'Ispluev', 804, '1985-06-17', 431, 757, '1972-03-24', 513, 303);
INSERT INTO public.products VALUES (467, 'Jhmwd', 558, '1969-03-12', 807, 263, '1987-01-09', 829, 1731);
INSERT INTO public.products VALUES (468, 'Epchity', 98, '1967-07-18', 525, 274, '1994-06-15', 781, 1397);
INSERT INTO public.products VALUES (469, 'Ngususddsp', 490, '1978-08-15', 467, 805, '1964-04-24', 247, 18);
INSERT INTO public.products VALUES (470, 'Adip', 615, '1996-07-13', 812, 762, '1986-08-23', 225, 365);
INSERT INTO public.products VALUES (471, 'Rfngojmfrs', 374, '1982-11-14', 844, 35, '1960-06-11', 198, 1456);
INSERT INTO public.products VALUES (472, 'Hyelglcyp', 221, '1975-04-26', 725, 493, '1993-03-10', 142, 825);
INSERT INTO public.products VALUES (473, 'Odirvcdve', 399, '1974-10-06', 668, 488, '1964-03-24', 508, 836);
INSERT INTO public.products VALUES (474, 'Jirpdoxx', 451, '1975-09-22', 194, 988, '1983-11-19', 30, 1458);
INSERT INTO public.products VALUES (475, 'Xalsnme', 927, '1996-09-17', 574, 762, '2000-04-11', 109, 1676);
INSERT INTO public.products VALUES (476, 'Qpue', 471, '1964-10-22', 925, 21, '1992-02-04', 980, 511);
INSERT INTO public.products VALUES (477, 'Rvfnkgw', 65, '1984-04-12', 978, 436, '1961-08-28', 505, 1753);
INSERT INTO public.products VALUES (478, 'Gxxqrpnwa', 317, '1994-03-17', 546, 694, '1972-11-15', 204, 130);
INSERT INTO public.products VALUES (479, 'Xvbe', 113, '1988-10-25', 638, 96, '1993-11-19', 248, 1757);
INSERT INTO public.products VALUES (480, 'Rqdvvqrt', 946, '1982-04-08', 391, 444, '1960-11-16', 251, 1213);
INSERT INTO public.products VALUES (481, 'Pefrqyspxd', 549, '1984-01-25', 229, 997, '1989-06-07', 787, 1402);
INSERT INTO public.products VALUES (482, 'Yylm', 370, '1969-06-10', 138, 728, '1992-04-03', 962, 40);
INSERT INTO public.products VALUES (483, 'Eynccittot', 448, '1992-02-25', 628, 619, '1963-06-27', 753, 1872);
INSERT INTO public.products VALUES (484, 'Eqhoyk', 289, '1957-10-10', 80, 542, '1966-05-11', 824, 489);
INSERT INTO public.products VALUES (485, 'Gvuplfb', 249, '1985-05-19', 748, 272, '1975-10-01', 341, 1267);
INSERT INTO public.products VALUES (486, 'Tofed', 773, '1994-02-26', 693, 40, '1969-04-11', 892, 1125);
INSERT INTO public.products VALUES (487, 'Lmrfobdhgp', 713, '1957-08-22', 900, 845, '1960-03-17', 354, 1413);
INSERT INTO public.products VALUES (488, 'Hyhaajgaos', 560, '1968-08-23', 657, 238, '1996-09-08', 162, 1574);
INSERT INTO public.products VALUES (489, 'Qfvnbx', 824, '1974-11-02', 496, 929, '1968-09-15', 392, 1866);
INSERT INTO public.products VALUES (490, 'Kkgpk', 238, '1971-02-21', 595, 545, '1996-09-27', 486, 566);
INSERT INTO public.products VALUES (491, 'Gxias', 919, '1991-04-04', 746, 593, '1955-04-27', 654, 1802);
INSERT INTO public.products VALUES (492, 'Ubbvaeqa', 461, '1976-07-12', 800, 821, '1982-06-03', 277, 1624);
INSERT INTO public.products VALUES (493, 'Ivojl', 601, '1992-04-10', 973, 738, '1985-06-03', 344, 62);
INSERT INTO public.products VALUES (494, 'Hgfnl', 676, '1994-01-01', 778, 76, '1969-01-07', 700, 951);
INSERT INTO public.products VALUES (495, 'Khiifmogs', 585, '1976-10-26', 973, 85, '1971-01-07', 371, 1274);
INSERT INTO public.products VALUES (496, 'Ltle', 740, '1954-03-11', 965, 404, '1960-06-09', 368, 1577);
INSERT INTO public.products VALUES (497, 'Ilghlhh', 772, '1958-01-24', 905, 97, '1986-02-19', 206, 171);
INSERT INTO public.products VALUES (498, 'Lxtagop', 130, '1959-03-19', 954, 195, '1968-08-13', 673, 503);
INSERT INTO public.products VALUES (499, 'Qxwghc', 843, '1963-08-25', 36, 42, '1954-02-09', 666, 1439);
INSERT INTO public.products VALUES (500, 'Myjk', 872, '1966-01-28', 31, 475, '1992-07-08', 302, 219);
INSERT INTO public.products VALUES (501, 'Nvxwqk', 663, '1989-05-12', 199, 314, '1999-02-23', 856, 1821);
INSERT INTO public.products VALUES (502, 'Sdthpojogb', 158, '1990-02-28', 392, 464, '1963-05-18', 947, 129);
INSERT INTO public.products VALUES (503, 'Sudx', 347, '1978-11-23', 278, 568, '1957-03-25', 11, 732);
INSERT INTO public.products VALUES (504, 'Visjntwkd', 535, '1971-02-27', 188, 156, '1984-01-15', 388, 86);
INSERT INTO public.products VALUES (505, 'Kqpglucmq', 795, '1989-03-15', 812, 447, '1980-11-07', 661, 784);
INSERT INTO public.products VALUES (506, 'Hukfhenmny', 106, '1975-11-12', 21, 983, '1960-03-22', 832, 1099);
INSERT INTO public.products VALUES (507, 'Hoirba', 634, '1965-03-15', 258, 314, '1973-03-05', 960, 1091);
INSERT INTO public.products VALUES (508, 'Anqwad', 263, '1991-02-25', 832, 94, '1954-07-24', 740, 1025);
INSERT INTO public.products VALUES (509, 'Ixjxieuyc', 964, '1976-08-25', 715, 389, '1991-08-20', 700, 1043);
INSERT INTO public.products VALUES (510, 'Cbgt', 74, '1992-09-26', 547, 529, '1973-01-08', 802, 1066);
INSERT INTO public.products VALUES (511, 'Gycnsejb', 900, '1959-02-11', 921, 782, '1980-05-12', 967, 1518);
INSERT INTO public.products VALUES (512, 'Jaixra', 741, '1979-05-02', 753, 824, '1968-07-08', 41, 1170);
INSERT INTO public.products VALUES (513, 'Symhhbu', 686, '1981-03-03', 531, 57, '1994-09-28', 829, 338);
INSERT INTO public.products VALUES (514, 'Tluov', 958, '1993-04-21', 678, 374, '1974-07-20', 691, 264);
INSERT INTO public.products VALUES (515, 'Ikli', 233, '1961-07-21', 767, 445, '1997-05-19', 45, 1052);
INSERT INTO public.products VALUES (516, 'Ufpowhfy', 185, '1985-06-09', 481, 237, '1970-11-28', 608, 302);
INSERT INTO public.products VALUES (517, 'Xtpeyg', 441, '1963-02-08', 234, 327, '1991-09-01', 133, 119);
INSERT INTO public.products VALUES (518, 'Xkhwu', 593, '2000-07-28', 302, 837, '1960-03-08', 955, 225);
INSERT INTO public.products VALUES (519, 'Srfmtoa', 501, '1997-06-28', 418, 886, '1987-06-05', 900, 604);
INSERT INTO public.products VALUES (520, 'Brlu', 163, '1992-09-01', 600, 381, '1964-09-24', 687, 1485);
INSERT INTO public.products VALUES (521, 'Fehxomffkg', 324, '1962-04-18', 756, 297, '1964-03-08', 133, 1757);
INSERT INTO public.products VALUES (522, 'Ctmlscsyo', 172, '1994-09-02', 118, 555, '1990-10-13', 378, 766);
INSERT INTO public.products VALUES (523, 'Eavuppx', 745, '1999-09-05', 604, 846, '1994-08-02', 338, 445);
INSERT INTO public.products VALUES (524, 'Yllifbnnid', 483, '1958-03-02', 290, 144, '1955-07-08', 1, 333);
INSERT INTO public.products VALUES (525, 'Nhurfo', 628, '1990-03-13', 6, 139, '1986-04-26', 607, 432);
INSERT INTO public.products VALUES (526, 'Uytbjicsmr', 887, '1985-08-11', 831, 124, '1963-04-02', 708, 1319);
INSERT INTO public.products VALUES (527, 'Xoxdcfgv', 783, '1979-02-13', 123, 515, '1979-06-14', 222, 1228);
INSERT INTO public.products VALUES (528, 'Ukvgxte', 211, '1966-08-17', 118, 854, '1986-06-01', 18, 1455);
INSERT INTO public.products VALUES (529, 'Rjusmh', 860, '1996-05-29', 77, 941, '1965-01-25', 968, 1655);
INSERT INTO public.products VALUES (530, 'Qraxsv', 797, '1965-03-13', 37, 46, '1988-07-13', 131, 191);
INSERT INTO public.products VALUES (531, 'Soqhpnxj', 648, '1982-05-13', 150, 760, '1961-02-22', 749, 1638);
INSERT INTO public.products VALUES (532, 'Ntwb', 208, '1959-11-18', 206, 490, '1979-01-18', 427, 41);
INSERT INTO public.products VALUES (533, 'Meorriunar', 596, '1997-02-14', 52, 126, '1961-07-11', 219, 1654);
INSERT INTO public.products VALUES (534, 'Munxmu', 320, '1972-06-08', 554, 553, '1971-02-03', 151, 1152);
INSERT INTO public.products VALUES (535, 'Osebps', 559, '1968-08-17', 210, 643, '1993-06-05', 447, 1113);
INSERT INTO public.products VALUES (536, 'Ghqysiox', 86, '1968-11-05', 626, 350, '1958-01-14', 238, 796);
INSERT INTO public.products VALUES (537, 'Erqyvomitn', 614, '1968-05-06', 842, 139, '1973-11-11', 254, 1840);
INSERT INTO public.products VALUES (538, 'Jstqfkj', 43, '1995-02-01', 394, 853, '1978-01-04', 290, 342);
INSERT INTO public.products VALUES (539, 'Ivbivch', 14, '1987-11-26', 271, 1, '1970-05-08', 788, 216);
INSERT INTO public.products VALUES (540, 'Bfkxkd', 450, '2000-03-26', 75, 809, '1977-04-04', 721, 198);
INSERT INTO public.products VALUES (541, 'Nvgifct', 85, '1969-08-01', 876, 486, '1980-08-17', 869, 1291);
INSERT INTO public.products VALUES (542, 'Oewxa', 129, '1987-08-07', 727, 372, '1960-03-17', 54, 957);
INSERT INTO public.products VALUES (543, 'Xywptgtm', 536, '1975-05-22', 17, 348, '1963-06-21', 503, 380);
INSERT INTO public.products VALUES (544, 'Osnimo', 489, '1978-09-25', 759, 134, '1992-04-22', 696, 1550);
INSERT INTO public.products VALUES (545, 'Hmsveul', 507, '1987-03-20', 754, 588, '1970-06-19', 334, 835);
INSERT INTO public.products VALUES (546, 'Wqtrrlhlyx', 233, '1971-08-03', 500, 80, '1969-07-18', 314, 380);
INSERT INTO public.products VALUES (547, 'Wdughfy', 437, '1958-04-23', 904, 355, '1957-06-11', 368, 248);
INSERT INTO public.products VALUES (548, 'Shkvwh', 783, '1956-04-05', 81, 612, '1983-01-06', 727, 471);
INSERT INTO public.products VALUES (549, 'Xwwd', 50, '1955-04-27', 746, 794, '1960-07-13', 721, 515);
INSERT INTO public.products VALUES (550, 'Hpjcl', 293, '1978-10-10', 865, 196, '1983-09-16', 336, 1187);
INSERT INTO public.products VALUES (551, 'Wvppnlsrc', 150, '1987-05-14', 244, 28, '1963-10-05', 698, 967);
INSERT INTO public.products VALUES (552, 'Qfhqoej', 703, '1986-08-14', 966, 212, '1987-05-03', 954, 1414);
INSERT INTO public.products VALUES (553, 'Pghwi', 754, '1976-05-24', 41, 681, '1987-05-20', 299, 142);
INSERT INTO public.products VALUES (554, 'Daubuelv', 528, '2000-09-03', 425, 216, '1981-08-23', 577, 552);
INSERT INTO public.products VALUES (555, 'Ajjfxhko', 979, '1982-09-11', 344, 202, '1968-08-27', 147, 1506);
INSERT INTO public.products VALUES (556, 'Cgladxpt', 902, '1962-03-29', 742, 685, '1995-06-18', 90, 253);
INSERT INTO public.products VALUES (557, 'Insxk', 151, '1980-06-25', 985, 439, '1966-05-10', 250, 470);
INSERT INTO public.products VALUES (558, 'Aactld', 455, '1954-05-28', 22, 941, '1996-02-16', 420, 1266);
INSERT INTO public.products VALUES (559, 'Mvptnjcws', 758, '1980-05-15', 730, 119, '1986-07-23', 556, 976);
INSERT INTO public.products VALUES (560, 'Uqbtxvrwoc', 851, '1964-04-01', 296, 309, '1981-06-18', 306, 915);
INSERT INTO public.products VALUES (561, 'Caokbepsne', 123, '1957-08-25', 906, 116, '1995-02-17', 842, 148);
INSERT INTO public.products VALUES (562, 'Oogbcky', 217, '1974-03-03', 989, 314, '1969-10-22', 847, 924);
INSERT INTO public.products VALUES (563, 'Fybexumer', 283, '1981-01-17', 907, 742, '1996-03-19', 591, 1761);
INSERT INTO public.products VALUES (564, 'Nmjmwclp', 411, '1961-02-22', 745, 373, '1991-03-16', 52, 1293);
INSERT INTO public.products VALUES (565, 'Upqcfv', 293, '1978-04-14', 990, 743, '1958-03-02', 684, 1896);
INSERT INTO public.products VALUES (566, 'Oukipnne', 647, '1997-08-01', 643, 598, '1973-02-24', 916, 1222);
INSERT INTO public.products VALUES (567, 'Ryldgjxpeq', 984, '1958-02-15', 55, 659, '1966-05-11', 420, 1746);
INSERT INTO public.products VALUES (568, 'Kisuh', 514, '1960-03-22', 123, 840, '1989-10-29', 340, 1208);
INSERT INTO public.products VALUES (569, 'Sepgdbo', 766, '1964-09-14', 748, 854, '1995-08-14', 422, 549);
INSERT INTO public.products VALUES (570, 'Rxlygobykh', 803, '1983-10-20', 748, 480, '1989-09-26', 313, 775);
INSERT INTO public.products VALUES (571, 'Dnpyvdb', 100, '1994-06-09', 566, 201, '1973-01-19', 986, 120);
INSERT INTO public.products VALUES (572, 'Edyev', 801, '1978-09-27', 664, 837, '1954-07-25', 158, 112);
INSERT INTO public.products VALUES (573, 'Yuewdcemt', 285, '1987-06-08', 634, 342, '1969-11-22', 942, 1972);
INSERT INTO public.products VALUES (574, 'Lvjvhpai', 881, '1956-05-14', 533, 141, '1992-07-26', 608, 1818);
INSERT INTO public.products VALUES (575, 'Isppun', 626, '1956-10-26', 180, 17, '1964-02-29', 419, 1044);
INSERT INTO public.products VALUES (576, 'Axigwt', 483, '1954-08-13', 910, 196, '1965-02-05', 486, 601);
INSERT INTO public.products VALUES (577, 'Dkutqefnw', 229, '1967-05-05', 580, 136, '1978-01-11', 908, 1506);
INSERT INTO public.products VALUES (578, 'Bcpsxbefa', 314, '1983-10-26', 786, 393, '1984-05-07', 258, 593);
INSERT INTO public.products VALUES (579, 'Fpmxk', 24, '1981-05-24', 477, 937, '1982-02-28', 497, 1049);
INSERT INTO public.products VALUES (580, 'Fktbnxi', 522, '1962-09-25', 803, 998, '1986-08-22', 66, 1159);
INSERT INTO public.products VALUES (581, 'Arfcu', 584, '1957-05-21', 562, 31, '1980-03-18', 741, 582);
INSERT INTO public.products VALUES (582, 'Oyhrbhv', 618, '1981-07-28', 19, 883, '1967-03-09', 15, 884);
INSERT INTO public.products VALUES (583, 'Gxlkyadhqr', 320, '1986-01-25', 806, 639, '1988-04-10', 306, 836);
INSERT INTO public.products VALUES (584, 'Qtbh', 142, '1982-02-28', 577, 726, '1997-01-23', 817, 148);
INSERT INTO public.products VALUES (585, 'Nmvqxfjwpb', 176, '1968-10-26', 746, 805, '1982-10-27', 622, 1726);
INSERT INTO public.products VALUES (586, 'Ifiitqag', 643, '1995-09-02', 435, 691, '1963-01-04', 630, 1646);
INSERT INTO public.products VALUES (587, 'Cynlj', 164, '1981-02-08', 338, 515, '1959-05-02', 348, 1875);
INSERT INTO public.products VALUES (588, 'Rfpof', 479, '1972-06-29', 386, 23, '1968-10-27', 956, 1113);
INSERT INTO public.products VALUES (589, 'Wwqfa', 591, '2000-10-25', 42, 826, '1985-05-03', 395, 724);
INSERT INTO public.products VALUES (590, 'Syrf', 467, '1963-06-24', 176, 811, '1960-07-15', 163, 855);
INSERT INTO public.products VALUES (591, 'Aogymcwdw', 586, '1969-08-06', 154, 203, '1977-09-07', 148, 530);
INSERT INTO public.products VALUES (592, 'Qcixnm', 615, '1959-01-27', 60, 154, '1989-08-19', 542, 1290);
INSERT INTO public.products VALUES (593, 'Jvhp', 31, '1988-11-15', 997, 272, '1981-06-26', 152, 591);
INSERT INTO public.products VALUES (594, 'Rdxu', 674, '1988-10-13', 989, 824, '1987-11-09', 534, 715);
INSERT INTO public.products VALUES (595, 'Fbybg', 906, '1961-05-29', 190, 83, '1968-05-22', 565, 153);
INSERT INTO public.products VALUES (596, 'Xswopjlqw', 859, '1966-10-20', 469, 486, '1997-07-05', 61, 613);
INSERT INTO public.products VALUES (597, 'Wtbsylfb', 961, '1989-11-28', 440, 321, '1984-05-25', 716, 204);
INSERT INTO public.products VALUES (598, 'Ltglldthuh', 938, '1991-01-27', 652, 963, '1964-04-11', 559, 1467);
INSERT INTO public.products VALUES (599, 'Atptliyk', 534, '1986-07-02', 908, 727, '1976-11-07', 682, 1919);
INSERT INTO public.products VALUES (600, 'Ljyc', 636, '1988-05-21', 824, 863, '1984-06-14', 703, 424);
INSERT INTO public.products VALUES (601, 'Qabbcjx', 82, '1995-03-22', 676, 781, '1982-05-11', 326, 1033);
INSERT INTO public.products VALUES (602, 'Csqwreflmx', 450, '2000-02-10', 774, 128, '1975-10-29', 197, 464);
INSERT INTO public.products VALUES (603, 'Adery', 752, '1988-07-11', 515, 467, '1974-09-03', 49, 447);
INSERT INTO public.products VALUES (604, 'Ymkfvmv', 390, '1964-04-26', 313, 545, '1974-11-02', 154, 1120);
INSERT INTO public.products VALUES (605, 'Mgiayfiqe', 106, '1986-05-08', 735, 437, '1975-11-11', 81, 1107);
INSERT INTO public.products VALUES (606, 'Mmmdtqgew', 741, '1996-03-04', 561, 618, '1972-01-09', 273, 249);
INSERT INTO public.products VALUES (607, 'Couirovfiq', 19, '1976-10-11', 833, 451, '1980-06-03', 291, 1013);
INSERT INTO public.products VALUES (608, 'Mbmnpgwo', 185, '1996-09-15', 416, 686, '1981-10-27', 934, 1412);
INSERT INTO public.products VALUES (609, 'Gkdftgqii', 768, '1979-05-29', 616, 478, '1955-05-10', 888, 1942);
INSERT INTO public.products VALUES (610, 'Shfl', 834, '1984-09-27', 57, 745, '1956-02-18', 266, 1434);
INSERT INTO public.products VALUES (611, 'Qnxb', 687, '1956-02-20', 289, 745, '1976-06-12', 138, 968);
INSERT INTO public.products VALUES (612, 'Xadvailbk', 4, '1979-09-07', 572, 550, '1971-02-22', 833, 1767);
INSERT INTO public.products VALUES (613, 'Lhotso', 661, '1981-02-02', 832, 272, '1954-02-16', 475, 1190);
INSERT INTO public.products VALUES (614, 'Einhg', 915, '1980-08-19', 496, 497, '1981-10-24', 386, 1404);
INSERT INTO public.products VALUES (615, 'Huli', 574, '1977-01-29', 354, 707, '1986-08-23', 715, 499);
INSERT INTO public.products VALUES (616, 'Cfcgbhpanx', 440, '1965-07-21', 768, 607, '1996-10-16', 62, 970);
INSERT INTO public.products VALUES (617, 'Xxtatqws', 839, '1996-02-26', 48, 805, '1969-11-24', 725, 400);
INSERT INTO public.products VALUES (618, 'Salvcgwm', 735, '1998-02-04', 445, 426, '1964-06-10', 56, 215);
INSERT INTO public.products VALUES (619, 'Ctdeeyfqa', 169, '1976-11-11', 949, 894, '1976-10-07', 198, 1035);
INSERT INTO public.products VALUES (620, 'Vctbti', 48, '1954-09-16', 293, 997, '1972-06-06', 500, 881);
INSERT INTO public.products VALUES (621, 'Ahvwhje', 202, '1969-03-12', 855, 731, '1985-10-25', 436, 899);
INSERT INTO public.products VALUES (622, 'Udde', 697, '1959-07-02', 735, 806, '1975-07-01', 279, 649);
INSERT INTO public.products VALUES (623, 'Aavaqnxyd', 792, '1996-08-24', 11, 962, '1981-09-19', 542, 668);
INSERT INTO public.products VALUES (624, 'Lvhvmrk', 836, '1954-09-17', 654, 506, '1961-02-15', 567, 1473);
INSERT INTO public.products VALUES (625, 'Mnsbqalo', 792, '1995-07-19', 863, 568, '1976-02-06', 316, 879);
INSERT INTO public.products VALUES (626, 'Fucvsayy', 946, '1961-09-06', 640, 735, '1961-02-12', 454, 1091);
INSERT INTO public.products VALUES (627, 'Dpaffswgk', 149, '1993-08-10', 754, 436, '1969-11-11', 333, 1028);
INSERT INTO public.products VALUES (628, 'Dpbiarlki', 734, '1963-08-07', 56, 878, '1982-11-19', 851, 1866);
INSERT INTO public.products VALUES (629, 'Puoefyer', 357, '1957-08-17', 377, 219, '1985-10-12', 243, 1112);
INSERT INTO public.products VALUES (630, 'Cmdk', 974, '1963-11-21', 14, 638, '1971-02-01', 543, 1126);
INSERT INTO public.products VALUES (631, 'Pokvhouxxj', 998, '1970-11-24', 795, 8, '1962-05-19', 292, 1673);
INSERT INTO public.products VALUES (632, 'Gkgqrslou', 642, '1997-07-16', 276, 652, '1962-03-18', 487, 329);
INSERT INTO public.products VALUES (633, 'Mhbeqaanbp', 181, '1999-10-22', 937, 804, '1960-09-28', 468, 1433);
INSERT INTO public.products VALUES (634, 'Fbibyaf', 93, '1992-09-24', 722, 578, '1982-07-09', 329, 1969);
INSERT INTO public.products VALUES (635, 'Wuare', 989, '1959-10-26', 602, 820, '1960-08-21', 941, 1946);
INSERT INTO public.products VALUES (636, 'Abnvtbgmmf', 725, '1991-07-27', 245, 127, '1981-06-09', 858, 1918);
INSERT INTO public.products VALUES (637, 'Gdvnbanqw', 462, '1961-05-02', 244, 754, '1954-05-08', 869, 1830);
INSERT INTO public.products VALUES (638, 'Iusaop', 922, '1957-10-09', 829, 290, '1970-08-21', 186, 851);
INSERT INTO public.products VALUES (639, 'Srwj', 245, '1999-07-16', 524, 414, '1962-11-14', 692, 1748);
INSERT INTO public.products VALUES (640, 'Sgln', 744, '1965-08-20', 126, 622, '1994-11-10', 325, 969);
INSERT INTO public.products VALUES (641, 'Pmus', 942, '1971-08-15', 808, 272, '1973-06-19', 899, 663);
INSERT INTO public.products VALUES (642, 'Lorjoxfsjj', 570, '1972-06-12', 245, 769, '1990-09-01', 756, 1122);
INSERT INTO public.products VALUES (643, 'Oywurxygi', 685, '2000-06-26', 972, 918, '1972-10-09', 312, 1573);
INSERT INTO public.products VALUES (644, 'Pvnwhx', 530, '1983-04-25', 908, 459, '1987-03-21', 388, 1488);
INSERT INTO public.products VALUES (645, 'Ftvff', 886, '1989-09-22', 293, 978, '1957-10-19', 780, 1794);
INSERT INTO public.products VALUES (646, 'Qgufjnbf', 836, '1964-07-21', 287, 301, '1963-02-15', 307, 1596);
INSERT INTO public.products VALUES (647, 'Ioqlrtr', 932, '1956-11-14', 45, 297, '1980-08-21', 170, 1250);
INSERT INTO public.products VALUES (648, 'Fidvbquewk', 168, '1963-03-10', 933, 416, '1990-06-05', 411, 958);
INSERT INTO public.products VALUES (649, 'Jpejowlrmo', 888, '1997-06-11', 560, 203, '1988-01-24', 318, 894);
INSERT INTO public.products VALUES (650, 'Rrdxmn', 40, '1972-05-24', 398, 812, '1990-01-29', 771, 833);
INSERT INTO public.products VALUES (651, 'Eqbcskhtax', 345, '1972-09-09', 541, 482, '2000-11-17', 734, 1124);
INSERT INTO public.products VALUES (652, 'Fckii', 532, '1987-06-27', 782, 791, '1990-04-02', 688, 776);
INSERT INTO public.products VALUES (653, 'Buunundmu', 878, '1955-04-15', 801, 429, '1977-07-10', 199, 191);
INSERT INTO public.products VALUES (654, 'Sjykk', 524, '1954-05-03', 785, 794, '1996-11-11', 128, 1297);
INSERT INTO public.products VALUES (655, 'Bofmkwb', 937, '1984-08-06', 910, 337, '1981-09-08', 775, 651);
INSERT INTO public.products VALUES (656, 'Fmvcuabe', 515, '1970-05-15', 212, 159, '1962-09-19', 775, 1092);
INSERT INTO public.products VALUES (657, 'Wbroty', 174, '1984-06-27', 386, 770, '1974-10-06', 278, 359);
INSERT INTO public.products VALUES (658, 'Ntujdydmjk', 64, '1997-10-06', 305, 540, '1976-10-10', 867, 1026);
INSERT INTO public.products VALUES (659, 'Kxrkwk', 709, '1984-08-14', 479, 176, '1996-03-18', 734, 200);
INSERT INTO public.products VALUES (660, 'Adniggv', 263, '1993-10-17', 68, 881, '1999-11-19', 732, 1076);
INSERT INTO public.products VALUES (661, 'Yveg', 835, '1988-07-17', 648, 503, '1955-09-06', 344, 827);
INSERT INTO public.products VALUES (662, 'Xhgigh', 461, '1981-06-20', 75, 851, '1961-09-02', 934, 64);
INSERT INTO public.products VALUES (663, 'Cyieunl', 328, '1972-07-07', 78, 27, '1989-08-02', 898, 949);
INSERT INTO public.products VALUES (664, 'Slplvfdt', 662, '1991-02-25', 812, 124, '1985-07-29', 202, 493);
INSERT INTO public.products VALUES (665, 'Vjekvn', 102, '1972-02-22', 583, 96, '1971-03-08', 42, 780);
INSERT INTO public.products VALUES (666, 'Wfnuyc', 914, '1972-06-24', 361, 71, '1988-03-14', 109, 1121);
INSERT INTO public.products VALUES (667, 'Eokad', 128, '1984-04-29', 578, 318, '1955-09-27', 744, 1390);
INSERT INTO public.products VALUES (668, 'Cduty', 333, '2000-05-21', 643, 729, '1997-01-01', 975, 966);
INSERT INTO public.products VALUES (669, 'Mavx', 395, '1955-05-06', 931, 289, '1968-03-10', 335, 1397);
INSERT INTO public.products VALUES (670, 'Nydeucvl', 447, '1959-11-01', 956, 827, '1956-06-24', 664, 132);
INSERT INTO public.products VALUES (671, 'Nblsflus', 27, '1966-05-18', 798, 401, '1968-07-16', 594, 1249);
INSERT INTO public.products VALUES (672, 'Aaam', 300, '1989-07-29', 116, 901, '1993-02-16', 733, 668);
INSERT INTO public.products VALUES (673, 'Sohpjdaugl', 326, '1965-08-18', 733, 27, '1976-11-08', 291, 1869);
INSERT INTO public.products VALUES (674, 'Uxolhvgdy', 369, '1974-04-28', 548, 784, '1972-03-24', 875, 1340);
INSERT INTO public.products VALUES (675, 'Qlcrqkq', 634, '1958-11-15', 271, 637, '1956-04-24', 995, 1339);
INSERT INTO public.products VALUES (676, 'Eoat', 73, '2000-10-10', 871, 112, '1981-04-08', 36, 616);
INSERT INTO public.products VALUES (677, 'Falaibdxf', 587, '1988-07-11', 461, 157, '1966-09-14', 492, 1420);
INSERT INTO public.products VALUES (678, 'Tqcx', 115, '1967-10-12', 969, 885, '1999-09-25', 805, 1321);
INSERT INTO public.products VALUES (679, 'Imbccv', 851, '1965-05-10', 89, 933, '1991-02-11', 930, 152);
INSERT INTO public.products VALUES (680, 'Koyravmwdb', 344, '1998-07-09', 692, 927, '1992-03-12', 279, 1212);
INSERT INTO public.products VALUES (681, 'Amajjtts', 970, '1991-11-29', 499, 248, '1981-01-10', 714, 1279);
INSERT INTO public.products VALUES (682, 'Sqetkk', 965, '1975-03-20', 916, 487, '1968-04-23', 562, 420);
INSERT INTO public.products VALUES (683, 'Blukhoq', 722, '1955-07-29', 204, 186, '1975-10-27', 553, 400);
INSERT INTO public.products VALUES (684, 'Byjcca', 10, '1981-07-26', 889, 192, '1993-04-17', 717, 313);
INSERT INTO public.products VALUES (685, 'Dcsegq', 44, '1990-11-13', 467, 633, '1963-02-27', 78, 757);
INSERT INTO public.products VALUES (686, 'Rkkcejcl', 384, '1988-01-12', 637, 274, '1964-09-26', 319, 48);
INSERT INTO public.products VALUES (687, 'Hoxrp', 415, '1998-01-01', 659, 280, '1988-03-01', 726, 1194);
INSERT INTO public.products VALUES (688, 'Tnbet', 595, '1998-08-26', 934, 512, '1977-03-16', 244, 1061);
INSERT INTO public.products VALUES (689, 'Jqqeti', 390, '1995-06-14', 382, 679, '1990-04-27', 679, 104);
INSERT INTO public.products VALUES (690, 'Mqibt', 214, '1955-06-21', 177, 135, '1974-01-24', 670, 947);
INSERT INTO public.products VALUES (691, 'Jrsiptifwx', 932, '1978-11-04', 43, 486, '1970-09-02', 408, 1416);
INSERT INTO public.products VALUES (692, 'Hsdgyhowf', 995, '1976-01-06', 525, 818, '1988-02-19', 352, 110);
INSERT INTO public.products VALUES (693, 'Kosfd', 295, '1957-01-28', 182, 787, '1973-08-16', 505, 1854);
INSERT INTO public.products VALUES (694, 'Rxbbajle', 672, '1994-01-23', 725, 897, '1958-06-25', 842, 775);
INSERT INTO public.products VALUES (695, 'Ctlg', 64, '1978-11-02', 520, 48, '1992-08-25', 651, 380);
INSERT INTO public.products VALUES (696, 'Mxrvhdar', 627, '1961-10-04', 892, 718, '1973-01-01', 621, 480);
INSERT INTO public.products VALUES (697, 'Vibpgfgt', 196, '1962-06-04', 98, 974, '1962-05-02', 561, 1782);
INSERT INTO public.products VALUES (698, 'Nmrqes', 969, '1988-05-25', 539, 261, '1991-08-20', 203, 1750);
INSERT INTO public.products VALUES (699, 'Pgfvn', 140, '1974-04-13', 313, 311, '1996-10-26', 588, 63);
INSERT INTO public.products VALUES (700, 'Hudowlnj', 124, '1981-06-06', 782, 128, '1984-11-15', 627, 1884);
INSERT INTO public.products VALUES (701, 'Dnagfegpiw', 430, '1978-02-03', 240, 415, '1992-01-02', 790, 128);
INSERT INTO public.products VALUES (702, 'Blgyakclex', 897, '1966-05-16', 21, 199, '1998-03-29', 906, 80);
INSERT INTO public.products VALUES (703, 'Pvki', 580, '1956-02-01', 86, 304, '1968-09-26', 700, 340);
INSERT INTO public.products VALUES (704, 'Nvfvwqbcrf', 226, '1988-08-26', 75, 934, '1998-02-03', 416, 952);
INSERT INTO public.products VALUES (705, 'Iiuyc', 333, '1973-08-06', 756, 894, '1992-01-28', 525, 544);
INSERT INTO public.products VALUES (706, 'Gent', 141, '1994-03-04', 352, 510, '2000-07-23', 591, 1573);
INSERT INTO public.products VALUES (707, 'Lkcy', 659, '1971-04-11', 824, 737, '1973-01-23', 323, 1182);
INSERT INTO public.products VALUES (708, 'Qkflmlkf', 400, '1955-11-10', 754, 448, '1974-04-19', 119, 437);
INSERT INTO public.products VALUES (709, 'Wlxysk', 255, '1964-06-02', 236, 198, '1955-11-29', 784, 475);
INSERT INTO public.products VALUES (710, 'Yitx', 463, '1967-11-11', 989, 226, '1997-09-12', 981, 1129);
INSERT INTO public.products VALUES (711, 'Njjl', 941, '1984-10-09', 805, 871, '1983-04-18', 975, 1471);
INSERT INTO public.products VALUES (712, 'Wglsibyixl', 304, '1955-06-26', 480, 558, '1997-10-22', 571, 1840);
INSERT INTO public.products VALUES (713, 'Rrgk', 670, '1970-05-25', 240, 243, '1976-01-18', 947, 834);
INSERT INTO public.products VALUES (714, 'Mqjm', 519, '1985-04-03', 250, 477, '1971-11-19', 881, 280);
INSERT INTO public.products VALUES (715, 'Dmdlvscnb', 328, '1975-01-10', 58, 301, '1964-08-18', 872, 819);
INSERT INTO public.products VALUES (716, 'Sftqtrnsh', 759, '1994-10-01', 978, 906, '1957-01-06', 307, 227);
INSERT INTO public.products VALUES (717, 'Nufidmv', 874, '1978-11-03', 469, 677, '1988-02-02', 268, 1409);
INSERT INTO public.products VALUES (718, 'Tdnfalov', 335, '1964-11-16', 932, 35, '1954-03-16', 502, 719);
INSERT INTO public.products VALUES (719, 'Xogaijhocv', 805, '1962-06-16', 479, 585, '1977-01-22', 935, 1655);
INSERT INTO public.products VALUES (720, 'Bubodudx', 878, '1958-03-28', 730, 484, '1966-03-29', 53, 1448);
INSERT INTO public.products VALUES (721, 'Dsdtsdir', 390, '1973-08-28', 394, 612, '1960-05-14', 176, 1666);
INSERT INTO public.products VALUES (722, 'Stbkqbibvp', 299, '1968-02-20', 856, 430, '2000-05-24', 321, 128);
INSERT INTO public.products VALUES (723, 'Xifwyhma', 912, '1960-07-21', 253, 259, '1966-07-24', 473, 1023);
INSERT INTO public.products VALUES (724, 'Mroxhdaj', 351, '1972-08-07', 521, 96, '1964-06-15', 444, 216);
INSERT INTO public.products VALUES (725, 'Vpykq', 435, '1974-09-22', 464, 465, '1985-03-24', 780, 1744);
INSERT INTO public.products VALUES (726, 'Oirtaj', 743, '1993-01-15', 435, 891, '1976-10-28', 219, 1407);
INSERT INTO public.products VALUES (727, 'Buebpn', 921, '1993-07-02', 139, 642, '1964-11-09', 952, 418);
INSERT INTO public.products VALUES (728, 'Vhfyimxui', 535, '1993-06-24', 109, 921, '1960-11-06', 775, 1298);
INSERT INTO public.products VALUES (729, 'Vtdldgar', 39, '1964-08-23', 740, 495, '1964-02-18', 199, 1753);
INSERT INTO public.products VALUES (730, 'Ucpe', 550, '1971-01-20', 77, 285, '1996-09-17', 154, 336);
INSERT INTO public.products VALUES (731, 'Bkndmdv', 976, '1988-07-29', 552, 391, '1957-06-14', 977, 816);
INSERT INTO public.products VALUES (732, 'Chimibxs', 567, '1958-06-25', 930, 739, '1957-10-16', 601, 347);
INSERT INTO public.products VALUES (733, 'Mohtwlphk', 582, '1986-09-11', 441, 836, '1991-02-02', 29, 1859);
INSERT INTO public.products VALUES (734, 'Vqaw', 444, '1978-01-15', 146, 111, '1971-07-16', 431, 1753);
INSERT INTO public.products VALUES (735, 'Fdmjea', 96, '1955-05-01', 236, 33, '1996-06-25', 942, 61);
INSERT INTO public.products VALUES (736, 'Nycofbnsqa', 351, '1961-06-29', 255, 903, '1985-09-02', 388, 377);
INSERT INTO public.products VALUES (737, 'Ixtfbmo', 309, '1959-01-16', 657, 861, '1976-02-22', 248, 385);
INSERT INTO public.products VALUES (738, 'Jliltvll', 775, '1964-05-13', 929, 416, '1968-06-09', 395, 528);
INSERT INTO public.products VALUES (739, 'Ddgsiter', 682, '1989-05-16', 692, 233, '1970-06-28', 520, 394);
INSERT INTO public.products VALUES (740, 'Suvwcwf', 226, '2000-08-07', 546, 343, '2000-01-14', 54, 887);
INSERT INTO public.products VALUES (741, 'Enoo', 615, '1981-02-03', 112, 555, '1978-06-26', 358, 57);
INSERT INTO public.products VALUES (742, 'Lnyvvauctd', 381, '1962-07-21', 646, 504, '1980-04-07', 732, 1662);
INSERT INTO public.products VALUES (743, 'Iwyvk', 308, '1960-08-27', 257, 496, '1986-04-13', 40, 1249);
INSERT INTO public.products VALUES (744, 'Emtflq', 229, '1986-01-10', 175, 115, '1993-07-10', 799, 1619);
INSERT INTO public.products VALUES (745, 'Vhdkyilskx', 658, '1970-08-05', 771, 544, '1995-11-11', 167, 1162);
INSERT INTO public.products VALUES (746, 'Psmbdtx', 783, '1976-09-09', 322, 889, '1962-02-01', 745, 1751);
INSERT INTO public.products VALUES (747, 'Emnwh', 58, '1981-07-17', 410, 362, '1961-06-10', 62, 1506);
INSERT INTO public.products VALUES (748, 'Daiiwo', 875, '1988-04-04', 414, 391, '1999-11-10', 938, 938);
INSERT INTO public.products VALUES (749, 'Wrht', 812, '1995-09-17', 627, 580, '1982-08-16', 15, 546);
INSERT INTO public.products VALUES (750, 'Tnpfr', 83, '2000-08-13', 439, 580, '1955-03-07', 160, 478);
INSERT INTO public.products VALUES (751, 'Gmrd', 379, '1970-03-28', 254, 821, '1977-03-12', 988, 1846);
INSERT INTO public.products VALUES (752, 'Wyyfveq', 79, '1982-07-10', 756, 22, '1967-07-08', 534, 1146);
INSERT INTO public.products VALUES (753, 'Bgscryiuol', 542, '1972-11-21', 544, 415, '1991-08-20', 144, 1316);
INSERT INTO public.products VALUES (754, 'Crlguosx', 942, '1960-01-05', 473, 903, '1981-06-11', 568, 1171);
INSERT INTO public.products VALUES (755, 'Cntndiga', 332, '1979-10-24', 605, 120, '1986-03-12', 524, 731);
INSERT INTO public.products VALUES (756, 'Irawuvrac', 949, '1974-09-01', 523, 60, '1958-10-16', 639, 868);
INSERT INTO public.products VALUES (757, 'Yfvwp', 589, '1972-11-28', 754, 282, '1998-06-27', 966, 171);
INSERT INTO public.products VALUES (758, 'Urkcyte', 979, '1984-06-28', 159, 531, '1985-08-16', 415, 1047);
INSERT INTO public.products VALUES (759, 'Cmhnpwdnc', 955, '1986-09-03', 755, 685, '1987-09-04', 835, 1623);
INSERT INTO public.products VALUES (760, 'Ldiy', 120, '1998-09-28', 593, 435, '1960-01-13', 822, 1886);
INSERT INTO public.products VALUES (761, 'Slfclh', 825, '1957-09-01', 107, 309, '1999-11-21', 800, 863);
INSERT INTO public.products VALUES (762, 'Stcr', 265, '1970-01-19', 13, 261, '1996-10-16', 285, 1760);
INSERT INTO public.products VALUES (763, 'Iawtf', 963, '1995-01-27', 246, 634, '1957-09-03', 76, 1523);
INSERT INTO public.products VALUES (764, 'Fmwy', 44, '1991-11-03', 565, 339, '1986-01-11', 644, 346);
INSERT INTO public.products VALUES (765, 'Ugrvh', 493, '1995-03-03', 515, 748, '1999-11-19', 80, 647);
INSERT INTO public.products VALUES (766, 'Dcgqth', 353, '1993-01-19', 42, 157, '1999-05-05', 558, 1463);
INSERT INTO public.products VALUES (767, 'Qaegb', 552, '1962-04-29', 145, 203, '1995-08-13', 389, 922);
INSERT INTO public.products VALUES (768, 'Vigltbkf', 493, '1996-01-13', 802, 197, '1995-08-24', 419, 610);
INSERT INTO public.products VALUES (769, 'Hmfiu', 632, '1955-06-17', 954, 15, '1985-04-08', 777, 1950);
INSERT INTO public.products VALUES (770, 'Geerhlskb', 72, '1981-09-19', 230, 958, '1970-02-28', 398, 921);
INSERT INTO public.products VALUES (771, 'Rbmhyp', 294, '1990-01-25', 576, 450, '1961-03-01', 843, 1118);
INSERT INTO public.products VALUES (772, 'Dsmjmc', 431, '1969-11-17', 464, 435, '1974-01-02', 9, 1790);
INSERT INTO public.products VALUES (773, 'Rwekbedg', 356, '1956-01-21', 460, 685, '1989-11-06', 181, 357);
INSERT INTO public.products VALUES (774, 'Xbhpr', 905, '1970-11-19', 843, 811, '1988-01-16', 90, 1247);
INSERT INTO public.products VALUES (775, 'Vuieccekvw', 220, '1969-09-01', 139, 597, '1980-04-12', 912, 1672);
INSERT INTO public.products VALUES (776, 'Jvje', 204, '1987-03-26', 955, 672, '1966-11-04', 987, 1939);
INSERT INTO public.products VALUES (777, 'Rdmvdhakdx', 179, '1997-03-04', 49, 34, '1973-03-01', 810, 1930);
INSERT INTO public.products VALUES (778, 'Xgdex', 417, '1977-08-22', 620, 688, '1999-04-11', 608, 611);
INSERT INTO public.products VALUES (779, 'Itnefuys', 898, '1964-03-13', 380, 963, '1958-03-23', 54, 80);
INSERT INTO public.products VALUES (780, 'Oimdr', 46, '1956-05-18', 161, 24, '1972-03-12', 663, 1422);
INSERT INTO public.products VALUES (781, 'Hoqv', 387, '1985-01-20', 15, 998, '1962-04-11', 815, 1167);
INSERT INTO public.products VALUES (782, 'Aahop', 375, '1954-04-15', 186, 123, '1958-10-05', 93, 1407);
INSERT INTO public.products VALUES (783, 'Idbt', 826, '1970-04-23', 555, 525, '1979-02-05', 920, 1578);
INSERT INTO public.products VALUES (784, 'Xwnpll', 923, '1956-03-19', 150, 637, '1967-02-03', 53, 1171);
INSERT INTO public.products VALUES (785, 'Mbhspi', 931, '1993-10-07', 464, 980, '1987-07-27', 689, 1509);
INSERT INTO public.products VALUES (786, 'Hclbtlnhg', 89, '1964-01-21', 739, 620, '1961-04-15', 923, 1737);
INSERT INTO public.products VALUES (787, 'Yoxmnfkq', 920, '1997-04-18', 929, 209, '1967-01-09', 829, 1135);
INSERT INTO public.products VALUES (788, 'Htmxgse', 17, '1955-02-03', 711, 778, '1988-10-25', 582, 1777);
INSERT INTO public.products VALUES (789, 'Mkhryde', 955, '1978-07-09', 200, 34, '1967-08-08', 900, 1586);
INSERT INTO public.products VALUES (790, 'Uevfbyo', 762, '1982-02-26', 499, 69, '1985-01-07', 404, 155);
INSERT INTO public.products VALUES (791, 'Jpakucnm', 922, '1982-09-02', 311, 950, '1997-07-23', 868, 1097);
INSERT INTO public.products VALUES (792, 'Sujolhn', 509, '1964-11-07', 297, 101, '1987-09-18', 838, 723);
INSERT INTO public.products VALUES (793, 'Abglslqqap', 256, '1989-04-08', 142, 204, '1992-02-20', 229, 693);
INSERT INTO public.products VALUES (794, 'Juef', 12, '1977-04-08', 941, 746, '1988-01-06', 115, 972);
INSERT INTO public.products VALUES (795, 'Bdydmylak', 591, '1960-03-04', 952, 465, '1980-10-12', 897, 1609);
INSERT INTO public.products VALUES (796, 'Ypgbj', 431, '1972-07-06', 623, 638, '1961-03-01', 177, 1576);
INSERT INTO public.products VALUES (797, 'Orhqwebhj', 666, '1981-04-29', 743, 887, '1962-09-20', 330, 1464);
INSERT INTO public.products VALUES (798, 'Fouxqdva', 852, '1996-10-01', 918, 612, '1982-09-03', 751, 569);
INSERT INTO public.products VALUES (799, 'Djrfoxxsf', 394, '1962-05-20', 472, 264, '1966-08-17', 738, 1376);
INSERT INTO public.products VALUES (800, 'Gsgmn', 150, '1996-06-23', 886, 542, '1989-05-07', 509, 1425);
INSERT INTO public.products VALUES (801, 'Bhes', 961, '1986-08-03', 286, 47, '1996-10-19', 43, 972);
INSERT INTO public.products VALUES (802, 'Khxwfiklu', 591, '1971-03-18', 762, 7, '1961-03-05', 109, 870);
INSERT INTO public.products VALUES (803, 'Tdpbjwywxu', 287, '1999-01-06', 759, 605, '1997-06-12', 512, 822);
INSERT INTO public.products VALUES (804, 'Ykyllmimu', 81, '1961-06-24', 728, 580, '1966-03-03', 293, 1431);
INSERT INTO public.products VALUES (805, 'Jwavowcjn', 125, '1994-07-13', 778, 54, '1958-07-19', 265, 466);
INSERT INTO public.products VALUES (806, 'Qqirunfcb', 427, '1990-06-04', 770, 931, '1991-10-20', 796, 1387);
INSERT INTO public.products VALUES (807, 'Qcwe', 910, '1984-06-22', 415, 596, '1967-01-18', 749, 57);
INSERT INTO public.products VALUES (808, 'Ssedvqqmf', 919, '1997-08-09', 981, 182, '1996-01-05', 879, 828);
INSERT INTO public.products VALUES (809, 'Mlffqfu', 509, '1970-04-04', 453, 861, '1997-03-01', 159, 83);
INSERT INTO public.products VALUES (810, 'Ynbs', 741, '1975-07-24', 728, 605, '1963-07-22', 517, 1835);
INSERT INTO public.products VALUES (811, 'Fbvreyo', 153, '1980-05-15', 435, 327, '1956-09-27', 672, 881);
INSERT INTO public.products VALUES (812, 'Miqs', 293, '1979-09-04', 903, 35, '1998-07-27', 887, 1826);
INSERT INTO public.products VALUES (813, 'Thvp', 404, '1986-07-29', 785, 14, '1991-05-02', 285, 871);
INSERT INTO public.products VALUES (814, 'Pshgh', 814, '1960-08-05', 145, 323, '1989-06-08', 759, 695);
INSERT INTO public.products VALUES (815, 'Xscdakcicu', 352, '1958-03-14', 765, 554, '1994-03-27', 453, 558);
INSERT INTO public.products VALUES (816, 'Vgixmlqj', 631, '1961-08-02', 628, 986, '1960-09-13', 720, 923);
INSERT INTO public.products VALUES (817, 'Dlekuvld', 69, '1989-07-10', 785, 252, '1987-03-24', 526, 1501);
INSERT INTO public.products VALUES (818, 'Mfdyknf', 66, '1978-06-22', 181, 943, '1980-11-14', 948, 108);
INSERT INTO public.products VALUES (819, 'Ncdetbuct', 84, '1993-02-09', 649, 865, '1995-05-28', 233, 1916);
INSERT INTO public.products VALUES (820, 'Axfu', 787, '1961-01-11', 754, 983, '1993-07-01', 472, 1212);
INSERT INTO public.products VALUES (821, 'Pjvgnud', 295, '1963-02-26', 574, 269, '1996-03-27', 266, 553);
INSERT INTO public.products VALUES (822, 'Uqvukvsfxg', 419, '1999-08-25', 785, 748, '1954-09-09', 690, 1511);
INSERT INTO public.products VALUES (823, 'Luxocdl', 981, '1992-02-21', 193, 941, '1997-09-27', 133, 397);
INSERT INTO public.products VALUES (824, 'Cfoqc', 319, '1975-10-11', 483, 320, '1964-07-24', 636, 146);
INSERT INTO public.products VALUES (825, 'Qgfaowruta', 192, '1970-05-16', 917, 470, '1999-03-15', 226, 1963);
INSERT INTO public.products VALUES (826, 'Gjkim', 363, '1990-05-23', 628, 541, '1959-11-11', 570, 640);
INSERT INTO public.products VALUES (827, 'Wvhulpw', 51, '1990-10-20', 337, 325, '1979-05-24', 867, 1938);
INSERT INTO public.products VALUES (828, 'Mnwutgnyn', 862, '1987-03-29', 763, 798, '1990-09-10', 691, 201);
INSERT INTO public.products VALUES (829, 'Lpyldj', 471, '1964-02-04', 896, 805, '1972-07-19', 66, 992);
INSERT INTO public.products VALUES (830, 'Ifeuwkh', 893, '1965-08-28', 963, 434, '1969-04-22', 434, 1846);
INSERT INTO public.products VALUES (831, 'Xdrin', 289, '1957-09-13', 777, 804, '1994-01-18', 693, 1483);
INSERT INTO public.products VALUES (832, 'Ockxcgir', 388, '1996-04-28', 411, 404, '1964-09-27', 148, 1719);
INSERT INTO public.products VALUES (833, 'Jbcypavih', 669, '1975-10-26', 860, 745, '1960-05-18', 753, 53);
INSERT INTO public.products VALUES (834, 'Okhsqjda', 212, '1973-01-25', 818, 880, '1975-09-27', 875, 1158);
INSERT INTO public.products VALUES (835, 'Yepedg', 581, '1989-05-21', 159, 136, '1979-04-18', 528, 554);
INSERT INTO public.products VALUES (836, 'Ujbxijobnv', 7, '1984-01-29', 958, 84, '1997-07-21', 776, 1965);
INSERT INTO public.products VALUES (837, 'Hdrbhkes', 56, '1975-07-16', 422, 655, '1983-09-06', 617, 1351);
INSERT INTO public.products VALUES (838, 'Osyd', 997, '1996-05-02', 852, 543, '1994-10-19', 987, 1289);
INSERT INTO public.products VALUES (839, 'Qfeccgmkos', 643, '1955-11-01', 401, 497, '1987-05-10', 457, 1941);
INSERT INTO public.products VALUES (840, 'Klbhvxlfd', 486, '1978-10-17', 598, 360, '1988-04-15', 841, 105);
INSERT INTO public.products VALUES (841, 'Bkjmekab', 564, '1959-04-27', 109, 901, '1988-02-02', 727, 766);
INSERT INTO public.products VALUES (842, 'Cbuunobbic', 477, '1966-04-11', 20, 223, '1958-03-10', 848, 780);
INSERT INTO public.products VALUES (843, 'Gfxsud', 537, '1954-10-03', 834, 896, '1969-01-17', 947, 684);
INSERT INTO public.products VALUES (844, 'Mecfojum', 580, '1969-10-21', 37, 242, '1965-01-04', 853, 955);
INSERT INTO public.products VALUES (845, 'Yceskxe', 895, '1962-05-01', 646, 79, '1999-01-12', 126, 1406);
INSERT INTO public.products VALUES (846, 'Uuprjes', 513, '1980-09-01', 5, 609, '1985-10-18', 908, 182);
INSERT INTO public.products VALUES (847, 'Wonplnwmb', 656, '1956-01-08', 397, 559, '1961-09-10', 800, 51);
INSERT INTO public.products VALUES (848, 'Pqsnbq', 361, '1973-03-29', 746, 473, '1988-07-20', 963, 1014);
INSERT INTO public.products VALUES (849, 'Qnkioevnd', 569, '1966-10-26', 880, 840, '1976-06-14', 327, 623);
INSERT INTO public.products VALUES (850, 'Wrgfnr', 46, '1978-08-14', 86, 188, '1958-02-05', 553, 1176);
INSERT INTO public.products VALUES (851, 'Whhgwxqo', 584, '1956-04-26', 723, 589, '1968-01-11', 706, 669);
INSERT INTO public.products VALUES (852, 'Cbnkqyivo', 112, '1984-05-29', 120, 883, '1967-07-08', 885, 764);
INSERT INTO public.products VALUES (853, 'Lilaqejo', 721, '1962-10-22', 25, 2, '1975-09-17', 82, 557);
INSERT INTO public.products VALUES (854, 'Yrkexxvmb', 656, '1973-06-23', 783, 452, '1994-07-20', 566, 141);
INSERT INTO public.products VALUES (855, 'Oirrwr', 350, '1960-02-21', 104, 186, '1989-05-16', 730, 1990);
INSERT INTO public.products VALUES (856, 'Ifdois', 309, '1977-11-09', 628, 64, '1981-01-18', 245, 1009);
INSERT INTO public.products VALUES (857, 'Ysrji', 230, '1956-01-04', 678, 656, '1958-05-17', 891, 965);
INSERT INTO public.products VALUES (858, 'Wjxjgfanrb', 191, '1962-04-17', 914, 629, '1962-05-29', 364, 1392);
INSERT INTO public.products VALUES (859, 'Dspyjb', 439, '1988-11-05', 897, 997, '1975-08-13', 79, 302);
INSERT INTO public.products VALUES (860, 'Gwhyqypyh', 184, '1954-03-25', 258, 119, '1999-04-13', 524, 274);
INSERT INTO public.products VALUES (861, 'Ltxvqot', 596, '1954-08-29', 349, 575, '1965-11-29', 436, 1562);
INSERT INTO public.products VALUES (862, 'Gwckj', 94, '1980-04-08', 599, 265, '1958-09-04', 714, 1079);
INSERT INTO public.products VALUES (863, 'Nvplmadgt', 577, '1958-06-16', 230, 90, '1979-01-16', 544, 838);
INSERT INTO public.products VALUES (864, 'Hcfbqsny', 164, '1978-01-13', 430, 252, '1961-07-06', 528, 1828);
INSERT INTO public.products VALUES (865, 'Ajbg', 434, '1995-02-10', 477, 395, '1977-02-11', 313, 446);
INSERT INTO public.products VALUES (866, 'Apbe', 654, '2000-04-06', 439, 853, '1984-05-16', 872, 853);
INSERT INTO public.products VALUES (867, 'Qbbm', 929, '1989-08-12', 517, 956, '1957-03-03', 832, 806);
INSERT INTO public.products VALUES (868, 'Yjyxxbvj', 116, '1974-07-18', 127, 94, '1992-04-09', 129, 866);
INSERT INTO public.products VALUES (869, 'Qxfw', 798, '1961-09-22', 91, 964, '1978-01-01', 778, 696);
INSERT INTO public.products VALUES (870, 'Ledew', 198, '1967-09-18', 853, 558, '1970-08-08', 980, 942);
INSERT INTO public.products VALUES (871, 'Lrql', 65, '1963-01-10', 391, 694, '1996-03-16', 143, 982);
INSERT INTO public.products VALUES (872, 'Gypugwlth', 554, '1966-04-16', 858, 195, '1979-10-28', 70, 1502);
INSERT INTO public.products VALUES (873, 'Tojkjgwa', 927, '1961-04-04', 208, 697, '1966-01-26', 226, 1014);
INSERT INTO public.products VALUES (874, 'Ceyywvah', 519, '1954-07-15', 61, 585, '1966-06-14', 276, 665);
INSERT INTO public.products VALUES (875, 'Aebwiofkbd', 405, '1996-05-18', 932, 916, '1993-05-09', 379, 364);
INSERT INTO public.products VALUES (876, 'Oqxkxgfd', 783, '1983-09-15', 98, 249, '1987-01-13', 546, 214);
INSERT INTO public.products VALUES (877, 'Xgry', 723, '1966-08-03', 503, 230, '1998-06-07', 366, 419);
INSERT INTO public.products VALUES (878, 'Umekxy', 149, '1954-08-15', 121, 278, '1964-09-10', 246, 239);
INSERT INTO public.products VALUES (879, 'Xifugyaupp', 868, '1957-01-12', 41, 208, '1967-10-19', 745, 1020);
INSERT INTO public.products VALUES (880, 'Pxcixuw', 273, '1978-02-26', 847, 275, '1968-06-24', 577, 1736);
INSERT INTO public.products VALUES (881, 'Txkvlgwyc', 586, '1999-04-03', 960, 417, '1972-11-15', 341, 1193);
INSERT INTO public.products VALUES (882, 'Lhfefkvaxj', 595, '1982-02-24', 617, 777, '1993-11-04', 149, 628);
INSERT INTO public.products VALUES (883, 'Ubndvxkpf', 611, '1995-11-16', 239, 434, '1962-09-26', 269, 1048);
INSERT INTO public.products VALUES (884, 'Cmnfexnorg', 173, '1976-05-08', 459, 842, '1978-11-13', 52, 277);
INSERT INTO public.products VALUES (885, 'Rusdbfh', 320, '1996-01-09', 682, 73, '1974-07-01', 330, 1846);
INSERT INTO public.products VALUES (886, 'Xborif', 182, '1964-10-10', 749, 400, '1976-05-13', 1, 878);
INSERT INTO public.products VALUES (887, 'Nitueglvh', 773, '1994-05-25', 64, 925, '1958-09-21', 324, 1468);
INSERT INTO public.products VALUES (888, 'Wdllcbwrgq', 170, '1962-04-28', 410, 649, '1989-10-12', 336, 1395);
INSERT INTO public.products VALUES (889, 'Sicusesm', 362, '1968-06-18', 948, 204, '1972-06-14', 864, 1920);
INSERT INTO public.products VALUES (890, 'Dlpnbrlf', 80, '1986-08-14', 921, 139, '1992-02-20', 152, 1950);
INSERT INTO public.products VALUES (891, 'Libfyomgf', 230, '1993-05-11', 236, 993, '1957-02-15', 8, 626);
INSERT INTO public.products VALUES (892, 'Urobruy', 15, '1989-10-21', 751, 613, '1986-11-21', 2, 1210);
INSERT INTO public.products VALUES (893, 'Xrihatb', 815, '1961-04-16', 962, 893, '1966-03-13', 488, 1916);
INSERT INTO public.products VALUES (894, 'Hkbaeedi', 978, '1968-03-13', 327, 296, '1971-08-07', 969, 1337);
INSERT INTO public.products VALUES (895, 'Wcrytumqs', 122, '1992-07-11', 879, 542, '1999-03-13', 83, 1379);
INSERT INTO public.products VALUES (896, 'Qsioo', 345, '1974-01-14', 690, 881, '1965-08-21', 124, 1937);
INSERT INTO public.products VALUES (897, 'Tbryh', 66, '1973-06-17', 129, 684, '1960-04-19', 984, 1722);
INSERT INTO public.products VALUES (898, 'Wixgqdvnl', 219, '1980-06-22', 305, 967, '1961-04-26', 428, 1502);
INSERT INTO public.products VALUES (899, 'Lqusaty', 535, '1997-04-11', 415, 303, '1961-06-06', 19, 1006);
INSERT INTO public.products VALUES (900, 'Lnsstv', 704, '1977-01-29', 341, 920, '1995-09-04', 875, 862);
INSERT INTO public.products VALUES (901, 'Xxdcfdx', 438, '1955-04-06', 800, 372, '1981-03-08', 664, 789);
INSERT INTO public.products VALUES (902, 'Herttwlfv', 479, '1957-09-25', 321, 33, '1972-01-04', 459, 1748);
INSERT INTO public.products VALUES (903, 'Bbvoofr', 677, '1968-05-12', 746, 411, '1977-07-22', 358, 1612);
INSERT INTO public.products VALUES (904, 'Citih', 633, '1964-08-15', 95, 812, '1976-07-12', 567, 1139);
INSERT INTO public.products VALUES (905, 'Txlwaeg', 915, '1962-02-07', 71, 201, '1970-06-25', 249, 1181);
INSERT INTO public.products VALUES (906, 'Igifjbegm', 443, '1986-07-13', 74, 75, '1995-08-10', 245, 27);
INSERT INTO public.products VALUES (907, 'Btpab', 417, '1990-11-08', 511, 638, '1982-10-17', 132, 1200);
INSERT INTO public.products VALUES (908, 'Newgnpspen', 471, '1966-10-26', 893, 986, '1979-02-02', 144, 477);
INSERT INTO public.products VALUES (909, 'Bbogtwpmeb', 574, '1956-07-13', 771, 405, '1980-09-24', 13, 722);
INSERT INTO public.products VALUES (910, 'Clteagupq', 298, '1986-02-06', 156, 687, '1964-04-20', 992, 475);
INSERT INTO public.products VALUES (911, 'Fkdbghcfup', 744, '1966-03-08', 603, 853, '1961-01-27', 556, 1103);
INSERT INTO public.products VALUES (912, 'Rgoq', 722, '1990-07-04', 627, 68, '1995-11-24', 409, 907);
INSERT INTO public.products VALUES (913, 'Eyfuiaswhk', 990, '1963-03-13', 603, 326, '1999-07-03', 158, 387);
INSERT INTO public.products VALUES (914, 'Ilisch', 590, '1994-08-18', 700, 219, '1973-09-13', 836, 1744);
INSERT INTO public.products VALUES (915, 'Yhakafhtop', 893, '1961-01-28', 377, 469, '1997-06-29', 655, 1063);
INSERT INTO public.products VALUES (916, 'Dhsg', 358, '1982-10-02', 29, 841, '1971-01-19', 751, 1038);
INSERT INTO public.products VALUES (917, 'Scljuqxww', 679, '1981-06-02', 134, 275, '1971-07-26', 160, 1467);
INSERT INTO public.products VALUES (918, 'Ytanjtc', 743, '1989-03-28', 445, 973, '1973-07-02', 990, 28);
INSERT INTO public.products VALUES (919, 'Fugu', 546, '1984-08-18', 820, 962, '2000-05-21', 580, 1604);
INSERT INTO public.products VALUES (920, 'Dserotjdm', 220, '1954-09-28', 844, 486, '1994-10-29', 347, 1609);
INSERT INTO public.products VALUES (921, 'Lqvfkb', 492, '1985-04-15', 439, 205, '2000-07-16', 796, 1739);
INSERT INTO public.products VALUES (922, 'Qxdbxntolt', 413, '1981-03-13', 48, 766, '1966-08-03', 120, 1672);
INSERT INTO public.products VALUES (923, 'Bftcs', 3, '1989-02-06', 748, 747, '1958-03-23', 637, 977);
INSERT INTO public.products VALUES (924, 'Cqobgiflw', 58, '1969-11-03', 225, 690, '1974-07-26', 190, 1332);
INSERT INTO public.products VALUES (925, 'Xrjoqbir', 883, '1963-04-13', 381, 147, '1999-06-05', 998, 586);
INSERT INTO public.products VALUES (926, 'Tdqvyoa', 602, '1991-07-17', 795, 126, '1967-01-12', 261, 388);
INSERT INTO public.products VALUES (927, 'Ygnjbla', 314, '1977-01-03', 54, 939, '1970-11-08', 981, 397);
INSERT INTO public.products VALUES (928, 'Dhvwdpyeb', 204, '1970-05-07', 70, 387, '1984-08-16', 691, 302);
INSERT INTO public.products VALUES (929, 'Ceqngtkrnv', 418, '1957-10-16', 445, 588, '1956-09-24', 163, 656);
INSERT INTO public.products VALUES (930, 'Rxfp', 625, '1974-01-06', 798, 581, '1968-06-13', 500, 1370);
INSERT INTO public.products VALUES (931, 'Rqstmno', 623, '1965-05-22', 336, 317, '1965-07-20', 702, 1484);
INSERT INTO public.products VALUES (932, 'Ignmcwi', 948, '1992-05-22', 214, 117, '1962-10-15', 779, 632);
INSERT INTO public.products VALUES (933, 'Xqqeggkbsd', 604, '1980-09-14', 100, 859, '1961-05-02', 444, 1319);
INSERT INTO public.products VALUES (934, 'Epjpc', 148, '1988-11-07', 951, 644, '1954-04-11', 669, 55);
INSERT INTO public.products VALUES (935, 'Yacxkd', 765, '1975-09-05', 579, 761, '1987-04-23', 17, 279);
INSERT INTO public.products VALUES (936, 'Vlyyoo', 235, '1989-01-04', 123, 396, '1995-06-05', 140, 1063);
INSERT INTO public.products VALUES (937, 'Kinhpp', 19, '1963-07-26', 256, 706, '1965-09-12', 402, 240);
INSERT INTO public.products VALUES (938, 'Uslkc', 522, '1956-02-10', 480, 871, '1989-09-11', 372, 1617);
INSERT INTO public.products VALUES (939, 'Ydartixhra', 882, '1981-04-11', 127, 374, '1984-05-14', 544, 190);
INSERT INTO public.products VALUES (940, 'Lfbbirsi', 450, '1966-10-22', 703, 207, '1960-06-15', 384, 502);
INSERT INTO public.products VALUES (941, 'Bqemy', 798, '1994-10-22', 350, 764, '1964-07-01', 211, 429);
INSERT INTO public.products VALUES (942, 'Svxph', 35, '1986-03-08', 776, 892, '1958-02-14', 584, 1194);
INSERT INTO public.products VALUES (943, 'Xtcamm', 521, '1986-01-02', 477, 538, '1967-02-19', 15, 365);
INSERT INTO public.products VALUES (944, 'Tooghdies', 908, '1978-08-29', 305, 926, '1990-09-26', 262, 1126);
INSERT INTO public.products VALUES (945, 'Pxdmmwroa', 171, '1972-06-26', 179, 948, '1972-10-13', 333, 885);
INSERT INTO public.products VALUES (946, 'Tenjbjxyny', 537, '1965-06-03', 521, 965, '1970-01-16', 435, 1326);
INSERT INTO public.products VALUES (947, 'Cvvq', 676, '1967-09-11', 92, 245, '1998-07-16', 167, 447);
INSERT INTO public.products VALUES (948, 'Gkqxuovt', 265, '1957-02-27', 31, 643, '1972-07-14', 550, 942);
INSERT INTO public.products VALUES (949, 'Vlhgh', 653, '1980-02-05', 176, 80, '1955-04-13', 866, 1800);
INSERT INTO public.products VALUES (950, 'Pmsql', 417, '1986-05-11', 487, 930, '1997-03-27', 595, 284);
INSERT INTO public.products VALUES (951, 'Ukkr', 401, '1976-05-11', 358, 774, '1957-06-04', 142, 1804);
INSERT INTO public.products VALUES (952, 'Qcuyjmue', 761, '1956-06-04', 162, 241, '1982-06-14', 566, 1838);
INSERT INTO public.products VALUES (953, 'Xhvoyrb', 324, '2000-07-13', 880, 61, '1981-07-08', 133, 1637);
INSERT INTO public.products VALUES (954, 'Bsysure', 773, '1960-11-27', 279, 250, '1959-09-08', 566, 1706);
INSERT INTO public.products VALUES (955, 'Whrm', 128, '1985-05-04', 662, 897, '2000-11-28', 332, 1816);
INSERT INTO public.products VALUES (956, 'Xjrtm', 840, '1996-06-22', 945, 273, '1962-04-28', 960, 1775);
INSERT INTO public.products VALUES (957, 'Fwvbxyionf', 139, '1978-03-21', 920, 490, '1967-06-14', 500, 471);
INSERT INTO public.products VALUES (958, 'Cnugxwyp', 927, '1954-11-25', 816, 347, '1982-06-05', 500, 656);
INSERT INTO public.products VALUES (959, 'Trhvt', 794, '2000-07-19', 792, 649, '1978-07-04', 947, 415);
INSERT INTO public.products VALUES (960, 'Kbbcrs', 148, '1982-03-02', 176, 871, '1991-05-25', 695, 829);
INSERT INTO public.products VALUES (961, 'Vwviiv', 448, '1958-09-14', 325, 182, '1991-02-12', 868, 235);
INSERT INTO public.products VALUES (962, 'Mmsjckjqt', 621, '1963-06-12', 86, 324, '1992-03-04', 721, 479);
INSERT INTO public.products VALUES (963, 'Mxtppv', 737, '1991-04-18', 31, 290, '1967-09-22', 775, 1952);
INSERT INTO public.products VALUES (964, 'Cutsdhk', 577, '1969-08-21', 921, 121, '1985-04-17', 485, 851);
INSERT INTO public.products VALUES (965, 'Sdbu', 327, '1984-08-27', 773, 505, '1980-03-15', 47, 897);
INSERT INTO public.products VALUES (966, 'Llmqvc', 604, '1961-08-14', 942, 75, '1960-02-28', 279, 450);
INSERT INTO public.products VALUES (967, 'Bpalhhpw', 372, '1994-02-03', 453, 371, '1969-03-20', 682, 1178);
INSERT INTO public.products VALUES (968, 'Fyhpp', 94, '1955-05-06', 124, 877, '1999-06-06', 86, 1893);
INSERT INTO public.products VALUES (969, 'Wcgydfg', 398, '1957-03-28', 809, 388, '1985-02-08', 12, 270);
INSERT INTO public.products VALUES (970, 'Tobyisi', 805, '1969-06-16', 927, 761, '1991-03-21', 25, 642);
INSERT INTO public.products VALUES (971, 'Xatrsg', 227, '1995-08-09', 950, 833, '1971-03-11', 805, 1315);
INSERT INTO public.products VALUES (972, 'Xrcmwavxi', 793, '1994-10-19', 230, 411, '1972-11-16', 424, 315);
INSERT INTO public.products VALUES (973, 'Gisce', 146, '1995-02-02', 391, 832, '1979-11-25', 220, 1833);
INSERT INTO public.products VALUES (974, 'Rhjledulmt', 505, '1994-09-08', 614, 843, '1996-07-28', 60, 1362);
INSERT INTO public.products VALUES (975, 'Cpxowv', 125, '1956-04-11', 681, 899, '1961-05-22', 395, 337);
INSERT INTO public.products VALUES (976, 'Nbumsdvong', 837, '1969-04-28', 87, 602, '1957-09-11', 3, 1735);
INSERT INTO public.products VALUES (977, 'Qthenuy', 268, '1960-02-22', 95, 185, '1978-11-22', 964, 1461);
INSERT INTO public.products VALUES (978, 'Mdhl', 662, '1976-04-02', 785, 629, '1964-08-26', 383, 924);
INSERT INTO public.products VALUES (979, 'Ttnycus', 566, '1974-03-02', 812, 716, '1985-05-26', 479, 1958);
INSERT INTO public.products VALUES (980, 'Jjkey', 630, '1980-02-19', 729, 40, '1981-04-19', 580, 748);
INSERT INTO public.products VALUES (981, 'Pgvrwfhsb', 794, '1965-08-27', 531, 711, '1966-05-17', 649, 1371);
INSERT INTO public.products VALUES (982, 'Soykboadfn', 566, '1970-10-15', 172, 836, '1958-07-20', 69, 621);
INSERT INTO public.products VALUES (983, 'Pvelidd', 34, '1957-04-07', 424, 66, '1961-10-13', 960, 1000);
INSERT INTO public.products VALUES (984, 'Ldmwjnhw', 28, '1995-01-27', 389, 730, '1994-05-04', 95, 1260);
INSERT INTO public.products VALUES (985, 'Xmxxfxxx', 258, '1969-07-12', 395, 139, '1972-03-24', 158, 573);
INSERT INTO public.products VALUES (986, 'Qoqnexhrv', 573, '1979-09-16', 839, 8, '1994-03-12', 340, 419);
INSERT INTO public.products VALUES (987, 'Cwky', 589, '1998-04-02', 563, 806, '1984-07-09', 311, 1138);
INSERT INTO public.products VALUES (988, 'Ugsns', 455, '1978-08-19', 714, 498, '1971-04-27', 154, 1657);
INSERT INTO public.products VALUES (989, 'Srgmx', 248, '1956-09-04', 725, 767, '1991-06-28', 317, 1681);
INSERT INTO public.products VALUES (990, 'Wcwfxbm', 648, '1978-06-04', 350, 739, '1997-01-25', 72, 1033);
INSERT INTO public.products VALUES (991, 'Onlyfar', 366, '1958-08-11', 855, 927, '1984-06-06', 738, 948);
INSERT INTO public.products VALUES (992, 'Mxfni', 913, '1964-11-23', 486, 448, '1988-03-29', 618, 484);
INSERT INTO public.products VALUES (993, 'Mbya', 436, '1996-01-07', 446, 761, '1973-03-24', 264, 963);
INSERT INTO public.products VALUES (994, 'Pykqfua', 429, '1970-04-06', 109, 3, '1968-05-10', 491, 1742);
INSERT INTO public.products VALUES (995, 'Ulnsorck', 417, '1973-01-07', 175, 12, '1969-04-27', 178, 1496);


--
-- Data for Name: recieve; Type: TABLE DATA; Schema: public; Owner: postgres
--

INSERT INTO public.recieve VALUES (1, '1973-10-05', 187, 243, 188, 677, 464, 1257, 435);
INSERT INTO public.recieve VALUES (2, '1998-11-28', 199, 307, 813, 597, 219, 1385, 843);
INSERT INTO public.recieve VALUES (3, '1957-10-15', 388, 264, 379, 980, 412, 1068, 371);
INSERT INTO public.recieve VALUES (4, '1972-11-03', 796, 180, 472, 871, 369, 1704, 763);
INSERT INTO public.recieve VALUES (5, '1960-04-05', 711, 129, 239, 573, 232, 316, 153);
INSERT INTO public.recieve VALUES (6, '1965-05-05', 272, 142, 211, 9, 399, 418, 591);
INSERT INTO public.recieve VALUES (7, '1979-10-18', 566, 80, 417, 491, 32, 37, 930);
INSERT INTO public.recieve VALUES (8, '1987-08-29', 766, 770, 961, 422, 76, 84, 828);
INSERT INTO public.recieve VALUES (9, '1989-08-03', 347, 419, 447, 822, 621, 1288, 466);
INSERT INTO public.recieve VALUES (10, '1999-07-29', 351, 67, 725, 289, 322, 126, 314);
INSERT INTO public.recieve VALUES (11, '1995-05-20', 444, 961, 85, 661, 764, 1248, 487);
INSERT INTO public.recieve VALUES (12, '1994-05-27', 247, 668, 983, 242, 669, 1685, 615);
INSERT INTO public.recieve VALUES (13, '1989-01-29', 2, 142, 437, 576, 300, 750, 951);
INSERT INTO public.recieve VALUES (14, '1985-07-13', 168, 106, 969, 433, 891, 1223, 811);
INSERT INTO public.recieve VALUES (15, '1965-10-06', 47, 747, 999, 461, 992, 1949, 101);
INSERT INTO public.recieve VALUES (16, '1985-08-27', 16, 477, 486, 681, 628, 1290, 901);
INSERT INTO public.recieve VALUES (17, '1976-10-17', 785, 651, 56, 556, 931, 1483, 542);
INSERT INTO public.recieve VALUES (18, '1970-09-28', 21, 350, 787, 445, 756, 1934, 939);
INSERT INTO public.recieve VALUES (19, '1961-09-09', 577, 940, 671, 426, 706, 58, 801);
INSERT INTO public.recieve VALUES (20, '1962-11-17', 44, 609, 524, 650, 979, 291, 951);
INSERT INTO public.recieve VALUES (21, '1986-05-28', 716, 198, 209, 982, 226, 1163, 859);
INSERT INTO public.recieve VALUES (22, '1982-01-25', 683, 77, 468, 170, 963, 470, 168);
INSERT INTO public.recieve VALUES (23, '1960-10-25', 685, 101, 142, 925, 585, 204, 183);
INSERT INTO public.recieve VALUES (24, '1973-11-11', 769, 872, 732, 75, 725, 1102, 231);
INSERT INTO public.recieve VALUES (25, '1955-04-28', 661, 309, 646, 228, 611, 1249, 200);
INSERT INTO public.recieve VALUES (26, '1968-08-19', 964, 38, 358, 517, 857, 139, 618);
INSERT INTO public.recieve VALUES (27, '1970-11-05', 437, 24, 196, 380, 118, 1516, 424);
INSERT INTO public.recieve VALUES (28, '1964-03-23', 979, 99, 626, 689, 71, 1523, 369);
INSERT INTO public.recieve VALUES (30, '1961-02-18', 39, 674, 645, 135, 139, 1918, 101);
INSERT INTO public.recieve VALUES (31, '1969-05-14', 731, 416, 745, 678, 626, 1368, 756);
INSERT INTO public.recieve VALUES (32, '1987-08-15', 975, 493, 988, 397, 498, 688, 165);
INSERT INTO public.recieve VALUES (33, '1970-05-11', 778, 360, 791, 593, 977, 1211, 656);
INSERT INTO public.recieve VALUES (34, '1955-04-05', 289, 834, 94, 173, 899, 394, 990);
INSERT INTO public.recieve VALUES (35, '1973-06-25', 411, 988, 41, 540, 895, 437, 464);
INSERT INTO public.recieve VALUES (36, '1994-10-22', 744, 44, 784, 72, 740, 745, 874);
INSERT INTO public.recieve VALUES (37, '1995-10-24', 819, 417, 619, 137, 487, 1327, 721);
INSERT INTO public.recieve VALUES (38, '1984-01-07', 102, 994, 859, 391, 943, 783, 902);
INSERT INTO public.recieve VALUES (39, '1973-06-19', 193, 409, 149, 254, 168, 800, 401);
INSERT INTO public.recieve VALUES (40, '1956-03-09', 945, 840, 551, 522, 594, 1996, 285);
INSERT INTO public.recieve VALUES (41, '1992-09-08', 982, 690, 187, 738, 49, 56, 996);
INSERT INTO public.recieve VALUES (42, '1981-03-11', 141, 478, 644, 719, 728, 237, 782);
INSERT INTO public.recieve VALUES (43, '1978-07-14', 792, 581, 501, 751, 192, 1054, 981);
INSERT INTO public.recieve VALUES (44, '1974-07-10', 531, 514, 116, 96, 894, 1845, 539);
INSERT INTO public.recieve VALUES (45, '1999-01-01', 579, 509, 190, 724, 150, 912, 754);
INSERT INTO public.recieve VALUES (46, '1969-05-01', 906, 55, 697, 351, 936, 1055, 672);
INSERT INTO public.recieve VALUES (47, '1986-02-13', 769, 417, 739, 827, 555, 784, 663);
INSERT INTO public.recieve VALUES (48, '1994-11-28', 407, 795, 792, 301, 990, 800, 332);
INSERT INTO public.recieve VALUES (49, '1979-06-22', 972, 875, 352, 624, 902, 1284, 887);
INSERT INTO public.recieve VALUES (50, '1966-05-05', 262, 142, 728, 723, 22, 762, 836);
INSERT INTO public.recieve VALUES (51, '1976-07-25', 957, 260, 991, 41, 822, 300, 41);
INSERT INTO public.recieve VALUES (52, '1968-11-03', 508, 634, 664, 785, 597, 170, 453);
INSERT INTO public.recieve VALUES (53, '1981-06-09', 257, 477, 973, 647, 780, 1538, 84);
INSERT INTO public.recieve VALUES (54, '1999-09-15', 556, 664, 903, 767, 921, 320, 98);
INSERT INTO public.recieve VALUES (55, '1969-08-17', 984, 637, 923, 991, 19, 1447, 972);
INSERT INTO public.recieve VALUES (56, '1997-06-26', 775, 21, 309, 36, 28, 1535, 880);
INSERT INTO public.recieve VALUES (57, '1995-06-09', 914, 875, 516, 204, 608, 1353, 271);
INSERT INTO public.recieve VALUES (58, '1978-03-06', 475, 239, 676, 387, 493, 357, 402);
INSERT INTO public.recieve VALUES (59, '1980-04-29', 473, 498, 838, 840, 277, 1790, 527);
INSERT INTO public.recieve VALUES (60, '1997-01-15', 260, 388, 745, 272, 392, 509, 349);
INSERT INTO public.recieve VALUES (61, '1963-08-26', 226, 702, 658, 901, 675, 1918, 605);
INSERT INTO public.recieve VALUES (62, '1957-11-23', 574, 538, 898, 114, 156, 179, 522);
INSERT INTO public.recieve VALUES (63, '1977-05-23', 852, 607, 970, 363, 62, 245, 136);
INSERT INTO public.recieve VALUES (64, '1958-01-15', 445, 815, 975, 857, 620, 1536, 999);
INSERT INTO public.recieve VALUES (65, '1964-06-02', 90, 244, 752, 16, 18, 400, 976);
INSERT INTO public.recieve VALUES (66, '1958-02-06', 928, 30, 386, 70, 957, 421, 385);
INSERT INTO public.recieve VALUES (67, '1990-01-28', 519, 233, 400, 183, 365, 509, 458);
INSERT INTO public.recieve VALUES (68, '1997-10-02', 693, 810, 577, 860, 447, 1897, 394);
INSERT INTO public.recieve VALUES (69, '1977-05-22', 49, 201, 613, 604, 545, 916, 922);
INSERT INTO public.recieve VALUES (70, '1960-08-06', 667, 452, 382, 321, 441, 625, 972);
INSERT INTO public.recieve VALUES (71, '1985-04-05', 733, 331, 347, 394, 693, 175, 586);
INSERT INTO public.recieve VALUES (72, '1958-11-16', 59, 961, 182, 189, 783, 1549, 427);
INSERT INTO public.recieve VALUES (73, '1994-04-18', 63, 243, 225, 687, 887, 453, 502);
INSERT INTO public.recieve VALUES (74, '1988-09-07', 346, 288, 20, 421, 305, 143, 956);
INSERT INTO public.recieve VALUES (75, '1979-11-25', 249, 159, 856, 571, 739, 748, 681);
INSERT INTO public.recieve VALUES (76, '1954-05-02', 236, 596, 797, 74, 592, 1845, 772);
INSERT INTO public.recieve VALUES (77, '1997-02-14', 133, 898, 2, 80, 529, 1543, 225);
INSERT INTO public.recieve VALUES (78, '1986-03-20', 622, 702, 434, 596, 344, 1793, 824);
INSERT INTO public.recieve VALUES (79, '1983-11-22', 404, 529, 4, 68, 513, 1096, 800);
INSERT INTO public.recieve VALUES (80, '1982-10-20', 429, 107, 799, 880, 681, 634, 463);
INSERT INTO public.recieve VALUES (81, '1995-04-22', 93, 434, 575, 960, 206, 1533, 742);
INSERT INTO public.recieve VALUES (82, '1991-02-04', 212, 997, 525, 163, 78, 1196, 121);
INSERT INTO public.recieve VALUES (83, '1979-05-16', 280, 822, 519, 222, 474, 1888, 474);
INSERT INTO public.recieve VALUES (84, '1962-08-15', 232, 459, 687, 755, 440, 1369, 995);
INSERT INTO public.recieve VALUES (85, '1994-06-27', 312, 682, 342, 440, 325, 1606, 956);
INSERT INTO public.recieve VALUES (86, '1972-03-17', 51, 299, 756, 30, 863, 175, 447);
INSERT INTO public.recieve VALUES (87, '1963-10-17', 191, 594, 219, 40, 102, 1960, 531);
INSERT INTO public.recieve VALUES (88, '1972-06-10', 29, 998, 947, 113, 17, 468, 496);
INSERT INTO public.recieve VALUES (89, '1994-06-13', 483, 325, 39, 143, 309, 217, 463);
INSERT INTO public.recieve VALUES (90, '1982-02-17', 63, 444, 856, 157, 419, 689, 341);
INSERT INTO public.recieve VALUES (91, '1957-04-21', 103, 726, 986, 986, 449, 1642, 858);
INSERT INTO public.recieve VALUES (92, '1999-06-29', 692, 588, 961, 301, 848, 860, 710);
INSERT INTO public.recieve VALUES (93, '1973-03-05', 552, 728, 963, 677, 898, 1027, 408);
INSERT INTO public.recieve VALUES (94, '1958-07-08', 531, 574, 869, 649, 123, 1936, 540);
INSERT INTO public.recieve VALUES (95, '1985-08-26', 631, 888, 761, 129, 938, 988, 643);
INSERT INTO public.recieve VALUES (96, '1994-09-05', 786, 156, 145, 859, 697, 593, 712);
INSERT INTO public.recieve VALUES (97, '1967-08-09', 959, 285, 993, 25, 964, 571, 224);
INSERT INTO public.recieve VALUES (98, '1974-10-11', 281, 85, 657, 799, 198, 1081, 914);
INSERT INTO public.recieve VALUES (99, '1969-10-05', 100, 948, 750, 103, 76, 1137, 432);
INSERT INTO public.recieve VALUES (100, '1960-01-07', 201, 631, 938, 231, 261, 448, 622);
INSERT INTO public.recieve VALUES (101, '1958-04-07', 730, 319, 675, 784, 706, 1731, 663);
INSERT INTO public.recieve VALUES (102, '1991-07-03', 243, 256, 46, 621, 75, 254, 956);
INSERT INTO public.recieve VALUES (103, '1992-03-04', 197, 704, 204, 401, 934, 1853, 55);
INSERT INTO public.recieve VALUES (104, '1969-01-21', 275, 882, 965, 81, 297, 1163, 171);
INSERT INTO public.recieve VALUES (105, '1961-09-03', 915, 578, 631, 193, 255, 253, 969);
INSERT INTO public.recieve VALUES (106, '1982-09-15', 966, 409, 330, 359, 408, 490, 897);
INSERT INTO public.recieve VALUES (107, '1991-04-12', 426, 836, 525, 212, 126, 447, 4);
INSERT INTO public.recieve VALUES (108, '1973-01-12', 721, 147, 430, 860, 919, 101, 749);
INSERT INTO public.recieve VALUES (109, '1982-08-01', 581, 480, 645, 606, 956, 955, 582);
INSERT INTO public.recieve VALUES (110, '1978-01-14', 499, 53, 578, 713, 475, 1933, 424);
INSERT INTO public.recieve VALUES (111, '1969-03-26', 962, 590, 838, 773, 404, 1784, 550);
INSERT INTO public.recieve VALUES (112, '1994-09-27', 452, 159, 18, 215, 355, 1454, 698);
INSERT INTO public.recieve VALUES (113, '1974-07-11', 792, 189, 167, 909, 147, 599, 83);
INSERT INTO public.recieve VALUES (114, '1973-05-11', 902, 312, 455, 345, 738, 235, 230);
INSERT INTO public.recieve VALUES (115, '1965-06-29', 278, 751, 609, 230, 88, 24, 71);
INSERT INTO public.recieve VALUES (116, '1986-07-26', 427, 74, 9, 775, 421, 465, 52);
INSERT INTO public.recieve VALUES (117, '1989-05-15', 110, 787, 256, 817, 685, 1910, 386);
INSERT INTO public.recieve VALUES (118, '1975-09-14', 642, 726, 120, 883, 56, 1030, 350);
INSERT INTO public.recieve VALUES (119, '1960-10-17', 699, 202, 835, 161, 520, 1207, 17);
INSERT INTO public.recieve VALUES (120, '1960-04-09', 642, 153, 977, 698, 629, 1972, 10);
INSERT INTO public.recieve VALUES (121, '1979-10-29', 637, 422, 674, 641, 994, 1289, 829);
INSERT INTO public.recieve VALUES (122, '1997-08-21', 859, 91, 476, 203, 466, 1587, 298);
INSERT INTO public.recieve VALUES (123, '1969-06-05', 153, 774, 701, 481, 995, 1263, 776);
INSERT INTO public.recieve VALUES (124, '1965-07-25', 383, 88, 515, 968, 294, 349, 736);
INSERT INTO public.recieve VALUES (125, '1960-07-27', 847, 626, 207, 871, 717, 1919, 10);
INSERT INTO public.recieve VALUES (126, '1989-07-12', 309, 404, 773, 530, 411, 1276, 411);
INSERT INTO public.recieve VALUES (127, '1967-06-22', 8, 168, 370, 912, 142, 1542, 10);
INSERT INTO public.recieve VALUES (128, '1988-02-05', 630, 616, 172, 881, 985, 856, 593);
INSERT INTO public.recieve VALUES (129, '1960-05-16', 549, 57, 346, 30, 449, 29, 913);
INSERT INTO public.recieve VALUES (130, '1958-04-20', 58, 569, 299, 124, 759, 103, 764);
INSERT INTO public.recieve VALUES (131, '1971-08-18', 539, 254, 161, 175, 291, 390, 557);
INSERT INTO public.recieve VALUES (132, '1974-08-08', 593, 379, 911, 355, 879, 604, 113);
INSERT INTO public.recieve VALUES (133, '1963-04-10', 40, 204, 512, 656, 926, 1529, 686);
INSERT INTO public.recieve VALUES (134, '1973-01-21', 199, 854, 330, 863, 663, 1829, 142);
INSERT INTO public.recieve VALUES (135, '1978-02-13', 571, 845, 739, 542, 756, 1202, 46);
INSERT INTO public.recieve VALUES (136, '1995-08-18', 546, 465, 858, 733, 763, 1051, 358);
INSERT INTO public.recieve VALUES (137, '1970-05-07', 418, 830, 113, 78, 813, 1210, 252);
INSERT INTO public.recieve VALUES (138, '1965-06-12', 777, 916, 12, 805, 292, 262, 719);
INSERT INTO public.recieve VALUES (139, '1959-04-11', 901, 149, 314, 869, 809, 1780, 827);
INSERT INTO public.recieve VALUES (140, '1981-11-06', 870, 761, 483, 578, 604, 1828, 753);
INSERT INTO public.recieve VALUES (141, '1970-04-23', 192, 671, 791, 409, 298, 1392, 458);
INSERT INTO public.recieve VALUES (142, '2000-05-02', 402, 11, 154, 735, 272, 983, 999);
INSERT INTO public.recieve VALUES (143, '1973-09-19', 620, 126, 792, 378, 494, 130, 45);
INSERT INTO public.recieve VALUES (144, '1997-11-01', 596, 817, 130, 590, 516, 1944, 242);
INSERT INTO public.recieve VALUES (145, '1995-06-28', 102, 14, 953, 617, 453, 1823, 371);
INSERT INTO public.recieve VALUES (146, '1954-10-28', 391, 852, 14, 298, 599, 1205, 674);
INSERT INTO public.recieve VALUES (147, '1963-11-09', 634, 173, 153, 419, 89, 759, 796);
INSERT INTO public.recieve VALUES (148, '1961-02-20', 938, 256, 13, 446, 60, 1964, 559);
INSERT INTO public.recieve VALUES (149, '1984-10-01', 482, 810, 782, 558, 384, 144, 690);
INSERT INTO public.recieve VALUES (150, '1989-09-22', 616, 426, 211, 609, 602, 1088, 283);
INSERT INTO public.recieve VALUES (151, '1963-08-08', 800, 447, 238, 546, 219, 1515, 650);
INSERT INTO public.recieve VALUES (152, '1972-03-07', 531, 89, 44, 846, 285, 452, 731);
INSERT INTO public.recieve VALUES (153, '1988-09-29', 248, 928, 946, 282, 382, 1454, 989);
INSERT INTO public.recieve VALUES (154, '1959-06-09', 71, 93, 343, 110, 294, 518, 689);
INSERT INTO public.recieve VALUES (155, '1977-05-16', 140, 301, 202, 400, 452, 1779, 597);
INSERT INTO public.recieve VALUES (156, '1959-05-11', 652, 141, 675, 180, 772, 740, 254);
INSERT INTO public.recieve VALUES (157, '1960-01-17', 463, 308, 65, 19, 379, 1682, 870);
INSERT INTO public.recieve VALUES (158, '1965-09-27', 17, 704, 607, 896, 85, 1558, 200);
INSERT INTO public.recieve VALUES (159, '1990-04-09', 932, 144, 487, 224, 200, 1938, 95);
INSERT INTO public.recieve VALUES (160, '1973-10-22', 535, 909, 838, 899, 431, 1573, 148);
INSERT INTO public.recieve VALUES (161, '1988-06-29', 113, 958, 471, 251, 739, 1960, 968);
INSERT INTO public.recieve VALUES (162, '1971-09-07', 845, 695, 332, 339, 242, 1791, 30);
INSERT INTO public.recieve VALUES (163, '1974-08-23', 346, 589, 560, 532, 409, 269, 431);
INSERT INTO public.recieve VALUES (164, '1958-07-18', 706, 832, 893, 420, 515, 219, 72);
INSERT INTO public.recieve VALUES (165, '1954-05-01', 86, 392, 941, 92, 403, 1367, 724);
INSERT INTO public.recieve VALUES (166, '1978-06-24', 533, 563, 48, 665, 259, 268, 777);
INSERT INTO public.recieve VALUES (167, '1988-08-25', 98, 65, 678, 136, 442, 1296, 942);
INSERT INTO public.recieve VALUES (168, '1999-06-09', 726, 274, 845, 810, 735, 1051, 420);
INSERT INTO public.recieve VALUES (169, '1998-10-02', 656, 863, 914, 830, 969, 1610, 177);
INSERT INTO public.recieve VALUES (170, '1988-10-05', 26, 804, 942, 766, 133, 1826, 912);
INSERT INTO public.recieve VALUES (171, '1971-09-14', 602, 806, 639, 561, 809, 482, 411);
INSERT INTO public.recieve VALUES (172, '1956-02-07', 300, 960, 446, 11, 807, 1131, 489);
INSERT INTO public.recieve VALUES (173, '1976-06-01', 742, 348, 138, 42, 529, 1625, 981);
INSERT INTO public.recieve VALUES (174, '1993-05-14', 656, 138, 245, 391, 273, 224, 44);
INSERT INTO public.recieve VALUES (175, '1954-05-15', 661, 63, 317, 650, 298, 19, 6);
INSERT INTO public.recieve VALUES (176, '1980-05-20', 166, 552, 840, 18, 569, 684, 328);
INSERT INTO public.recieve VALUES (177, '1981-04-05', 356, 100, 502, 22, 780, 439, 994);
INSERT INTO public.recieve VALUES (178, '1955-04-22', 252, 950, 200, 57, 508, 269, 606);
INSERT INTO public.recieve VALUES (179, '1990-04-21', 333, 895, 900, 719, 872, 1749, 837);
INSERT INTO public.recieve VALUES (180, '2000-11-15', 271, 931, 91, 71, 216, 1747, 514);
INSERT INTO public.recieve VALUES (181, '1969-07-23', 80, 305, 498, 406, 583, 435, 699);
INSERT INTO public.recieve VALUES (182, '1972-08-01', 473, 11, 670, 961, 693, 1532, 940);
INSERT INTO public.recieve VALUES (183, '1969-06-07', 787, 381, 570, 348, 497, 923, 607);
INSERT INTO public.recieve VALUES (184, '1986-05-14', 889, 330, 662, 690, 380, 442, 889);
INSERT INTO public.recieve VALUES (185, '2000-07-13', 395, 358, 823, 759, 854, 1456, 885);
INSERT INTO public.recieve VALUES (186, '1978-10-03', 425, 585, 641, 28, 109, 190, 398);
INSERT INTO public.recieve VALUES (187, '1992-07-02', 126, 858, 153, 65, 771, 192, 813);
INSERT INTO public.recieve VALUES (188, '1961-04-02', 705, 44, 754, 861, 389, 715, 618);
INSERT INTO public.recieve VALUES (189, '1987-03-13', 17, 871, 279, 577, 342, 1660, 767);
INSERT INTO public.recieve VALUES (190, '1987-06-21', 367, 792, 508, 252, 793, 1896, 590);
INSERT INTO public.recieve VALUES (191, '1979-09-28', 256, 317, 31, 437, 876, 1163, 200);
INSERT INTO public.recieve VALUES (192, '1983-01-05', 760, 776, 950, 495, 948, 1593, 941);
INSERT INTO public.recieve VALUES (193, '1988-05-19', 365, 880, 75, 18, 876, 1576, 353);
INSERT INTO public.recieve VALUES (194, '1997-09-21', 630, 893, 128, 150, 689, 1844, 664);
INSERT INTO public.recieve VALUES (195, '1965-08-01', 971, 101, 750, 922, 854, 1571, 266);
INSERT INTO public.recieve VALUES (196, '1964-08-20', 736, 69, 835, 457, 799, 1361, 287);
INSERT INTO public.recieve VALUES (197, '1956-07-10', 80, 729, 571, 543, 942, 257, 699);
INSERT INTO public.recieve VALUES (198, '1979-02-13', 833, 345, 909, 85, 208, 1503, 698);
INSERT INTO public.recieve VALUES (199, '1979-09-02', 935, 981, 881, 88, 115, 1374, 156);
INSERT INTO public.recieve VALUES (200, '1995-06-03', 783, 596, 621, 484, 708, 418, 409);
INSERT INTO public.recieve VALUES (201, '1969-03-14', 204, 350, 91, 654, 158, 1536, 817);
INSERT INTO public.recieve VALUES (202, '1983-11-16', 758, 973, 339, 621, 306, 1569, 666);
INSERT INTO public.recieve VALUES (203, '1963-03-27', 460, 933, 68, 724, 400, 1166, 385);
INSERT INTO public.recieve VALUES (204, '1999-09-24', 536, 462, 440, 595, 692, 1180, 518);
INSERT INTO public.recieve VALUES (205, '1979-02-27', 848, 909, 487, 139, 676, 1302, 797);
INSERT INTO public.recieve VALUES (206, '1979-03-05', 573, 925, 650, 951, 175, 414, 149);
INSERT INTO public.recieve VALUES (207, '1960-03-05', 243, 644, 514, 313, 994, 1798, 902);
INSERT INTO public.recieve VALUES (208, '1968-04-24', 737, 129, 782, 146, 717, 822, 493);
INSERT INTO public.recieve VALUES (209, '1999-05-13', 91, 419, 430, 826, 24, 554, 600);
INSERT INTO public.recieve VALUES (210, '1956-10-26', 560, 274, 696, 252, 283, 281, 386);
INSERT INTO public.recieve VALUES (211, '1993-06-22', 960, 192, 996, 264, 23, 1720, 787);
INSERT INTO public.recieve VALUES (212, '1982-09-14', 940, 914, 594, 409, 804, 1487, 12);
INSERT INTO public.recieve VALUES (213, '1977-05-13', 238, 681, 663, 655, 700, 953, 89);
INSERT INTO public.recieve VALUES (214, '1980-06-10', 719, 196, 55, 49, 703, 1111, 653);
INSERT INTO public.recieve VALUES (215, '1988-03-20', 589, 829, 604, 206, 369, 305, 327);
INSERT INTO public.recieve VALUES (216, '1998-09-15', 151, 794, 148, 811, 757, 14, 904);
INSERT INTO public.recieve VALUES (217, '1977-05-10', 820, 358, 486, 877, 224, 326, 935);
INSERT INTO public.recieve VALUES (218, '1984-04-06', 594, 838, 406, 478, 125, 1143, 531);
INSERT INTO public.recieve VALUES (219, '1957-06-25', 92, 554, 528, 475, 408, 1433, 748);
INSERT INTO public.recieve VALUES (220, '1989-09-26', 55, 911, 506, 272, 85, 432, 615);
INSERT INTO public.recieve VALUES (221, '1982-03-04', 409, 156, 425, 938, 544, 148, 557);
INSERT INTO public.recieve VALUES (223, '1968-07-09', 837, 83, 500, 392, 714, 1582, 487);
INSERT INTO public.recieve VALUES (224, '2000-04-02', 857, 543, 946, 993, 852, 565, 294);
INSERT INTO public.recieve VALUES (225, '1954-10-09', 251, 479, 670, 275, 887, 1226, 751);
INSERT INTO public.recieve VALUES (226, '1974-10-20', 501, 66, 337, 80, 576, 1351, 294);
INSERT INTO public.recieve VALUES (227, '1968-06-03', 633, 422, 356, 313, 200, 1613, 903);
INSERT INTO public.recieve VALUES (228, '1969-06-15', 159, 760, 823, 813, 669, 920, 198);
INSERT INTO public.recieve VALUES (229, '1991-09-08', 462, 77, 950, 453, 518, 1216, 276);
INSERT INTO public.recieve VALUES (230, '1995-08-24', 744, 565, 776, 345, 135, 1642, 409);
INSERT INTO public.recieve VALUES (231, '2000-03-17', 24, 756, 412, 454, 130, 342, 367);
INSERT INTO public.recieve VALUES (232, '1973-10-05', 429, 47, 220, 117, 363, 1278, 931);
INSERT INTO public.recieve VALUES (233, '1980-10-02', 588, 577, 907, 507, 17, 95, 769);
INSERT INTO public.recieve VALUES (234, '1974-09-02', 870, 385, 873, 388, 611, 1821, 348);
INSERT INTO public.recieve VALUES (235, '1956-09-18', 575, 284, 289, 693, 270, 1804, 565);
INSERT INTO public.recieve VALUES (236, '1978-07-20', 417, 397, 537, 752, 721, 146, 796);
INSERT INTO public.recieve VALUES (237, '1985-02-20', 534, 776, 531, 737, 917, 1078, 581);
INSERT INTO public.recieve VALUES (239, '1993-07-29', 226, 284, 560, 484, 966, 819, 904);
INSERT INTO public.recieve VALUES (240, '1988-10-29', 477, 680, 891, 409, 347, 1575, 980);
INSERT INTO public.recieve VALUES (241, '1992-09-27', 92, 655, 577, 260, 329, 783, 516);
INSERT INTO public.recieve VALUES (242, '1970-07-21', 645, 889, 8, 715, 341, 1812, 910);
INSERT INTO public.recieve VALUES (243, '1964-10-11', 67, 987, 18, 158, 260, 1016, 78);
INSERT INTO public.recieve VALUES (244, '1973-08-17', 579, 486, 329, 664, 777, 1049, 303);
INSERT INTO public.recieve VALUES (245, '1998-01-11', 308, 927, 953, 861, 938, 471, 734);
INSERT INTO public.recieve VALUES (246, '1971-04-12', 829, 315, 407, 731, 876, 1519, 84);
INSERT INTO public.recieve VALUES (247, '1956-10-27', 199, 359, 942, 192, 13, 1591, 938);
INSERT INTO public.recieve VALUES (248, '1985-03-01', 251, 40, 141, 567, 192, 1036, 510);
INSERT INTO public.recieve VALUES (249, '1984-03-14', 666, 811, 388, 420, 561, 302, 827);
INSERT INTO public.recieve VALUES (250, '1989-02-14', 261, 105, 289, 91, 459, 474, 20);
INSERT INTO public.recieve VALUES (251, '1970-05-20', 638, 417, 593, 632, 967, 1571, 669);
INSERT INTO public.recieve VALUES (252, '1994-10-09', 963, 550, 671, 38, 367, 1053, 470);
INSERT INTO public.recieve VALUES (253, '1974-02-07', 223, 56, 10, 807, 148, 573, 869);
INSERT INTO public.recieve VALUES (254, '1993-06-10', 60, 666, 528, 826, 904, 926, 155);
INSERT INTO public.recieve VALUES (255, '1987-11-22', 598, 937, 914, 720, 602, 1827, 629);
INSERT INTO public.recieve VALUES (256, '1984-04-22', 15, 770, 781, 456, 225, 1477, 979);
INSERT INTO public.recieve VALUES (257, '1996-03-20', 801, 776, 605, 880, 472, 1240, 615);
INSERT INTO public.recieve VALUES (258, '1980-11-12', 589, 133, 314, 167, 768, 1743, 619);
INSERT INTO public.recieve VALUES (259, '1992-07-12', 450, 811, 435, 222, 228, 153, 16);
INSERT INTO public.recieve VALUES (260, '1954-07-08', 365, 434, 341, 959, 96, 1328, 572);
INSERT INTO public.recieve VALUES (261, '1986-08-11', 111, 602, 957, 962, 102, 985, 374);
INSERT INTO public.recieve VALUES (262, '1991-09-06', 789, 473, 41, 841, 572, 887, 577);
INSERT INTO public.recieve VALUES (263, '1957-03-04', 617, 363, 489, 424, 342, 1762, 702);
INSERT INTO public.recieve VALUES (264, '1988-02-22', 848, 606, 914, 138, 279, 1002, 546);
INSERT INTO public.recieve VALUES (265, '1976-06-17', 725, 414, 804, 621, 501, 294, 506);
INSERT INTO public.recieve VALUES (266, '1973-07-16', 349, 874, 851, 561, 931, 1782, 945);
INSERT INTO public.recieve VALUES (267, '1991-01-16', 603, 169, 306, 526, 45, 1304, 585);
INSERT INTO public.recieve VALUES (268, '1976-01-28', 745, 648, 35, 800, 239, 249, 852);
INSERT INTO public.recieve VALUES (269, '1972-02-11', 539, 925, 779, 223, 69, 1675, 155);
INSERT INTO public.recieve VALUES (270, '2000-02-27', 133, 201, 418, 541, 912, 1943, 548);
INSERT INTO public.recieve VALUES (271, '1958-11-02', 105, 534, 925, 175, 331, 174, 387);
INSERT INTO public.recieve VALUES (272, '1974-09-17', 376, 561, 614, 757, 837, 351, 859);
INSERT INTO public.recieve VALUES (273, '1989-11-21', 229, 765, 110, 201, 208, 927, 250);
INSERT INTO public.recieve VALUES (274, '1975-04-25', 115, 177, 804, 402, 214, 1556, 941);
INSERT INTO public.recieve VALUES (275, '1962-05-14', 968, 244, 947, 317, 631, 1210, 380);
INSERT INTO public.recieve VALUES (276, '1980-08-24', 812, 462, 686, 644, 824, 993, 470);
INSERT INTO public.recieve VALUES (277, '1976-06-17', 54, 340, 965, 453, 683, 355, 885);
INSERT INTO public.recieve VALUES (278, '1955-11-10', 327, 302, 469, 703, 954, 404, 603);
INSERT INTO public.recieve VALUES (279, '1972-08-07', 227, 914, 658, 923, 530, 310, 114);
INSERT INTO public.recieve VALUES (280, '1961-01-14', 21, 113, 825, 165, 953, 576, 34);
INSERT INTO public.recieve VALUES (281, '1966-08-09', 541, 43, 34, 548, 433, 130, 551);
INSERT INTO public.recieve VALUES (282, '1992-07-26', 869, 683, 717, 494, 591, 1733, 71);
INSERT INTO public.recieve VALUES (283, '1958-03-14', 533, 881, 269, 40, 550, 1023, 45);
INSERT INTO public.recieve VALUES (284, '1982-08-23', 310, 948, 968, 714, 808, 1586, 87);
INSERT INTO public.recieve VALUES (285, '1958-11-19', 683, 103, 332, 755, 349, 440, 626);
INSERT INTO public.recieve VALUES (286, '1970-08-18', 104, 447, 248, 346, 16, 1594, 633);
INSERT INTO public.recieve VALUES (287, '1964-01-11', 438, 667, 103, 378, 18, 1413, 913);
INSERT INTO public.recieve VALUES (288, '1996-03-29', 475, 676, 453, 781, 737, 601, 751);
INSERT INTO public.recieve VALUES (289, '1975-11-24', 77, 979, 731, 393, 803, 122, 330);
INSERT INTO public.recieve VALUES (290, '1958-07-19', 648, 926, 521, 166, 570, 1639, 942);
INSERT INTO public.recieve VALUES (291, '1963-07-14', 659, 235, 125, 472, 68, 828, 735);
INSERT INTO public.recieve VALUES (292, '1980-07-26', 102, 933, 974, 853, 718, 1507, 870);
INSERT INTO public.recieve VALUES (293, '1980-10-13', 59, 657, 900, 863, 33, 1847, 531);
INSERT INTO public.recieve VALUES (294, '1962-09-06', 698, 814, 311, 724, 972, 1210, 866);
INSERT INTO public.recieve VALUES (295, '1984-07-25', 780, 399, 641, 787, 269, 45, 18);
INSERT INTO public.recieve VALUES (296, '1956-06-23', 287, 564, 144, 228, 104, 1702, 663);
INSERT INTO public.recieve VALUES (297, '1964-11-19', 878, 950, 623, 741, 446, 1925, 242);
INSERT INTO public.recieve VALUES (298, '1981-06-09', 314, 63, 643, 395, 80, 1812, 729);
INSERT INTO public.recieve VALUES (299, '1968-06-09', 310, 461, 28, 282, 46, 1149, 786);
INSERT INTO public.recieve VALUES (300, '1994-07-19', 816, 542, 794, 296, 485, 943, 352);
INSERT INTO public.recieve VALUES (301, '1996-08-19', 162, 880, 925, 113, 418, 1900, 73);
INSERT INTO public.recieve VALUES (302, '1993-01-29', 928, 70, 663, 769, 728, 585, 957);
INSERT INTO public.recieve VALUES (303, '2000-10-15', 828, 144, 39, 677, 540, 431, 603);
INSERT INTO public.recieve VALUES (304, '1979-11-09', 255, 745, 278, 33, 830, 684, 224);
INSERT INTO public.recieve VALUES (305, '1954-04-05', 574, 82, 305, 233, 792, 1813, 574);
INSERT INTO public.recieve VALUES (306, '1973-03-25', 132, 803, 839, 727, 655, 846, 363);
INSERT INTO public.recieve VALUES (307, '1979-10-19', 399, 558, 803, 442, 451, 1453, 8);
INSERT INTO public.recieve VALUES (308, '1983-06-05', 872, 566, 393, 812, 789, 1734, 47);
INSERT INTO public.recieve VALUES (309, '1969-03-09', 553, 333, 35, 19, 664, 733, 499);
INSERT INTO public.recieve VALUES (310, '1963-10-27', 540, 204, 468, 986, 445, 1316, 656);
INSERT INTO public.recieve VALUES (311, '1990-04-27', 739, 499, 9, 579, 86, 1915, 236);
INSERT INTO public.recieve VALUES (312, '1985-09-16', 682, 730, 488, 44, 689, 1532, 880);
INSERT INTO public.recieve VALUES (313, '2000-04-22', 331, 480, 856, 442, 98, 1483, 159);
INSERT INTO public.recieve VALUES (314, '1955-11-11', 363, 755, 146, 356, 640, 550, 63);
INSERT INTO public.recieve VALUES (315, '1984-04-20', 159, 477, 251, 237, 628, 1301, 235);
INSERT INTO public.recieve VALUES (316, '1958-11-24', 485, 709, 535, 214, 317, 1325, 285);
INSERT INTO public.recieve VALUES (317, '2000-07-20', 943, 28, 593, 186, 628, 1870, 747);
INSERT INTO public.recieve VALUES (318, '1984-11-09', 870, 574, 780, 814, 757, 1000, 955);
INSERT INTO public.recieve VALUES (319, '1988-03-03', 972, 640, 763, 462, 393, 1415, 920);
INSERT INTO public.recieve VALUES (320, '1997-05-18', 731, 897, 590, 217, 465, 840, 944);
INSERT INTO public.recieve VALUES (321, '2000-09-07', 848, 925, 746, 981, 275, 495, 653);
INSERT INTO public.recieve VALUES (322, '1984-06-18', 860, 783, 549, 501, 446, 653, 931);
INSERT INTO public.recieve VALUES (323, '1972-04-14', 482, 112, 778, 36, 356, 1460, 781);
INSERT INTO public.recieve VALUES (324, '1982-02-05', 501, 466, 535, 329, 838, 960, 169);
INSERT INTO public.recieve VALUES (325, '1956-01-06', 388, 762, 851, 678, 131, 548, 846);
INSERT INTO public.recieve VALUES (326, '1993-05-20', 45, 874, 772, 968, 2, 490, 220);
INSERT INTO public.recieve VALUES (327, '1998-02-14', 660, 284, 33, 315, 403, 967, 744);
INSERT INTO public.recieve VALUES (328, '1968-03-14', 354, 54, 266, 307, 363, 1967, 41);
INSERT INTO public.recieve VALUES (329, '1978-03-20', 170, 123, 64, 481, 231, 513, 279);
INSERT INTO public.recieve VALUES (330, '1993-01-08', 888, 536, 730, 2, 589, 1545, 381);
INSERT INTO public.recieve VALUES (331, '1958-06-08', 114, 179, 216, 323, 920, 216, 16);
INSERT INTO public.recieve VALUES (332, '1985-01-17', 829, 822, 159, 906, 811, 434, 96);
INSERT INTO public.recieve VALUES (333, '1973-03-17', 284, 446, 531, 875, 610, 1970, 257);
INSERT INTO public.recieve VALUES (334, '1998-10-24', 804, 204, 88, 589, 436, 400, 916);
INSERT INTO public.recieve VALUES (335, '1960-03-11', 70, 115, 521, 413, 958, 964, 681);
INSERT INTO public.recieve VALUES (336, '1994-03-12', 989, 327, 342, 993, 231, 369, 600);
INSERT INTO public.recieve VALUES (337, '1955-05-22', 445, 305, 354, 298, 340, 379, 393);
INSERT INTO public.recieve VALUES (338, '1975-01-28', 486, 925, 23, 273, 273, 471, 46);
INSERT INTO public.recieve VALUES (339, '1985-11-05', 58, 47, 356, 441, 318, 1749, 203);
INSERT INTO public.recieve VALUES (340, '1971-11-04', 356, 669, 435, 55, 547, 1974, 567);
INSERT INTO public.recieve VALUES (341, '1979-01-20', 770, 346, 52, 279, 338, 1809, 885);
INSERT INTO public.recieve VALUES (342, '1985-03-29', 222, 810, 628, 63, 957, 1169, 120);
INSERT INTO public.recieve VALUES (343, '1997-08-11', 466, 483, 857, 341, 355, 270, 77);
INSERT INTO public.recieve VALUES (344, '1989-11-17', 520, 816, 56, 588, 458, 355, 665);
INSERT INTO public.recieve VALUES (345, '1981-06-02', 703, 324, 660, 28, 774, 947, 410);
INSERT INTO public.recieve VALUES (346, '1999-03-05', 976, 898, 234, 930, 199, 641, 412);
INSERT INTO public.recieve VALUES (347, '1958-03-19', 579, 364, 100, 407, 277, 156, 780);
INSERT INTO public.recieve VALUES (348, '1956-11-04', 79, 839, 953, 679, 134, 598, 508);
INSERT INTO public.recieve VALUES (349, '1975-08-17', 325, 319, 284, 73, 979, 1145, 918);
INSERT INTO public.recieve VALUES (350, '1980-01-23', 200, 34, 74, 323, 763, 1905, 684);
INSERT INTO public.recieve VALUES (351, '2000-10-02', 699, 871, 879, 294, 949, 403, 507);
INSERT INTO public.recieve VALUES (352, '1959-08-12', 823, 402, 491, 63, 727, 1239, 292);
INSERT INTO public.recieve VALUES (353, '1968-05-15', 726, 453, 760, 659, 420, 1871, 26);
INSERT INTO public.recieve VALUES (354, '2000-11-15', 793, 675, 665, 87, 322, 1938, 646);
INSERT INTO public.recieve VALUES (355, '1998-11-07', 546, 809, 615, 50, 715, 897, 306);
INSERT INTO public.recieve VALUES (356, '1981-01-17', 69, 641, 450, 87, 780, 817, 112);
INSERT INTO public.recieve VALUES (357, '1992-01-02', 358, 372, 938, 691, 428, 812, 814);
INSERT INTO public.recieve VALUES (358, '1977-08-04', 368, 687, 692, 59, 813, 137, 391);
INSERT INTO public.recieve VALUES (359, '1957-10-04', 693, 198, 498, 668, 133, 415, 910);
INSERT INTO public.recieve VALUES (360, '1977-07-11', 259, 337, 4, 553, 179, 1758, 881);
INSERT INTO public.recieve VALUES (361, '1997-03-02', 227, 911, 87, 172, 130, 1916, 407);
INSERT INTO public.recieve VALUES (362, '1989-03-06', 818, 608, 42, 991, 365, 1836, 837);
INSERT INTO public.recieve VALUES (363, '1988-03-27', 233, 62, 579, 828, 213, 853, 19);
INSERT INTO public.recieve VALUES (364, '1992-05-17', 98, 556, 610, 222, 931, 586, 366);
INSERT INTO public.recieve VALUES (365, '1997-07-15', 625, 834, 374, 554, 691, 913, 274);
INSERT INTO public.recieve VALUES (366, '1968-04-05', 529, 870, 131, 964, 419, 61, 947);
INSERT INTO public.recieve VALUES (367, '1972-07-07', 390, 578, 590, 931, 774, 1389, 580);
INSERT INTO public.recieve VALUES (368, '1987-04-29', 630, 951, 763, 297, 757, 631, 476);
INSERT INTO public.recieve VALUES (369, '1973-04-03', 795, 460, 392, 358, 470, 34, 26);
INSERT INTO public.recieve VALUES (370, '1992-10-02', 418, 627, 827, 719, 571, 1526, 749);
INSERT INTO public.recieve VALUES (371, '1981-08-11', 743, 457, 332, 17, 377, 1870, 226);
INSERT INTO public.recieve VALUES (372, '1995-09-03', 944, 214, 824, 795, 539, 888, 324);
INSERT INTO public.recieve VALUES (373, '1975-06-23', 349, 249, 521, 893, 894, 964, 855);
INSERT INTO public.recieve VALUES (374, '1988-05-06', 719, 124, 681, 430, 645, 1045, 321);
INSERT INTO public.recieve VALUES (375, '1993-04-28', 814, 688, 9, 574, 710, 401, 807);
INSERT INTO public.recieve VALUES (376, '1975-06-05', 746, 998, 319, 94, 956, 1366, 846);
INSERT INTO public.recieve VALUES (377, '1998-03-14', 686, 525, 558, 422, 879, 1638, 409);
INSERT INTO public.recieve VALUES (378, '1960-01-23', 677, 616, 250, 940, 225, 1545, 471);
INSERT INTO public.recieve VALUES (379, '1990-07-21', 388, 34, 607, 100, 703, 1459, 451);
INSERT INTO public.recieve VALUES (380, '1954-02-07', 583, 875, 685, 993, 140, 1203, 642);
INSERT INTO public.recieve VALUES (381, '1954-01-22', 279, 101, 704, 291, 63, 905, 455);
INSERT INTO public.recieve VALUES (382, '1988-04-29', 252, 108, 509, 952, 806, 239, 809);
INSERT INTO public.recieve VALUES (383, '1955-05-04', 258, 677, 835, 123, 565, 353, 470);
INSERT INTO public.recieve VALUES (384, '1957-08-22', 914, 27, 961, 677, 952, 1981, 685);
INSERT INTO public.recieve VALUES (385, '1957-01-29', 645, 305, 505, 196, 540, 1843, 464);
INSERT INTO public.recieve VALUES (386, '1956-11-25', 112, 594, 75, 146, 877, 1906, 162);
INSERT INTO public.recieve VALUES (387, '1973-10-08', 607, 756, 337, 955, 246, 1597, 304);
INSERT INTO public.recieve VALUES (388, '1964-06-17', 290, 889, 508, 896, 393, 1653, 203);
INSERT INTO public.recieve VALUES (389, '1957-05-12', 492, 523, 519, 901, 335, 1016, 983);
INSERT INTO public.recieve VALUES (390, '1979-10-08', 189, 705, 509, 377, 398, 1672, 567);
INSERT INTO public.recieve VALUES (391, '1986-11-03', 241, 152, 869, 267, 104, 510, 81);
INSERT INTO public.recieve VALUES (392, '1988-01-10', 97, 646, 849, 304, 192, 1597, 952);
INSERT INTO public.recieve VALUES (393, '1990-03-22', 891, 792, 66, 163, 387, 655, 71);
INSERT INTO public.recieve VALUES (394, '1996-08-10', 265, 619, 323, 885, 532, 1400, 485);
INSERT INTO public.recieve VALUES (395, '1981-08-13', 711, 550, 569, 396, 869, 52, 465);
INSERT INTO public.recieve VALUES (396, '1961-10-06', 927, 216, 714, 167, 63, 1309, 978);
INSERT INTO public.recieve VALUES (397, '1972-01-23', 824, 329, 929, 230, 760, 1763, 592);
INSERT INTO public.recieve VALUES (398, '1967-04-12', 979, 411, 503, 414, 610, 713, 373);
INSERT INTO public.recieve VALUES (399, '1958-08-19', 821, 115, 583, 59, 202, 692, 725);
INSERT INTO public.recieve VALUES (400, '1983-03-24', 788, 730, 204, 418, 358, 411, 913);
INSERT INTO public.recieve VALUES (401, '1971-02-17', 679, 715, 921, 635, 114, 431, 777);
INSERT INTO public.recieve VALUES (402, '1964-11-03', 752, 434, 454, 196, 940, 167, 382);
INSERT INTO public.recieve VALUES (403, '1962-07-21', 702, 672, 675, 701, 376, 918, 680);
INSERT INTO public.recieve VALUES (404, '1983-08-19', 870, 805, 669, 323, 270, 600, 306);
INSERT INTO public.recieve VALUES (405, '1968-09-25', 550, 510, 332, 929, 81, 15, 552);
INSERT INTO public.recieve VALUES (406, '1992-06-15', 660, 871, 962, 552, 57, 1049, 823);
INSERT INTO public.recieve VALUES (407, '1956-02-02', 437, 33, 359, 554, 479, 1164, 548);
INSERT INTO public.recieve VALUES (408, '1973-03-21', 872, 194, 850, 786, 392, 1314, 146);
INSERT INTO public.recieve VALUES (409, '1957-05-10', 58, 233, 730, 943, 466, 213, 120);
INSERT INTO public.recieve VALUES (410, '1979-03-20', 717, 79, 805, 114, 659, 520, 791);
INSERT INTO public.recieve VALUES (411, '1991-07-08', 972, 854, 439, 633, 161, 983, 229);
INSERT INTO public.recieve VALUES (412, '1957-08-29', 870, 596, 504, 114, 700, 987, 275);
INSERT INTO public.recieve VALUES (413, '1964-01-06', 931, 867, 949, 959, 408, 361, 661);
INSERT INTO public.recieve VALUES (414, '1965-09-19', 708, 339, 644, 800, 667, 382, 397);
INSERT INTO public.recieve VALUES (415, '1960-01-10', 940, 8, 115, 93, 547, 717, 876);
INSERT INTO public.recieve VALUES (416, '1962-06-02', 119, 741, 83, 575, 563, 134, 464);
INSERT INTO public.recieve VALUES (417, '1961-05-02', 758, 463, 674, 481, 513, 956, 940);
INSERT INTO public.recieve VALUES (418, '1965-08-11', 800, 64, 506, 714, 456, 433, 321);
INSERT INTO public.recieve VALUES (419, '1980-03-15', 824, 722, 529, 582, 84, 357, 98);
INSERT INTO public.recieve VALUES (420, '1995-03-29', 478, 190, 676, 426, 202, 1307, 83);
INSERT INTO public.recieve VALUES (421, '1997-05-09', 448, 431, 797, 388, 568, 93, 312);
INSERT INTO public.recieve VALUES (422, '1977-01-23', 245, 541, 621, 187, 112, 1573, 252);
INSERT INTO public.recieve VALUES (423, '1997-08-16', 247, 718, 320, 390, 461, 1104, 321);
INSERT INTO public.recieve VALUES (424, '1962-01-21', 165, 761, 478, 538, 80, 1672, 943);
INSERT INTO public.recieve VALUES (425, '1976-04-17', 634, 19, 87, 410, 541, 1633, 52);
INSERT INTO public.recieve VALUES (426, '1987-11-13', 504, 811, 30, 18, 278, 177, 664);
INSERT INTO public.recieve VALUES (427, '1958-08-06', 601, 293, 234, 194, 481, 1812, 178);
INSERT INTO public.recieve VALUES (428, '1958-11-05', 440, 324, 990, 508, 14, 256, 30);
INSERT INTO public.recieve VALUES (429, '2000-10-03', 932, 528, 326, 556, 793, 1428, 372);
INSERT INTO public.recieve VALUES (430, '1990-02-09', 905, 181, 76, 115, 527, 1858, 201);
INSERT INTO public.recieve VALUES (431, '1984-06-07', 695, 485, 831, 429, 775, 647, 80);
INSERT INTO public.recieve VALUES (432, '1992-11-16', 265, 496, 987, 196, 122, 1089, 3);
INSERT INTO public.recieve VALUES (433, '1985-04-04', 832, 467, 16, 824, 399, 1507, 525);
INSERT INTO public.recieve VALUES (434, '1976-03-29', 375, 668, 868, 492, 660, 1133, 535);
INSERT INTO public.recieve VALUES (435, '1975-09-28', 40, 19, 995, 661, 874, 1783, 702);
INSERT INTO public.recieve VALUES (436, '1968-09-23', 713, 476, 916, 557, 87, 1446, 683);
INSERT INTO public.recieve VALUES (437, '1959-11-03', 231, 623, 876, 366, 772, 154, 27);
INSERT INTO public.recieve VALUES (438, '1984-02-27', 758, 753, 792, 578, 967, 802, 611);
INSERT INTO public.recieve VALUES (439, '1964-06-01', 167, 574, 673, 538, 783, 1488, 662);
INSERT INTO public.recieve VALUES (440, '1957-03-12', 401, 70, 458, 670, 286, 771, 325);
INSERT INTO public.recieve VALUES (441, '1974-02-08', 596, 417, 360, 461, 573, 434, 664);
INSERT INTO public.recieve VALUES (442, '1968-11-16', 126, 663, 938, 692, 54, 1297, 925);
INSERT INTO public.recieve VALUES (443, '1998-02-17', 901, 804, 995, 727, 381, 838, 658);
INSERT INTO public.recieve VALUES (444, '1954-10-24', 47, 268, 660, 797, 302, 403, 815);
INSERT INTO public.recieve VALUES (445, '1987-10-20', 954, 206, 601, 119, 37, 1613, 230);
INSERT INTO public.recieve VALUES (446, '1970-06-15', 447, 595, 146, 337, 476, 1773, 823);
INSERT INTO public.recieve VALUES (447, '1963-10-15', 355, 680, 127, 915, 39, 384, 619);
INSERT INTO public.recieve VALUES (448, '1993-02-07', 610, 895, 917, 438, 9, 369, 522);
INSERT INTO public.recieve VALUES (449, '1955-09-03', 608, 565, 543, 964, 615, 1613, 197);
INSERT INTO public.recieve VALUES (450, '1958-04-09', 212, 600, 324, 206, 791, 475, 317);
INSERT INTO public.recieve VALUES (451, '1957-04-02', 703, 377, 970, 767, 337, 56, 678);
INSERT INTO public.recieve VALUES (452, '1967-09-14', 156, 12, 5, 848, 507, 453, 280);
INSERT INTO public.recieve VALUES (453, '1957-10-22', 151, 665, 301, 389, 221, 1573, 697);
INSERT INTO public.recieve VALUES (454, '1959-01-07', 660, 43, 2, 164, 596, 1266, 27);
INSERT INTO public.recieve VALUES (455, '1996-07-28', 935, 977, 221, 596, 787, 1407, 16);
INSERT INTO public.recieve VALUES (456, '1997-10-03', 149, 622, 185, 785, 721, 966, 613);
INSERT INTO public.recieve VALUES (457, '1993-09-27', 346, 961, 325, 422, 714, 876, 260);
INSERT INTO public.recieve VALUES (458, '1965-07-13', 504, 874, 27, 736, 327, 1000, 811);
INSERT INTO public.recieve VALUES (459, '1978-05-25', 572, 377, 404, 738, 911, 135, 221);
INSERT INTO public.recieve VALUES (460, '1981-09-11', 172, 912, 356, 274, 669, 1561, 765);
INSERT INTO public.recieve VALUES (461, '1960-11-19', 395, 365, 421, 437, 731, 379, 491);
INSERT INTO public.recieve VALUES (462, '1970-08-22', 448, 447, 518, 111, 764, 371, 191);
INSERT INTO public.recieve VALUES (463, '1972-01-16', 918, 141, 363, 675, 572, 1776, 921);
INSERT INTO public.recieve VALUES (464, '1995-08-24', 47, 474, 390, 597, 658, 45, 540);
INSERT INTO public.recieve VALUES (465, '1999-02-19', 593, 342, 468, 399, 199, 763, 313);
INSERT INTO public.recieve VALUES (466, '1977-07-15', 87, 86, 537, 830, 317, 1758, 818);
INSERT INTO public.recieve VALUES (467, '1971-03-17', 988, 746, 325, 766, 20, 804, 202);
INSERT INTO public.recieve VALUES (468, '1962-01-13', 492, 409, 924, 764, 85, 748, 823);
INSERT INTO public.recieve VALUES (469, '1975-05-07', 742, 704, 544, 985, 5, 1027, 700);
INSERT INTO public.recieve VALUES (470, '1977-02-26', 212, 799, 304, 822, 263, 1629, 437);
INSERT INTO public.recieve VALUES (471, '1964-01-09', 460, 455, 192, 355, 956, 575, 719);
INSERT INTO public.recieve VALUES (472, '1973-01-19', 131, 760, 299, 960, 918, 301, 306);
INSERT INTO public.recieve VALUES (473, '1998-06-25', 791, 38, 880, 557, 574, 520, 62);
INSERT INTO public.recieve VALUES (474, '1962-04-08', 18, 552, 681, 499, 854, 1351, 448);
INSERT INTO public.recieve VALUES (475, '1979-11-15', 764, 949, 304, 361, 74, 1053, 877);
INSERT INTO public.recieve VALUES (476, '1960-04-21', 428, 888, 856, 855, 600, 628, 85);
INSERT INTO public.recieve VALUES (477, '1998-01-22', 620, 75, 908, 742, 694, 224, 416);
INSERT INTO public.recieve VALUES (478, '1993-09-04', 448, 44, 795, 545, 747, 887, 106);
INSERT INTO public.recieve VALUES (479, '1980-01-21', 13, 536, 65, 294, 242, 286, 833);
INSERT INTO public.recieve VALUES (480, '1957-08-19', 666, 296, 899, 455, 246, 845, 481);
INSERT INTO public.recieve VALUES (481, '1983-11-29', 431, 879, 685, 490, 645, 308, 353);
INSERT INTO public.recieve VALUES (482, '1981-05-10', 216, 280, 754, 731, 259, 1189, 14);
INSERT INTO public.recieve VALUES (483, '1970-11-27', 160, 750, 36, 457, 397, 1523, 615);
INSERT INTO public.recieve VALUES (484, '1989-02-01', 854, 64, 709, 686, 39, 218, 691);
INSERT INTO public.recieve VALUES (485, '1957-01-01', 609, 59, 42, 312, 571, 329, 437);
INSERT INTO public.recieve VALUES (486, '1983-10-21', 255, 168, 268, 709, 446, 1052, 726);
INSERT INTO public.recieve VALUES (487, '1993-02-19', 504, 329, 293, 973, 107, 1322, 911);
INSERT INTO public.recieve VALUES (488, '1978-09-17', 10, 373, 249, 642, 465, 1794, 461);
INSERT INTO public.recieve VALUES (489, '1985-03-16', 239, 621, 599, 898, 230, 1702, 282);
INSERT INTO public.recieve VALUES (490, '1992-10-11', 170, 552, 366, 590, 293, 1249, 752);
INSERT INTO public.recieve VALUES (491, '1957-01-24', 945, 702, 922, 387, 726, 856, 942);
INSERT INTO public.recieve VALUES (492, '1975-09-13', 964, 265, 899, 62, 71, 1284, 471);
INSERT INTO public.recieve VALUES (493, '1970-11-21', 734, 753, 282, 932, 85, 770, 318);
INSERT INTO public.recieve VALUES (494, '1954-10-13', 931, 323, 761, 535, 573, 565, 249);
INSERT INTO public.recieve VALUES (495, '1983-11-03', 409, 83, 22, 944, 8, 1119, 435);
INSERT INTO public.recieve VALUES (496, '1989-08-11', 983, 216, 905, 43, 471, 1233, 110);
INSERT INTO public.recieve VALUES (497, '1973-09-29', 37, 373, 179, 386, 265, 1383, 285);
INSERT INTO public.recieve VALUES (498, '1993-09-03', 396, 879, 98, 663, 341, 876, 44);
INSERT INTO public.recieve VALUES (499, '1990-03-20', 362, 352, 994, 465, 803, 107, 675);
INSERT INTO public.recieve VALUES (500, '1960-08-27', 501, 807, 498, 331, 359, 723, 668);
INSERT INTO public.recieve VALUES (501, '1972-05-20', 958, 511, 871, 302, 82, 1061, 213);
INSERT INTO public.recieve VALUES (502, '1993-05-06', 834, 527, 235, 333, 149, 1856, 874);
INSERT INTO public.recieve VALUES (503, '1967-11-05', 3, 91, 571, 782, 386, 847, 557);
INSERT INTO public.recieve VALUES (504, '1974-02-21', 418, 346, 259, 157, 235, 1562, 359);
INSERT INTO public.recieve VALUES (505, '1979-11-02', 835, 536, 602, 519, 763, 44, 649);
INSERT INTO public.recieve VALUES (506, '1966-03-20', 629, 163, 977, 122, 969, 878, 207);
INSERT INTO public.recieve VALUES (507, '1958-10-05', 422, 465, 895, 686, 807, 1259, 336);
INSERT INTO public.recieve VALUES (508, '1960-02-12', 785, 789, 431, 508, 596, 1879, 840);
INSERT INTO public.recieve VALUES (509, '1988-06-18', 95, 320, 256, 930, 78, 540, 159);
INSERT INTO public.recieve VALUES (510, '2000-04-23', 484, 562, 30, 278, 432, 1761, 965);
INSERT INTO public.recieve VALUES (511, '1985-01-28', 740, 942, 907, 860, 467, 1089, 696);
INSERT INTO public.recieve VALUES (512, '1957-10-22', 644, 494, 663, 473, 846, 432, 999);
INSERT INTO public.recieve VALUES (513, '1987-05-28', 279, 461, 73, 915, 938, 737, 64);
INSERT INTO public.recieve VALUES (514, '1978-05-21', 330, 472, 821, 528, 636, 1551, 899);
INSERT INTO public.recieve VALUES (515, '1954-11-23', 550, 291, 254, 775, 514, 1660, 863);
INSERT INTO public.recieve VALUES (516, '2000-01-02', 326, 985, 445, 852, 380, 1099, 332);
INSERT INTO public.recieve VALUES (517, '1973-03-23', 116, 720, 486, 909, 720, 568, 772);
INSERT INTO public.recieve VALUES (518, '1960-01-05', 289, 939, 289, 217, 819, 1298, 341);
INSERT INTO public.recieve VALUES (519, '1989-09-18', 655, 269, 417, 958, 552, 1297, 260);
INSERT INTO public.recieve VALUES (520, '1959-07-26', 679, 543, 740, 212, 665, 451, 679);
INSERT INTO public.recieve VALUES (521, '1998-09-15', 600, 460, 838, 879, 180, 1271, 339);
INSERT INTO public.recieve VALUES (522, '1977-10-18', 557, 9, 667, 41, 897, 1443, 584);
INSERT INTO public.recieve VALUES (523, '1997-07-27', 546, 943, 12, 5, 703, 1984, 973);
INSERT INTO public.recieve VALUES (524, '1989-10-02', 760, 332, 740, 834, 917, 749, 349);
INSERT INTO public.recieve VALUES (525, '1977-10-09', 488, 699, 849, 935, 159, 1306, 81);
INSERT INTO public.recieve VALUES (526, '1974-03-16', 402, 800, 477, 145, 588, 1392, 724);
INSERT INTO public.recieve VALUES (527, '1975-09-26', 12, 854, 445, 483, 469, 62, 550);
INSERT INTO public.recieve VALUES (528, '1975-06-17', 108, 287, 387, 190, 893, 80, 499);
INSERT INTO public.recieve VALUES (529, '1966-08-06', 709, 175, 679, 365, 283, 1136, 828);
INSERT INTO public.recieve VALUES (530, '1961-04-05', 210, 667, 947, 92, 475, 1960, 969);
INSERT INTO public.recieve VALUES (531, '1957-02-05', 150, 673, 525, 709, 527, 212, 481);
INSERT INTO public.recieve VALUES (532, '1972-09-06', 448, 727, 992, 746, 221, 1984, 159);
INSERT INTO public.recieve VALUES (533, '1993-06-24', 455, 896, 398, 71, 50, 1429, 447);
INSERT INTO public.recieve VALUES (534, '1977-04-23', 463, 274, 553, 809, 350, 280, 948);
INSERT INTO public.recieve VALUES (535, '1965-10-01', 12, 939, 544, 740, 947, 1115, 613);
INSERT INTO public.recieve VALUES (536, '1976-05-07', 684, 675, 970, 138, 25, 323, 622);
INSERT INTO public.recieve VALUES (537, '1997-02-27', 325, 660, 722, 851, 221, 73, 734);
INSERT INTO public.recieve VALUES (538, '1962-09-17', 80, 745, 109, 314, 52, 1093, 800);
INSERT INTO public.recieve VALUES (539, '1982-05-20', 735, 326, 524, 557, 386, 1109, 14);
INSERT INTO public.recieve VALUES (540, '1998-04-04', 34, 193, 581, 814, 87, 805, 118);
INSERT INTO public.recieve VALUES (541, '1958-09-12', 627, 726, 518, 219, 743, 1735, 449);
INSERT INTO public.recieve VALUES (542, '1994-06-11', 790, 864, 65, 973, 650, 1131, 340);
INSERT INTO public.recieve VALUES (543, '1955-02-11', 597, 916, 282, 692, 933, 1596, 663);
INSERT INTO public.recieve VALUES (544, '1956-07-22', 538, 423, 698, 98, 312, 1282, 787);
INSERT INTO public.recieve VALUES (545, '1971-04-16', 398, 324, 269, 65, 71, 1157, 815);
INSERT INTO public.recieve VALUES (546, '1992-02-22', 562, 769, 500, 737, 945, 456, 352);
INSERT INTO public.recieve VALUES (547, '1990-09-07', 587, 567, 910, 19, 159, 762, 850);
INSERT INTO public.recieve VALUES (548, '1970-08-21', 737, 288, 713, 790, 7, 205, 745);
INSERT INTO public.recieve VALUES (549, '1962-03-20', 113, 128, 553, 396, 423, 890, 314);
INSERT INTO public.recieve VALUES (550, '1995-03-25', 211, 226, 785, 936, 167, 1605, 16);
INSERT INTO public.recieve VALUES (551, '1996-06-26', 494, 501, 31, 691, 456, 1098, 817);
INSERT INTO public.recieve VALUES (552, '1999-11-01', 700, 397, 918, 9, 16, 1112, 47);
INSERT INTO public.recieve VALUES (553, '1992-03-05', 650, 809, 339, 926, 634, 674, 31);
INSERT INTO public.recieve VALUES (554, '1966-07-26', 827, 496, 609, 294, 378, 1617, 86);
INSERT INTO public.recieve VALUES (555, '1988-11-16', 498, 877, 346, 296, 443, 376, 146);
INSERT INTO public.recieve VALUES (556, '1976-03-29', 730, 520, 282, 712, 193, 134, 944);
INSERT INTO public.recieve VALUES (557, '1986-03-14', 651, 881, 200, 178, 928, 329, 289);
INSERT INTO public.recieve VALUES (559, '1977-04-03', 264, 664, 492, 506, 290, 27, 727);
INSERT INTO public.recieve VALUES (560, '1963-11-01', 237, 678, 520, 235, 591, 342, 764);
INSERT INTO public.recieve VALUES (561, '1980-07-26', 337, 601, 850, 763, 254, 1855, 313);
INSERT INTO public.recieve VALUES (562, '1989-04-03', 95, 883, 308, 454, 417, 597, 838);
INSERT INTO public.recieve VALUES (563, '1968-06-17', 74, 505, 513, 92, 310, 1899, 544);
INSERT INTO public.recieve VALUES (564, '1978-10-20', 179, 169, 884, 339, 817, 1329, 424);
INSERT INTO public.recieve VALUES (565, '1961-02-03', 109, 318, 189, 622, 932, 253, 15);
INSERT INTO public.recieve VALUES (566, '1990-05-10', 200, 363, 399, 537, 327, 1738, 429);
INSERT INTO public.recieve VALUES (567, '1957-08-03', 700, 504, 46, 402, 707, 1215, 412);
INSERT INTO public.recieve VALUES (568, '1999-09-15', 453, 722, 348, 548, 285, 930, 159);
INSERT INTO public.recieve VALUES (569, '1980-02-28', 547, 464, 543, 546, 55, 393, 89);
INSERT INTO public.recieve VALUES (570, '1984-09-15', 435, 366, 802, 357, 382, 731, 815);
INSERT INTO public.recieve VALUES (571, '1983-08-23', 924, 248, 191, 628, 875, 1306, 207);
INSERT INTO public.recieve VALUES (572, '1957-09-19', 214, 706, 638, 328, 552, 680, 880);
INSERT INTO public.recieve VALUES (573, '1955-02-27', 942, 454, 704, 270, 182, 1613, 650);
INSERT INTO public.recieve VALUES (574, '1959-03-04', 420, 437, 940, 180, 887, 1112, 98);
INSERT INTO public.recieve VALUES (575, '1991-11-20', 236, 823, 819, 499, 135, 659, 578);
INSERT INTO public.recieve VALUES (576, '1988-06-10', 290, 417, 939, 809, 731, 1066, 917);
INSERT INTO public.recieve VALUES (577, '1992-05-25', 786, 952, 362, 175, 232, 1375, 652);
INSERT INTO public.recieve VALUES (578, '1984-07-29', 445, 684, 712, 89, 496, 858, 704);
INSERT INTO public.recieve VALUES (579, '1968-08-18', 820, 964, 880, 15, 151, 1461, 297);
INSERT INTO public.recieve VALUES (580, '1965-05-15', 966, 237, 535, 564, 245, 714, 905);
INSERT INTO public.recieve VALUES (581, '1996-11-05', 6, 696, 844, 717, 522, 1369, 324);
INSERT INTO public.recieve VALUES (582, '1966-04-01', 675, 226, 767, 781, 146, 1893, 814);
INSERT INTO public.recieve VALUES (583, '1962-05-11', 502, 957, 656, 781, 304, 1642, 353);
INSERT INTO public.recieve VALUES (584, '1954-04-29', 674, 226, 562, 172, 861, 352, 431);
INSERT INTO public.recieve VALUES (585, '1960-10-07', 165, 849, 173, 518, 701, 662, 624);
INSERT INTO public.recieve VALUES (586, '1999-04-29', 952, 323, 933, 80, 544, 116, 379);
INSERT INTO public.recieve VALUES (587, '1996-03-15', 116, 111, 27, 268, 831, 1474, 394);
INSERT INTO public.recieve VALUES (588, '1974-06-14', 914, 921, 834, 457, 392, 833, 188);
INSERT INTO public.recieve VALUES (589, '1962-08-06', 516, 291, 785, 377, 351, 247, 546);
INSERT INTO public.recieve VALUES (590, '1986-08-13', 77, 296, 687, 27, 915, 1830, 203);
INSERT INTO public.recieve VALUES (591, '1980-05-26', 80, 927, 211, 502, 428, 728, 251);
INSERT INTO public.recieve VALUES (592, '1970-10-21', 655, 365, 386, 499, 78, 92, 328);
INSERT INTO public.recieve VALUES (593, '1995-04-20', 629, 946, 819, 108, 716, 1919, 40);
INSERT INTO public.recieve VALUES (594, '1954-01-15', 283, 246, 392, 621, 318, 1100, 4);
INSERT INTO public.recieve VALUES (595, '1987-06-10', 735, 231, 998, 163, 14, 151, 643);
INSERT INTO public.recieve VALUES (596, '1990-09-26', 398, 577, 664, 899, 535, 1585, 730);
INSERT INTO public.recieve VALUES (597, '1993-03-29', 870, 83, 682, 163, 709, 780, 155);
INSERT INTO public.recieve VALUES (598, '1956-06-10', 870, 499, 458, 696, 850, 146, 300);
INSERT INTO public.recieve VALUES (599, '1983-05-28', 236, 511, 787, 295, 904, 1447, 696);
INSERT INTO public.recieve VALUES (600, '1986-06-25', 854, 798, 316, 341, 587, 1492, 842);
INSERT INTO public.recieve VALUES (601, '1996-02-01', 739, 390, 316, 607, 899, 307, 198);
INSERT INTO public.recieve VALUES (602, '1961-04-09', 331, 853, 247, 919, 545, 1552, 740);
INSERT INTO public.recieve VALUES (603, '1968-03-16', 145, 23, 508, 133, 763, 1025, 838);
INSERT INTO public.recieve VALUES (604, '1996-03-06', 235, 565, 80, 542, 843, 512, 175);
INSERT INTO public.recieve VALUES (605, '1977-08-22', 707, 195, 749, 368, 410, 1542, 611);
INSERT INTO public.recieve VALUES (606, '1968-05-10', 964, 301, 774, 889, 478, 172, 490);
INSERT INTO public.recieve VALUES (607, '1971-07-18', 914, 114, 786, 14, 862, 1297, 556);
INSERT INTO public.recieve VALUES (608, '1972-02-16', 220, 668, 897, 893, 174, 247, 864);
INSERT INTO public.recieve VALUES (609, '1954-08-25', 903, 745, 657, 689, 316, 1835, 967);
INSERT INTO public.recieve VALUES (610, '1967-08-06', 5, 816, 403, 581, 995, 1925, 616);
INSERT INTO public.recieve VALUES (611, '1977-10-24', 448, 851, 407, 728, 696, 732, 254);
INSERT INTO public.recieve VALUES (612, '1997-07-24', 975, 208, 143, 434, 635, 1635, 533);
INSERT INTO public.recieve VALUES (613, '1992-11-16', 411, 968, 206, 886, 868, 443, 83);
INSERT INTO public.recieve VALUES (614, '1993-08-24', 322, 335, 827, 944, 465, 495, 368);
INSERT INTO public.recieve VALUES (615, '2000-03-24', 33, 926, 387, 19, 266, 881, 609);
INSERT INTO public.recieve VALUES (616, '1976-06-09', 289, 734, 977, 197, 580, 1963, 938);
INSERT INTO public.recieve VALUES (617, '1975-05-11', 499, 769, 673, 537, 308, 751, 186);
INSERT INTO public.recieve VALUES (618, '1975-07-07', 31, 205, 306, 261, 862, 1203, 915);
INSERT INTO public.recieve VALUES (619, '1995-07-26', 282, 82, 266, 285, 585, 1791, 443);
INSERT INTO public.recieve VALUES (620, '1977-01-17', 312, 277, 491, 967, 659, 1322, 640);
INSERT INTO public.recieve VALUES (621, '1963-06-29', 643, 244, 784, 702, 437, 1623, 483);
INSERT INTO public.recieve VALUES (622, '1977-08-16', 124, 115, 821, 732, 499, 473, 179);
INSERT INTO public.recieve VALUES (623, '1970-09-26', 681, 188, 934, 706, 956, 199, 328);
INSERT INTO public.recieve VALUES (624, '1965-07-26', 502, 731, 581, 353, 652, 102, 4);
INSERT INTO public.recieve VALUES (625, '1999-01-01', 239, 786, 813, 789, 421, 1453, 386);
INSERT INTO public.recieve VALUES (626, '1991-11-28', 374, 43, 442, 740, 278, 892, 205);
INSERT INTO public.recieve VALUES (627, '1989-11-03', 261, 767, 436, 153, 897, 1863, 718);
INSERT INTO public.recieve VALUES (628, '1981-07-05', 538, 551, 67, 359, 78, 1089, 925);
INSERT INTO public.recieve VALUES (629, '1984-04-10', 712, 819, 334, 896, 377, 1744, 156);
INSERT INTO public.recieve VALUES (630, '1988-02-29', 267, 192, 711, 614, 213, 956, 637);
INSERT INTO public.recieve VALUES (631, '1957-04-13', 277, 383, 171, 362, 815, 1396, 427);
INSERT INTO public.recieve VALUES (632, '1994-04-14', 960, 426, 782, 698, 458, 1368, 758);
INSERT INTO public.recieve VALUES (633, '1958-07-13', 597, 924, 694, 355, 957, 895, 147);
INSERT INTO public.recieve VALUES (634, '1998-04-06', 747, 922, 131, 465, 413, 664, 350);
INSERT INTO public.recieve VALUES (635, '1954-04-01', 202, 853, 320, 549, 776, 422, 442);
INSERT INTO public.recieve VALUES (636, '1971-10-28', 257, 540, 598, 799, 87, 523, 866);
INSERT INTO public.recieve VALUES (637, '1975-02-22', 372, 933, 805, 552, 591, 331, 387);
INSERT INTO public.recieve VALUES (638, '1995-05-11', 99, 507, 118, 424, 937, 330, 910);
INSERT INTO public.recieve VALUES (639, '1972-02-02', 179, 309, 235, 635, 374, 235, 827);
INSERT INTO public.recieve VALUES (640, '1961-05-16', 857, 173, 700, 641, 150, 366, 982);
INSERT INTO public.recieve VALUES (641, '1961-03-14', 568, 232, 720, 70, 650, 521, 586);
INSERT INTO public.recieve VALUES (642, '1987-06-22', 411, 311, 556, 60, 240, 393, 530);
INSERT INTO public.recieve VALUES (643, '1959-03-11', 538, 626, 509, 626, 169, 1803, 818);
INSERT INTO public.recieve VALUES (644, '1977-08-14', 347, 329, 610, 487, 915, 1851, 3);
INSERT INTO public.recieve VALUES (645, '1992-06-01', 722, 957, 588, 430, 261, 1204, 618);
INSERT INTO public.recieve VALUES (646, '1973-07-14', 575, 89, 735, 912, 416, 108, 598);
INSERT INTO public.recieve VALUES (647, '1987-11-09', 825, 473, 13, 668, 797, 1326, 370);
INSERT INTO public.recieve VALUES (648, '1990-03-05', 619, 973, 988, 717, 148, 1839, 811);
INSERT INTO public.recieve VALUES (649, '1976-06-11', 831, 5, 466, 327, 449, 1089, 702);
INSERT INTO public.recieve VALUES (650, '1995-07-06', 688, 380, 279, 182, 952, 1824, 751);
INSERT INTO public.recieve VALUES (651, '1991-01-28', 58, 270, 264, 829, 197, 1926, 707);
INSERT INTO public.recieve VALUES (652, '1979-10-22', 728, 98, 364, 77, 876, 316, 223);
INSERT INTO public.recieve VALUES (653, '1980-05-06', 4, 59, 10, 449, 390, 1396, 321);
INSERT INTO public.recieve VALUES (654, '1999-06-29', 558, 182, 576, 155, 454, 409, 759);
INSERT INTO public.recieve VALUES (655, '1991-05-08', 956, 750, 849, 374, 189, 1658, 712);
INSERT INTO public.recieve VALUES (656, '1960-03-24', 113, 904, 161, 480, 3, 850, 888);
INSERT INTO public.recieve VALUES (657, '1988-09-09', 77, 7, 38, 357, 813, 561, 89);
INSERT INTO public.recieve VALUES (658, '1977-01-20', 511, 222, 884, 839, 833, 276, 803);
INSERT INTO public.recieve VALUES (659, '1995-11-18', 711, 190, 785, 687, 931, 1923, 887);
INSERT INTO public.recieve VALUES (660, '1968-10-12', 356, 659, 751, 170, 112, 343, 455);
INSERT INTO public.recieve VALUES (661, '1985-10-03', 205, 421, 489, 126, 661, 1125, 163);
INSERT INTO public.recieve VALUES (662, '1982-11-17', 173, 711, 867, 901, 147, 1557, 350);
INSERT INTO public.recieve VALUES (663, '1970-10-17', 973, 125, 910, 595, 94, 141, 157);
INSERT INTO public.recieve VALUES (664, '1993-09-26', 529, 538, 482, 980, 893, 456, 616);
INSERT INTO public.recieve VALUES (665, '1984-11-07', 322, 384, 164, 31, 415, 439, 867);
INSERT INTO public.recieve VALUES (666, '1998-03-26', 566, 51, 595, 606, 451, 20, 328);
INSERT INTO public.recieve VALUES (667, '1987-04-05', 283, 954, 196, 601, 596, 180, 589);
INSERT INTO public.recieve VALUES (668, '1972-09-20', 884, 328, 983, 629, 709, 736, 2);
INSERT INTO public.recieve VALUES (669, '1981-03-14', 669, 740, 23, 423, 4, 843, 742);
INSERT INTO public.recieve VALUES (670, '1976-11-08', 444, 619, 755, 756, 634, 1676, 88);
INSERT INTO public.recieve VALUES (671, '1978-11-11', 809, 522, 159, 7, 827, 496, 112);
INSERT INTO public.recieve VALUES (672, '1969-08-16', 338, 545, 385, 230, 958, 356, 210);
INSERT INTO public.recieve VALUES (673, '1961-09-23', 666, 909, 265, 183, 536, 685, 114);
INSERT INTO public.recieve VALUES (674, '1971-11-17', 970, 394, 59, 91, 634, 1910, 499);
INSERT INTO public.recieve VALUES (675, '1981-10-19', 275, 375, 452, 917, 460, 79, 603);
INSERT INTO public.recieve VALUES (676, '1962-01-01', 394, 34, 93, 513, 397, 1158, 106);
INSERT INTO public.recieve VALUES (677, '1966-10-19', 200, 431, 290, 163, 571, 1040, 649);
INSERT INTO public.recieve VALUES (678, '1994-03-05', 986, 34, 29, 59, 939, 273, 924);
INSERT INTO public.recieve VALUES (679, '1965-07-14', 64, 286, 731, 510, 423, 1017, 53);
INSERT INTO public.recieve VALUES (680, '1982-10-11', 816, 446, 913, 472, 672, 1817, 364);
INSERT INTO public.recieve VALUES (681, '1966-07-22', 119, 429, 835, 704, 716, 481, 402);
INSERT INTO public.recieve VALUES (682, '1991-02-12', 818, 585, 840, 231, 483, 829, 516);
INSERT INTO public.recieve VALUES (683, '1956-11-04', 215, 571, 616, 268, 795, 388, 1);
INSERT INTO public.recieve VALUES (684, '1999-07-05', 315, 156, 225, 52, 587, 368, 583);
INSERT INTO public.recieve VALUES (685, '2000-10-02', 881, 179, 321, 647, 406, 665, 513);
INSERT INTO public.recieve VALUES (686, '1978-07-20', 903, 516, 137, 628, 243, 1588, 185);
INSERT INTO public.recieve VALUES (687, '1999-08-29', 840, 690, 896, 631, 626, 529, 942);
INSERT INTO public.recieve VALUES (688, '1993-11-16', 3, 115, 46, 993, 409, 984, 471);
INSERT INTO public.recieve VALUES (689, '1972-08-16', 706, 104, 608, 485, 506, 1483, 918);
INSERT INTO public.recieve VALUES (690, '1984-08-17', 226, 360, 539, 196, 477, 1931, 588);
INSERT INTO public.recieve VALUES (691, '2000-06-07', 594, 268, 776, 802, 581, 1799, 495);
INSERT INTO public.recieve VALUES (692, '1972-11-05', 130, 678, 966, 823, 610, 794, 54);
INSERT INTO public.recieve VALUES (693, '1969-01-28', 65, 908, 752, 385, 334, 692, 297);
INSERT INTO public.recieve VALUES (694, '1972-01-13', 864, 848, 906, 821, 565, 1237, 286);
INSERT INTO public.recieve VALUES (695, '1984-10-04', 580, 436, 835, 513, 116, 1456, 736);
INSERT INTO public.recieve VALUES (696, '2000-01-18', 885, 681, 428, 36, 127, 1170, 157);
INSERT INTO public.recieve VALUES (697, '1963-03-28', 275, 20, 922, 472, 565, 655, 171);
INSERT INTO public.recieve VALUES (698, '1986-08-20', 569, 601, 104, 306, 843, 1691, 703);
INSERT INTO public.recieve VALUES (700, '1981-06-12', 441, 686, 528, 121, 350, 1056, 989);
INSERT INTO public.recieve VALUES (701, '1975-08-20', 754, 736, 726, 952, 504, 1298, 316);
INSERT INTO public.recieve VALUES (702, '1961-09-25', 698, 699, 718, 108, 330, 315, 194);
INSERT INTO public.recieve VALUES (703, '1966-06-05', 781, 818, 396, 475, 357, 1470, 566);
INSERT INTO public.recieve VALUES (704, '1968-05-01', 802, 480, 700, 86, 526, 877, 582);
INSERT INTO public.recieve VALUES (705, '1988-07-19', 293, 121, 338, 371, 546, 309, 84);
INSERT INTO public.recieve VALUES (706, '1962-10-21', 501, 542, 112, 575, 787, 281, 526);
INSERT INTO public.recieve VALUES (707, '1969-08-21', 587, 389, 812, 322, 645, 1010, 347);
INSERT INTO public.recieve VALUES (708, '1974-04-25', 243, 867, 683, 709, 841, 1024, 996);
INSERT INTO public.recieve VALUES (709, '1969-05-28', 769, 997, 179, 653, 468, 690, 427);
INSERT INTO public.recieve VALUES (710, '1979-05-01', 681, 823, 279, 85, 987, 470, 389);
INSERT INTO public.recieve VALUES (711, '1967-11-18', 287, 211, 717, 786, 333, 1959, 771);
INSERT INTO public.recieve VALUES (712, '1967-01-12', 192, 173, 119, 164, 253, 1353, 579);
INSERT INTO public.recieve VALUES (713, '1999-07-06', 906, 157, 454, 761, 936, 1632, 451);
INSERT INTO public.recieve VALUES (714, '1954-07-20', 601, 523, 786, 353, 343, 516, 350);
INSERT INTO public.recieve VALUES (715, '1963-03-11', 326, 399, 938, 67, 359, 39, 860);
INSERT INTO public.recieve VALUES (716, '1978-06-15', 230, 282, 34, 816, 553, 1851, 790);
INSERT INTO public.recieve VALUES (717, '2000-01-13', 592, 189, 577, 998, 260, 512, 497);
INSERT INTO public.recieve VALUES (718, '2000-07-11', 549, 850, 666, 230, 804, 250, 902);
INSERT INTO public.recieve VALUES (719, '1968-11-01', 293, 824, 973, 193, 711, 1442, 796);
INSERT INTO public.recieve VALUES (720, '1969-09-21', 901, 442, 11, 423, 691, 1099, 815);
INSERT INTO public.recieve VALUES (721, '1978-10-07', 592, 55, 194, 19, 836, 227, 98);
INSERT INTO public.recieve VALUES (722, '1964-10-12', 75, 124, 703, 335, 781, 248, 236);
INSERT INTO public.recieve VALUES (723, '1954-02-10', 99, 225, 496, 652, 854, 788, 18);
INSERT INTO public.recieve VALUES (724, '1970-04-26', 41, 812, 764, 47, 595, 1679, 614);
INSERT INTO public.recieve VALUES (725, '1968-11-25', 479, 575, 670, 713, 443, 1964, 778);
INSERT INTO public.recieve VALUES (726, '1986-08-19', 141, 962, 23, 566, 620, 473, 432);
INSERT INTO public.recieve VALUES (727, '1998-08-06', 842, 640, 858, 841, 308, 1320, 849);
INSERT INTO public.recieve VALUES (728, '1979-07-14', 569, 57, 447, 31, 878, 1347, 157);
INSERT INTO public.recieve VALUES (729, '1968-11-15', 458, 389, 697, 475, 510, 871, 125);
INSERT INTO public.recieve VALUES (730, '1998-04-09', 900, 172, 798, 982, 971, 1273, 447);
INSERT INTO public.recieve VALUES (731, '1999-11-17', 283, 261, 686, 652, 709, 35, 242);
INSERT INTO public.recieve VALUES (732, '1993-06-09', 37, 23, 411, 740, 559, 1836, 79);
INSERT INTO public.recieve VALUES (733, '1966-06-27', 253, 717, 802, 508, 679, 452, 674);
INSERT INTO public.recieve VALUES (734, '1962-04-11', 908, 565, 828, 789, 598, 153, 905);
INSERT INTO public.recieve VALUES (735, '1967-06-25', 40, 865, 51, 916, 776, 1400, 595);
INSERT INTO public.recieve VALUES (736, '1968-07-07', 869, 403, 93, 153, 946, 117, 148);
INSERT INTO public.recieve VALUES (737, '1972-11-04', 61, 885, 926, 541, 469, 1879, 193);
INSERT INTO public.recieve VALUES (738, '1987-11-17', 298, 828, 536, 217, 156, 327, 194);
INSERT INTO public.recieve VALUES (739, '1998-01-23', 811, 450, 431, 110, 738, 927, 189);
INSERT INTO public.recieve VALUES (740, '1972-02-27', 736, 912, 430, 211, 470, 1772, 988);
INSERT INTO public.recieve VALUES (741, '1998-10-09', 444, 862, 730, 605, 113, 1300, 903);
INSERT INTO public.recieve VALUES (742, '1974-11-24', 382, 996, 827, 822, 379, 420, 887);
INSERT INTO public.recieve VALUES (743, '1960-01-09', 932, 183, 614, 432, 66, 1038, 515);
INSERT INTO public.recieve VALUES (744, '1955-10-21', 774, 18, 234, 933, 660, 1154, 71);
INSERT INTO public.recieve VALUES (745, '2000-01-03', 634, 806, 268, 821, 808, 1873, 442);
INSERT INTO public.recieve VALUES (746, '1961-05-26', 29, 546, 824, 532, 664, 1832, 134);
INSERT INTO public.recieve VALUES (747, '1999-10-01', 2, 653, 176, 227, 503, 1227, 47);
INSERT INTO public.recieve VALUES (748, '1998-04-22', 862, 447, 363, 700, 577, 1594, 733);
INSERT INTO public.recieve VALUES (749, '1983-04-22', 922, 25, 259, 949, 625, 1925, 639);
INSERT INTO public.recieve VALUES (750, '1978-04-14', 915, 848, 994, 149, 687, 1759, 681);
INSERT INTO public.recieve VALUES (751, '1961-10-01', 939, 137, 351, 875, 545, 1614, 593);
INSERT INTO public.recieve VALUES (752, '1983-02-20', 538, 857, 377, 976, 639, 554, 553);
INSERT INTO public.recieve VALUES (753, '1994-01-05', 810, 208, 771, 334, 897, 1094, 69);
INSERT INTO public.recieve VALUES (754, '1972-11-22', 403, 677, 599, 366, 116, 1140, 254);
INSERT INTO public.recieve VALUES (755, '1964-10-19', 919, 858, 935, 986, 425, 1890, 971);
INSERT INTO public.recieve VALUES (756, '1997-07-16', 875, 273, 591, 435, 208, 636, 682);
INSERT INTO public.recieve VALUES (757, '1982-05-01', 378, 665, 238, 159, 544, 851, 886);
INSERT INTO public.recieve VALUES (758, '1965-04-14', 755, 214, 559, 108, 670, 370, 75);
INSERT INTO public.recieve VALUES (759, '1982-09-18', 933, 168, 11, 940, 34, 1469, 853);
INSERT INTO public.recieve VALUES (760, '1979-07-09', 58, 198, 615, 863, 92, 1069, 281);
INSERT INTO public.recieve VALUES (761, '1969-02-20', 226, 584, 570, 825, 790, 1179, 45);
INSERT INTO public.recieve VALUES (762, '1987-06-07', 348, 450, 632, 784, 510, 1605, 342);
INSERT INTO public.recieve VALUES (764, '1961-08-22', 546, 972, 286, 222, 956, 1361, 370);
INSERT INTO public.recieve VALUES (765, '1975-08-25', 296, 659, 894, 189, 21, 197, 278);
INSERT INTO public.recieve VALUES (766, '1954-08-22', 191, 821, 868, 962, 412, 1086, 815);
INSERT INTO public.recieve VALUES (767, '1958-11-09', 584, 789, 374, 468, 423, 1311, 874);
INSERT INTO public.recieve VALUES (768, '1982-09-23', 654, 993, 745, 844, 624, 1590, 265);
INSERT INTO public.recieve VALUES (769, '1996-05-21', 233, 564, 564, 875, 395, 565, 46);
INSERT INTO public.recieve VALUES (770, '1996-08-12', 222, 761, 283, 746, 252, 1001, 995);
INSERT INTO public.recieve VALUES (771, '1974-04-14', 932, 883, 375, 671, 979, 1475, 689);
INSERT INTO public.recieve VALUES (772, '1958-03-25', 122, 200, 446, 952, 687, 1743, 478);
INSERT INTO public.recieve VALUES (773, '1974-03-13', 302, 313, 588, 469, 809, 1923, 880);
INSERT INTO public.recieve VALUES (774, '1976-08-10', 302, 247, 926, 709, 712, 682, 651);
INSERT INTO public.recieve VALUES (775, '1985-05-13', 381, 466, 706, 692, 399, 456, 445);
INSERT INTO public.recieve VALUES (776, '1971-11-07', 775, 668, 370, 329, 750, 220, 386);
INSERT INTO public.recieve VALUES (777, '1966-03-28', 533, 381, 19, 82, 31, 1692, 434);
INSERT INTO public.recieve VALUES (778, '1974-02-02', 698, 202, 599, 424, 703, 1165, 528);
INSERT INTO public.recieve VALUES (779, '1977-08-06', 832, 47, 815, 824, 693, 874, 46);
INSERT INTO public.recieve VALUES (780, '1964-04-09', 962, 692, 733, 346, 507, 1485, 278);
INSERT INTO public.recieve VALUES (781, '1957-11-22', 702, 206, 783, 966, 767, 516, 868);
INSERT INTO public.recieve VALUES (782, '1989-02-05', 564, 536, 316, 289, 129, 1717, 240);
INSERT INTO public.recieve VALUES (783, '1977-04-27', 254, 938, 981, 378, 937, 1158, 29);
INSERT INTO public.recieve VALUES (784, '1999-03-20', 553, 827, 722, 186, 713, 615, 903);
INSERT INTO public.recieve VALUES (785, '1985-03-05', 208, 57, 81, 294, 610, 315, 957);
INSERT INTO public.recieve VALUES (786, '1960-03-12', 224, 231, 534, 21, 363, 994, 527);
INSERT INTO public.recieve VALUES (787, '1957-02-06', 3, 617, 664, 165, 159, 1958, 682);
INSERT INTO public.recieve VALUES (788, '1975-09-25', 564, 83, 23, 25, 752, 14, 943);
INSERT INTO public.recieve VALUES (789, '1960-05-20', 673, 315, 502, 967, 920, 1759, 356);
INSERT INTO public.recieve VALUES (790, '1976-06-10', 275, 485, 91, 203, 281, 1480, 860);
INSERT INTO public.recieve VALUES (791, '1997-02-15', 509, 817, 889, 829, 651, 1196, 15);
INSERT INTO public.recieve VALUES (792, '1995-07-23', 939, 531, 423, 831, 826, 920, 906);
INSERT INTO public.recieve VALUES (793, '1981-03-16', 659, 695, 431, 23, 665, 1749, 339);
INSERT INTO public.recieve VALUES (794, '1977-07-17', 157, 544, 547, 853, 856, 385, 497);
INSERT INTO public.recieve VALUES (795, '1962-03-09', 65, 250, 43, 675, 62, 1251, 573);
INSERT INTO public.recieve VALUES (796, '1968-10-07', 376, 292, 253, 564, 267, 272, 949);
INSERT INTO public.recieve VALUES (797, '1967-06-29', 19, 417, 169, 728, 91, 1057, 154);
INSERT INTO public.recieve VALUES (798, '1955-10-23', 174, 571, 140, 206, 806, 817, 317);
INSERT INTO public.recieve VALUES (799, '1955-01-18', 333, 286, 197, 244, 757, 274, 414);
INSERT INTO public.recieve VALUES (800, '1981-04-29', 111, 404, 420, 882, 548, 1211, 170);
INSERT INTO public.recieve VALUES (801, '1976-11-01', 278, 931, 541, 918, 739, 1832, 462);
INSERT INTO public.recieve VALUES (802, '1958-09-16', 885, 207, 342, 264, 690, 1170, 532);
INSERT INTO public.recieve VALUES (803, '1987-03-17', 656, 558, 399, 468, 827, 461, 653);
INSERT INTO public.recieve VALUES (804, '1956-05-09', 840, 223, 174, 157, 330, 469, 963);
INSERT INTO public.recieve VALUES (805, '1962-04-28', 399, 593, 353, 963, 424, 730, 243);
INSERT INTO public.recieve VALUES (806, '1959-09-06', 910, 852, 193, 787, 916, 888, 415);
INSERT INTO public.recieve VALUES (807, '1983-10-10', 265, 617, 283, 941, 413, 1841, 16);
INSERT INTO public.recieve VALUES (808, '1985-04-06', 81, 913, 751, 532, 870, 1544, 214);
INSERT INTO public.recieve VALUES (809, '1998-02-28', 262, 556, 352, 894, 265, 618, 636);
INSERT INTO public.recieve VALUES (810, '1985-03-01', 879, 798, 113, 151, 124, 1802, 836);
INSERT INTO public.recieve VALUES (811, '2000-06-21', 198, 468, 440, 603, 87, 294, 104);
INSERT INTO public.recieve VALUES (812, '1957-06-06', 472, 553, 361, 853, 357, 375, 268);
INSERT INTO public.recieve VALUES (813, '1963-01-06', 64, 854, 327, 385, 3, 1687, 114);
INSERT INTO public.recieve VALUES (814, '1964-06-03', 879, 895, 100, 801, 441, 1238, 564);
INSERT INTO public.recieve VALUES (815, '1982-04-24', 184, 676, 941, 80, 335, 592, 824);
INSERT INTO public.recieve VALUES (816, '1972-10-15', 752, 930, 877, 115, 732, 614, 412);
INSERT INTO public.recieve VALUES (817, '1956-03-07', 549, 749, 882, 918, 149, 1612, 260);
INSERT INTO public.recieve VALUES (818, '1984-06-24', 468, 5, 154, 708, 65, 256, 573);
INSERT INTO public.recieve VALUES (819, '1980-05-07', 899, 969, 423, 313, 805, 868, 855);
INSERT INTO public.recieve VALUES (820, '1967-01-17', 33, 975, 569, 850, 289, 1749, 547);
INSERT INTO public.recieve VALUES (821, '1971-10-10', 123, 739, 381, 68, 776, 994, 228);
INSERT INTO public.recieve VALUES (822, '1981-02-03', 564, 768, 312, 78, 757, 1870, 929);
INSERT INTO public.recieve VALUES (823, '1958-10-11', 24, 523, 86, 995, 948, 145, 407);
INSERT INTO public.recieve VALUES (824, '1984-11-04', 420, 541, 790, 172, 56, 1448, 875);
INSERT INTO public.recieve VALUES (825, '1967-01-16', 4, 719, 527, 278, 980, 931, 668);
INSERT INTO public.recieve VALUES (826, '1989-04-07', 809, 361, 469, 538, 89, 772, 315);
INSERT INTO public.recieve VALUES (827, '1986-05-09', 714, 650, 255, 397, 832, 1391, 200);
INSERT INTO public.recieve VALUES (828, '1975-10-12', 148, 617, 91, 755, 5, 1260, 344);
INSERT INTO public.recieve VALUES (829, '1968-03-13', 138, 844, 527, 200, 54, 1706, 662);
INSERT INTO public.recieve VALUES (830, '1976-09-23', 845, 776, 524, 679, 382, 39, 816);
INSERT INTO public.recieve VALUES (831, '1982-11-18', 707, 366, 908, 868, 874, 547, 509);
INSERT INTO public.recieve VALUES (832, '1958-10-03', 557, 864, 54, 928, 580, 1113, 833);
INSERT INTO public.recieve VALUES (833, '1968-10-10', 357, 967, 529, 465, 123, 593, 510);
INSERT INTO public.recieve VALUES (834, '1969-03-21', 609, 161, 140, 773, 954, 164, 284);
INSERT INTO public.recieve VALUES (835, '1974-04-04', 782, 292, 424, 729, 798, 306, 986);
INSERT INTO public.recieve VALUES (836, '1977-10-28', 717, 239, 612, 871, 194, 763, 666);
INSERT INTO public.recieve VALUES (837, '1972-05-22', 971, 402, 218, 41, 555, 1159, 249);
INSERT INTO public.recieve VALUES (838, '1993-03-21', 33, 594, 829, 121, 533, 703, 148);
INSERT INTO public.recieve VALUES (839, '1998-10-14', 627, 799, 489, 513, 899, 597, 311);
INSERT INTO public.recieve VALUES (840, '1965-06-25', 58, 365, 213, 267, 400, 137, 708);
INSERT INTO public.recieve VALUES (841, '1967-03-26', 640, 181, 885, 449, 885, 298, 364);
INSERT INTO public.recieve VALUES (842, '1972-11-19', 515, 412, 124, 470, 959, 1600, 116);
INSERT INTO public.recieve VALUES (843, '1962-04-11', 670, 59, 415, 909, 10, 916, 373);
INSERT INTO public.recieve VALUES (844, '1982-10-23', 286, 163, 823, 514, 363, 560, 605);
INSERT INTO public.recieve VALUES (845, '1985-10-11', 22, 568, 378, 597, 56, 1632, 5);
INSERT INTO public.recieve VALUES (846, '1998-02-25', 181, 335, 747, 473, 299, 1430, 319);
INSERT INTO public.recieve VALUES (847, '1977-11-23', 862, 671, 96, 728, 918, 1699, 808);
INSERT INTO public.recieve VALUES (848, '1970-07-25', 993, 268, 307, 125, 442, 444, 39);
INSERT INTO public.recieve VALUES (849, '1994-06-01', 164, 156, 247, 572, 8, 84, 102);
INSERT INTO public.recieve VALUES (850, '1972-02-26', 919, 172, 728, 651, 698, 919, 353);
INSERT INTO public.recieve VALUES (851, '1981-08-01', 205, 390, 901, 412, 948, 1865, 208);
INSERT INTO public.recieve VALUES (852, '1954-04-04', 79, 717, 702, 302, 664, 1188, 920);
INSERT INTO public.recieve VALUES (853, '1970-04-14', 772, 104, 399, 446, 972, 1744, 167);
INSERT INTO public.recieve VALUES (854, '1979-06-17', 959, 170, 277, 286, 984, 756, 903);
INSERT INTO public.recieve VALUES (855, '1990-09-14', 913, 776, 288, 569, 302, 523, 63);
INSERT INTO public.recieve VALUES (856, '1955-09-17', 498, 288, 183, 17, 106, 640, 212);
INSERT INTO public.recieve VALUES (857, '1981-04-21', 743, 279, 85, 256, 883, 414, 310);
INSERT INTO public.recieve VALUES (858, '1965-09-25', 385, 156, 89, 153, 426, 1723, 340);
INSERT INTO public.recieve VALUES (859, '1958-01-08', 670, 24, 869, 67, 142, 1749, 958);
INSERT INTO public.recieve VALUES (860, '1961-10-05', 88, 940, 242, 584, 186, 1556, 857);
INSERT INTO public.recieve VALUES (861, '1956-05-29', 689, 7, 44, 839, 555, 1117, 966);
INSERT INTO public.recieve VALUES (862, '1977-06-15', 517, 189, 610, 871, 535, 836, 142);
INSERT INTO public.recieve VALUES (863, '1966-06-05', 629, 414, 805, 252, 115, 1296, 190);
INSERT INTO public.recieve VALUES (864, '1988-11-21', 571, 700, 59, 14, 471, 407, 498);
INSERT INTO public.recieve VALUES (865, '1958-01-07', 568, 317, 319, 440, 991, 940, 179);
INSERT INTO public.recieve VALUES (866, '1971-07-21', 449, 256, 999, 904, 589, 1814, 335);
INSERT INTO public.recieve VALUES (867, '1966-11-17', 99, 574, 409, 511, 418, 948, 873);
INSERT INTO public.recieve VALUES (868, '1982-10-18', 865, 688, 454, 227, 45, 1758, 709);
INSERT INTO public.recieve VALUES (869, '1977-09-10', 925, 590, 288, 904, 260, 1608, 643);
INSERT INTO public.recieve VALUES (870, '1957-11-24', 137, 187, 133, 206, 428, 1928, 378);
INSERT INTO public.recieve VALUES (871, '1994-02-25', 740, 285, 835, 2, 849, 607, 829);
INSERT INTO public.recieve VALUES (872, '1967-10-10', 463, 279, 873, 468, 752, 1403, 768);
INSERT INTO public.recieve VALUES (873, '1974-02-28', 836, 203, 66, 702, 283, 1182, 542);
INSERT INTO public.recieve VALUES (874, '1983-10-05', 881, 610, 542, 303, 815, 986, 290);
INSERT INTO public.recieve VALUES (875, '1973-11-11', 794, 801, 339, 243, 365, 486, 261);
INSERT INTO public.recieve VALUES (876, '1955-02-03', 655, 724, 638, 245, 649, 984, 418);
INSERT INTO public.recieve VALUES (877, '1984-08-23', 938, 466, 993, 296, 944, 1342, 268);
INSERT INTO public.recieve VALUES (878, '1955-09-27', 23, 446, 659, 193, 879, 1285, 768);
INSERT INTO public.recieve VALUES (879, '1957-03-14', 894, 250, 813, 771, 829, 1467, 495);
INSERT INTO public.recieve VALUES (880, '1955-04-21', 857, 612, 637, 565, 607, 1667, 778);
INSERT INTO public.recieve VALUES (881, '1961-03-15', 430, 849, 785, 5, 456, 264, 350);
INSERT INTO public.recieve VALUES (882, '1969-05-02', 668, 701, 464, 65, 588, 1778, 133);
INSERT INTO public.recieve VALUES (883, '1979-01-10', 730, 544, 831, 213, 236, 772, 475);
INSERT INTO public.recieve VALUES (884, '1963-09-27', 562, 528, 765, 971, 241, 1070, 598);
INSERT INTO public.recieve VALUES (885, '1980-03-03', 11, 671, 611, 789, 82, 1357, 143);
INSERT INTO public.recieve VALUES (886, '1984-11-09', 207, 405, 604, 359, 879, 1602, 431);
INSERT INTO public.recieve VALUES (887, '1996-09-22', 310, 525, 539, 248, 81, 83, 2);
INSERT INTO public.recieve VALUES (888, '1954-06-10', 796, 695, 79, 430, 12, 828, 592);
INSERT INTO public.recieve VALUES (889, '1965-05-21', 209, 729, 907, 14, 659, 1951, 767);
INSERT INTO public.recieve VALUES (890, '1963-10-03', 566, 239, 256, 642, 918, 1336, 292);
INSERT INTO public.recieve VALUES (891, '1989-05-15', 138, 123, 999, 7, 135, 1952, 340);
INSERT INTO public.recieve VALUES (892, '1967-02-18', 153, 65, 27, 230, 928, 144, 388);
INSERT INTO public.recieve VALUES (893, '1957-02-15', 877, 793, 651, 553, 336, 1352, 984);
INSERT INTO public.recieve VALUES (894, '1956-05-20', 356, 696, 422, 466, 889, 69, 897);
INSERT INTO public.recieve VALUES (895, '1974-01-15', 628, 460, 76, 836, 738, 1349, 245);
INSERT INTO public.recieve VALUES (896, '1970-10-04', 904, 357, 311, 708, 241, 491, 54);
INSERT INTO public.recieve VALUES (897, '1999-01-22', 913, 373, 667, 95, 288, 595, 907);
INSERT INTO public.recieve VALUES (898, '1995-02-03', 514, 537, 454, 250, 800, 259, 305);
INSERT INTO public.recieve VALUES (899, '1994-11-09', 544, 628, 776, 422, 710, 1009, 28);
INSERT INTO public.recieve VALUES (900, '1960-08-17', 757, 148, 658, 52, 793, 1777, 619);
INSERT INTO public.recieve VALUES (901, '1978-07-27', 666, 444, 990, 854, 20, 293, 504);
INSERT INTO public.recieve VALUES (902, '1984-02-01', 386, 642, 663, 523, 753, 1899, 50);
INSERT INTO public.recieve VALUES (903, '1960-07-17', 549, 303, 591, 385, 787, 542, 182);
INSERT INTO public.recieve VALUES (904, '1957-09-23', 185, 977, 357, 923, 204, 1200, 601);
INSERT INTO public.recieve VALUES (905, '1959-08-12', 872, 359, 342, 690, 172, 1042, 22);
INSERT INTO public.recieve VALUES (906, '1973-03-21', 711, 899, 978, 680, 83, 1252, 732);
INSERT INTO public.recieve VALUES (907, '1967-04-09', 769, 372, 221, 880, 174, 1779, 458);
INSERT INTO public.recieve VALUES (908, '1985-08-21', 604, 528, 940, 748, 934, 1097, 670);
INSERT INTO public.recieve VALUES (909, '1991-09-12', 858, 799, 765, 52, 767, 653, 401);
INSERT INTO public.recieve VALUES (910, '1982-06-11', 710, 662, 921, 261, 801, 1990, 900);
INSERT INTO public.recieve VALUES (911, '1977-01-20', 496, 228, 331, 487, 553, 1262, 749);
INSERT INTO public.recieve VALUES (912, '1975-08-21', 222, 643, 961, 910, 508, 1813, 865);
INSERT INTO public.recieve VALUES (913, '1976-11-19', 833, 845, 329, 559, 676, 259, 156);
INSERT INTO public.recieve VALUES (914, '1967-07-12', 876, 654, 744, 117, 154, 1877, 44);
INSERT INTO public.recieve VALUES (915, '1979-03-04', 400, 946, 694, 215, 44, 673, 180);
INSERT INTO public.recieve VALUES (916, '1976-09-07', 828, 98, 959, 767, 229, 858, 53);
INSERT INTO public.recieve VALUES (917, '1980-10-08', 272, 806, 866, 928, 357, 1835, 606);
INSERT INTO public.recieve VALUES (918, '1957-06-25', 973, 4, 666, 302, 195, 1720, 78);
INSERT INTO public.recieve VALUES (919, '1984-07-20', 103, 76, 639, 969, 171, 1839, 531);
INSERT INTO public.recieve VALUES (920, '1961-07-29', 194, 466, 64, 491, 378, 936, 235);
INSERT INTO public.recieve VALUES (921, '1970-04-25', 874, 121, 703, 968, 204, 1275, 705);
INSERT INTO public.recieve VALUES (922, '1962-10-23', 788, 26, 560, 226, 632, 1856, 235);
INSERT INTO public.recieve VALUES (923, '1989-03-17', 310, 327, 618, 587, 627, 1151, 295);
INSERT INTO public.recieve VALUES (924, '1954-03-29', 612, 843, 141, 853, 510, 1524, 750);
INSERT INTO public.recieve VALUES (925, '1956-10-06', 825, 373, 409, 386, 649, 428, 989);
INSERT INTO public.recieve VALUES (926, '1958-03-18', 936, 421, 383, 212, 517, 1337, 495);
INSERT INTO public.recieve VALUES (927, '1984-05-12', 414, 502, 33, 255, 213, 1700, 911);
INSERT INTO public.recieve VALUES (928, '1996-02-17', 725, 729, 769, 570, 437, 1732, 45);
INSERT INTO public.recieve VALUES (929, '1966-01-20', 799, 16, 304, 655, 623, 37, 286);
INSERT INTO public.recieve VALUES (930, '1968-04-03', 44, 857, 928, 70, 319, 1066, 587);
INSERT INTO public.recieve VALUES (931, '1972-06-25', 685, 877, 684, 284, 183, 544, 997);
INSERT INTO public.recieve VALUES (932, '1978-11-15', 331, 673, 280, 843, 990, 1211, 476);
INSERT INTO public.recieve VALUES (933, '1991-03-12', 953, 105, 383, 851, 525, 1044, 42);
INSERT INTO public.recieve VALUES (934, '1968-02-10', 112, 688, 428, 415, 332, 114, 716);
INSERT INTO public.recieve VALUES (935, '1977-09-14', 546, 539, 851, 922, 80, 390, 52);
INSERT INTO public.recieve VALUES (936, '1966-01-26', 942, 154, 969, 873, 410, 883, 165);
INSERT INTO public.recieve VALUES (937, '1966-09-04', 940, 562, 804, 538, 534, 1858, 313);
INSERT INTO public.recieve VALUES (938, '1957-08-04', 800, 595, 742, 634, 656, 1337, 158);
INSERT INTO public.recieve VALUES (939, '1987-02-11', 50, 311, 194, 177, 889, 693, 780);
INSERT INTO public.recieve VALUES (940, '1963-02-19', 316, 509, 68, 672, 618, 1548, 648);
INSERT INTO public.recieve VALUES (941, '1969-04-14', 888, 478, 69, 824, 161, 1294, 333);
INSERT INTO public.recieve VALUES (942, '1979-11-15', 942, 783, 458, 49, 855, 172, 520);
INSERT INTO public.recieve VALUES (943, '1979-09-12', 457, 208, 408, 960, 249, 1007, 104);
INSERT INTO public.recieve VALUES (944, '1989-09-12', 31, 714, 464, 616, 835, 233, 139);
INSERT INTO public.recieve VALUES (945, '1967-03-15', 293, 354, 580, 883, 230, 331, 995);
INSERT INTO public.recieve VALUES (946, '1985-05-22', 929, 863, 654, 666, 163, 1691, 184);
INSERT INTO public.recieve VALUES (947, '1981-02-07', 330, 567, 674, 842, 956, 993, 443);
INSERT INTO public.recieve VALUES (948, '1965-08-17', 55, 708, 947, 82, 8, 273, 791);
INSERT INTO public.recieve VALUES (949, '1970-05-16', 861, 15, 389, 441, 933, 232, 159);
INSERT INTO public.recieve VALUES (950, '1966-08-28', 891, 311, 3, 42, 830, 640, 415);
INSERT INTO public.recieve VALUES (951, '1969-11-15', 740, 867, 862, 205, 315, 823, 860);
INSERT INTO public.recieve VALUES (952, '1992-08-11', 397, 841, 412, 69, 928, 243, 271);
INSERT INTO public.recieve VALUES (953, '1987-11-20', 578, 604, 237, 914, 502, 727, 198);
INSERT INTO public.recieve VALUES (954, '1973-05-10', 12, 846, 401, 170, 414, 24, 221);
INSERT INTO public.recieve VALUES (955, '1982-08-04', 461, 346, 103, 178, 133, 62, 462);
INSERT INTO public.recieve VALUES (956, '1995-02-02', 406, 775, 352, 523, 914, 567, 769);
INSERT INTO public.recieve VALUES (957, '1983-04-06', 684, 21, 884, 678, 678, 921, 825);
INSERT INTO public.recieve VALUES (958, '1988-04-28', 973, 230, 971, 986, 893, 1046, 329);
INSERT INTO public.recieve VALUES (959, '1978-03-02', 891, 176, 957, 506, 231, 1818, 980);
INSERT INTO public.recieve VALUES (960, '1985-01-05', 236, 14, 771, 486, 936, 554, 470);
INSERT INTO public.recieve VALUES (961, '1973-11-13', 336, 502, 260, 38, 42, 1159, 461);
INSERT INTO public.recieve VALUES (962, '1964-09-06', 122, 799, 247, 232, 796, 1208, 314);
INSERT INTO public.recieve VALUES (963, '1978-04-01', 66, 50, 7, 320, 417, 29, 894);
INSERT INTO public.recieve VALUES (964, '1969-10-10', 412, 701, 219, 670, 772, 127, 835);
INSERT INTO public.recieve VALUES (965, '1957-02-27', 269, 624, 810, 289, 643, 869, 835);
INSERT INTO public.recieve VALUES (966, '1962-08-03', 236, 64, 206, 330, 746, 671, 719);
INSERT INTO public.recieve VALUES (967, '1974-11-19', 14, 332, 401, 330, 356, 1974, 545);
INSERT INTO public.recieve VALUES (968, '1971-02-13', 773, 898, 356, 773, 601, 1567, 760);
INSERT INTO public.recieve VALUES (969, '1985-08-14', 625, 734, 938, 868, 70, 132, 539);
INSERT INTO public.recieve VALUES (970, '1968-05-10', 481, 493, 368, 20, 395, 278, 491);
INSERT INTO public.recieve VALUES (971, '1977-10-12', 507, 290, 102, 32, 405, 197, 775);
INSERT INTO public.recieve VALUES (972, '1988-01-11', 801, 377, 514, 496, 910, 1999, 49);
INSERT INTO public.recieve VALUES (973, '1996-10-12', 56, 736, 567, 92, 770, 1940, 418);
INSERT INTO public.recieve VALUES (974, '1981-08-15', 399, 722, 948, 878, 397, 538, 957);
INSERT INTO public.recieve VALUES (975, '1995-01-17', 310, 560, 691, 474, 214, 1781, 411);
INSERT INTO public.recieve VALUES (976, '1968-08-09', 503, 406, 253, 720, 206, 132, 229);
INSERT INTO public.recieve VALUES (977, '1961-11-01', 52, 302, 611, 163, 76, 824, 531);
INSERT INTO public.recieve VALUES (978, '1972-05-18', 332, 358, 41, 135, 674, 794, 681);
INSERT INTO public.recieve VALUES (979, '1958-08-15', 239, 515, 219, 960, 877, 689, 896);
INSERT INTO public.recieve VALUES (980, '1997-04-17', 991, 143, 430, 20, 34, 798, 35);
INSERT INTO public.recieve VALUES (981, '1955-03-26', 727, 212, 907, 109, 684, 1667, 745);
INSERT INTO public.recieve VALUES (982, '1988-11-17', 153, 229, 33, 947, 392, 1259, 857);
INSERT INTO public.recieve VALUES (983, '1971-06-03', 646, 265, 840, 254, 510, 616, 566);
INSERT INTO public.recieve VALUES (984, '1991-06-11', 964, 739, 541, 965, 337, 1541, 671);
INSERT INTO public.recieve VALUES (985, '1964-01-26', 132, 261, 163, 574, 8, 1999, 690);
INSERT INTO public.recieve VALUES (986, '1992-04-18', 305, 881, 123, 757, 480, 1417, 117);
INSERT INTO public.recieve VALUES (987, '1964-11-10', 362, 983, 809, 596, 12, 1741, 964);
INSERT INTO public.recieve VALUES (988, '1976-06-17', 304, 948, 624, 288, 737, 588, 841);
INSERT INTO public.recieve VALUES (989, '1974-03-04', 564, 580, 686, 757, 751, 1958, 804);
INSERT INTO public.recieve VALUES (990, '1988-10-16', 916, 724, 95, 825, 100, 1842, 350);
INSERT INTO public.recieve VALUES (991, '1989-02-26', 757, 435, 653, 514, 383, 687, 644);
INSERT INTO public.recieve VALUES (992, '1969-06-20', 594, 959, 431, 809, 657, 1474, 587);
INSERT INTO public.recieve VALUES (993, '2000-04-14', 959, 108, 266, 418, 253, 1559, 511);
INSERT INTO public.recieve VALUES (994, '1994-10-20', 429, 421, 79, 989, 388, 1757, 470);
INSERT INTO public.recieve VALUES (995, '2000-05-16', 144, 168, 159, 929, 416, 1605, 684);
INSERT INTO public.recieve VALUES (996, '1967-03-04', 665, 886, 478, 893, 981, 954, 853);
INSERT INTO public.recieve VALUES (997, '1995-10-22', 976, 906, 602, 964, 28, 865, 167);
INSERT INTO public.recieve VALUES (998, '1987-08-16', 664, 627, 988, 133, 759, 1245, 812);


--
-- Data for Name: storage; Type: TABLE DATA; Schema: public; Owner: postgres
--

INSERT INTO public.storage VALUES (1, 'Gjxikuge', 3843, 'Dgayfegyc,Lmgcai 184', '08:25:00', '13:57:00');
INSERT INTO public.storage VALUES (2, 'Iewory', 313, 'Tqfajlvuri,Ldnr 104', '02:45:00', '08:44:00');
INSERT INTO public.storage VALUES (3, 'Ryrykmyie', 2045, 'Wnggxo,Xqqvgm 97', '19:33:00', '09:30:00');
INSERT INTO public.storage VALUES (4, 'Riorwy', 8494, 'Jnpafus,Yjvg 29', '21:16:00', '13:49:00');
INSERT INTO public.storage VALUES (5, 'Uvwfqlch', 2302, 'Efihkv,Auscb 117', '14:04:00', '04:10:00');
INSERT INTO public.storage VALUES (6, 'Xmja', 3346, 'Uusvlaf,Dpqu 46', '18:20:00', '13:35:00');
INSERT INTO public.storage VALUES (7, 'Efiftrxajb', 5078, 'Xbybeo,Wnspu 152', '21:11:00', '10:16:00');
INSERT INTO public.storage VALUES (8, 'Rens', 1297, 'Ugkokqyhk,Jbonh 67', '03:32:00', '15:08:00');
INSERT INTO public.storage VALUES (9, 'Djbldy', 4609, 'Jxklhgn,Atucdsb 138', '09:08:00', '10:18:00');
INSERT INTO public.storage VALUES (10, 'Yralmbq', 2501, 'Twexgfdetx,Sfse 143', '12:35:00', '12:49:00');
INSERT INTO public.storage VALUES (11, 'Waysod', 8394, 'Tgmehfhjgh,Hparni 51', '22:03:00', '15:23:00');
INSERT INTO public.storage VALUES (12, 'Ncpanda', 9925, 'Ttppdutk,Lkbf 174', '05:38:00', '10:35:00');
INSERT INTO public.storage VALUES (13, 'Auoquabvm', 9255, 'Alpryxygv,Yiynsx 47', '10:07:00', '19:19:00');
INSERT INTO public.storage VALUES (14, 'Klxghwtuqr', 7174, 'Velurj,Pdtk 141', '17:06:00', '07:49:00');
INSERT INTO public.storage VALUES (15, 'Icrliy', 8721, 'Dgtdgt,Nxxuq 97', '04:48:00', '17:13:00');
INSERT INTO public.storage VALUES (16, 'Gkpvrn', 937, 'Cjcjoo,Kvdy 56', '08:12:00', '13:45:00');
INSERT INTO public.storage VALUES (17, 'Thtrhhwidb', 8618, 'Wmpaya,Kihgol 74', '02:28:00', '07:39:00');
INSERT INTO public.storage VALUES (18, 'Cnpdjqum', 4611, 'Cocdhmxk,Pkxbpk 48', '15:11:00', '14:50:00');
INSERT INTO public.storage VALUES (19, 'Hsvqtqgjt', 1781, 'Gwhibavxi,Clgtu 8', '09:21:00', '22:07:00');
INSERT INTO public.storage VALUES (20, 'Owpukjc', 7423, 'Ujvnoabaf,Eqoy 159', '19:29:00', '00:27:00');
INSERT INTO public.storage VALUES (21, 'Efmjr', 8685, 'Pbsreluul,Oxly 79', '19:27:00', '03:44:00');
INSERT INTO public.storage VALUES (22, 'Vbpw', 5510, 'Qhwloawxgb,Jqctg 36', '05:18:00', '05:11:00');
INSERT INTO public.storage VALUES (23, 'Hrwhda', 1702, 'Cnjoqkaik,Gxdh 131', '15:25:00', '14:37:00');
INSERT INTO public.storage VALUES (24, 'Slnnhd', 8672, 'Wrlpmoaps,Kxciid 155', '04:44:00', '01:15:00');
INSERT INTO public.storage VALUES (25, 'Pwguqewsf', 2036, 'Emkcmgam,Jvdexrh 164', '16:54:00', '06:50:00');
INSERT INTO public.storage VALUES (26, 'Sqlh', 9918, 'Patgncvoce,Lxbc 192', '14:38:00', '15:56:00');
INSERT INTO public.storage VALUES (27, 'Bcffrvsd', 2084, 'Cjeqcelds,Jpxow 75', '02:23:00', '05:28:00');
INSERT INTO public.storage VALUES (28, 'Necrxl', 7544, 'Eoucgd,Hiohwe 37', '16:37:00', '18:09:00');
INSERT INTO public.storage VALUES (29, 'Eawyobooaf', 304, 'Iyannycd,Pgchoqp 29', '18:16:00', '06:02:00');
INSERT INTO public.storage VALUES (30, 'Juacvrsg', 2908, 'Mhmxec,Taty 156', '12:27:00', '21:32:00');
INSERT INTO public.storage VALUES (31, 'Cmgupke', 2320, 'Mlinufj,Yqerxev 137', '06:21:00', '09:58:00');
INSERT INTO public.storage VALUES (32, 'Hprr', 3302, 'Evxkodeswt,Gcadk 38', '15:35:00', '18:24:00');
INSERT INTO public.storage VALUES (33, 'Hjepyqs', 2911, 'Aiwwguhj,Gwxf 187', '12:26:00', '03:42:00');
INSERT INTO public.storage VALUES (34, 'Ucxhouditf', 9115, 'Inivbiu,Dvckqno 195', '01:23:00', '04:30:00');
INSERT INTO public.storage VALUES (35, 'Uhikhomdy', 7085, 'Ogsicluhlf,Qcvpewt 167', '10:19:00', '12:11:00');
INSERT INTO public.storage VALUES (36, 'Ouoxdivk', 7841, 'Jrprtdiqcl,Wvxy 39', '01:56:00', '01:38:00');
INSERT INTO public.storage VALUES (37, 'Tmvkcbns', 6481, 'Qlxuswlrw,Xxmkryw 68', '01:06:00', '04:14:00');
INSERT INTO public.storage VALUES (38, 'Pmonyneru', 6841, 'Bsjqao,Fduvrm 166', '06:41:00', '11:37:00');
INSERT INTO public.storage VALUES (39, 'Lsmac', 2314, 'Aklkkmbmo,Xjwua 107', '14:55:00', '06:06:00');
INSERT INTO public.storage VALUES (40, 'Eyyjkchwtj', 6841, 'Kntveqmjo,Swnt 100', '11:31:00', '11:10:00');
INSERT INTO public.storage VALUES (41, 'Hmfysnv', 8320, 'Sfuecfbfu,Stkx 30', '13:25:00', '12:46:00');
INSERT INTO public.storage VALUES (42, 'Hxytae', 1243, 'Sviwos,Wpjxn 88', '02:21:00', '22:16:00');
INSERT INTO public.storage VALUES (43, 'Tsnb', 9951, 'Rkjutff,Efcw 101', '19:15:00', '18:13:00');
INSERT INTO public.storage VALUES (44, 'Hdpdyeks', 1514, 'Veupbxoiq,Tbhdxr 110', '01:05:00', '09:58:00');
INSERT INTO public.storage VALUES (45, 'Rhqxqngccd', 6265, 'Vlustf,Gcdl 132', '06:00:00', '09:11:00');
INSERT INTO public.storage VALUES (46, 'Ykywr', 2158, 'Ufaeevpi,Xyouood 199', '14:58:00', '14:39:00');
INSERT INTO public.storage VALUES (47, 'Pvmgcen', 6970, 'Kjucmyjloe,Gjxamjx 36', '10:50:00', '01:57:00');
INSERT INTO public.storage VALUES (48, 'Eyof', 3009, 'Bqdjyuee,Ruqu 3', '21:32:00', '18:40:00');
INSERT INTO public.storage VALUES (49, 'Jqusjlrygj', 5826, 'Pcdclw,Asvcuk 151', '10:42:00', '00:50:00');
INSERT INTO public.storage VALUES (50, 'Twqilteo', 6504, 'Fnodedmwbg,Bennp 54', '14:56:00', '16:17:00');
INSERT INTO public.storage VALUES (51, 'Vjynakmavp', 1647, 'Svgjyiatc,Qshq 69', '07:41:00', '17:07:00');
INSERT INTO public.storage VALUES (52, 'Tskdqobflk', 2747, 'Ybydjwwxep,Ipeyvdw 156', '05:09:00', '16:23:00');
INSERT INTO public.storage VALUES (53, 'Wckojyjsb', 1979, 'Iyxrhko,Oocxm 79', '02:38:00', '01:43:00');
INSERT INTO public.storage VALUES (54, 'Xlgeai', 1113, 'Baxrnqw,Ykhcmt 35', '14:19:00', '17:15:00');
INSERT INTO public.storage VALUES (55, 'Vrko', 3037, 'Xmxcrtm,Drxnul 56', '21:08:00', '13:45:00');
INSERT INTO public.storage VALUES (56, 'Aarabi', 8773, 'Qquhga,Qwew 139', '08:05:00', '17:47:00');
INSERT INTO public.storage VALUES (57, 'Djrdwdn', 6121, 'Boklfgl,Gmhh 3', '04:02:00', '11:26:00');
INSERT INTO public.storage VALUES (58, 'Eljn', 9899, 'Mnmhmkywq,Nlgm 84', '09:36:00', '02:43:00');
INSERT INTO public.storage VALUES (59, 'Qwxgn', 5067, 'Mgvbdbfxcx,Txdjqp 82', '12:42:00', '18:00:00');
INSERT INTO public.storage VALUES (60, 'Vqop', 7557, 'Uuhrxvi,Dxgm 129', '08:22:00', '05:49:00');
INSERT INTO public.storage VALUES (61, 'Abankq', 7161, 'Tfwxgqmsxo,Woiujkl 67', '18:21:00', '19:24:00');
INSERT INTO public.storage VALUES (62, 'Upnu', 5524, 'Ypbsbcnrx,Yqiowp 160', '14:35:00', '18:26:00');
INSERT INTO public.storage VALUES (63, 'Byvyccrj', 6681, 'Fkulqkcqpo,Ukxmlcs 42', '21:02:00', '10:21:00');
INSERT INTO public.storage VALUES (64, 'Jssryrg', 4593, 'Ulutrsel,Mpuhql 154', '01:43:00', '12:02:00');
INSERT INTO public.storage VALUES (65, 'Jayrg', 3723, 'Fxspjdt,Wdrp 27', '15:24:00', '16:18:00');
INSERT INTO public.storage VALUES (66, 'Asqyqlyr', 9226, 'Tyhbqtu,Fobcf 50', '11:24:00', '04:50:00');
INSERT INTO public.storage VALUES (67, 'Dfywxosy', 1635, 'Lrhyxpmkir,Sfcfdw 117', '12:21:00', '00:41:00');
INSERT INTO public.storage VALUES (68, 'Yekca', 5089, 'Lnulkkjqpe,Yxdxrt 163', '10:16:00', '20:38:00');
INSERT INTO public.storage VALUES (69, 'Xhtuk', 2684, 'Fjduepcbl,Jxmkmbj 74', '13:46:00', '11:17:00');
INSERT INTO public.storage VALUES (70, 'Uibpnwe', 7992, 'Syhvms,Gowubeu 98', '05:27:00', '02:02:00');
INSERT INTO public.storage VALUES (71, 'Mundeelnq', 376, 'Obvpcsvgs,Wrmerjy 144', '18:35:00', '20:10:00');
INSERT INTO public.storage VALUES (72, 'Lcendw', 2264, 'Qiulmk,Tetpn 66', '03:07:00', '05:29:00');
INSERT INTO public.storage VALUES (73, 'Urftfmn', 6362, 'Hwhxih,Oyxl 160', '16:02:00', '14:01:00');
INSERT INTO public.storage VALUES (74, 'Ogxe', 7589, 'Scbmirloy,Fwpode 185', '22:30:00', '17:08:00');
INSERT INTO public.storage VALUES (75, 'Tklclkvhoy', 1625, 'Biheqwuus,Kcgknvu 89', '05:09:00', '21:28:00');
INSERT INTO public.storage VALUES (76, 'Evmmn', 1655, 'Bpcayeb,Bnsruc 63', '05:29:00', '19:53:00');
INSERT INTO public.storage VALUES (77, 'Etqyy', 4909, 'Pmxwnwdlb,Tpsn 188', '04:33:00', '16:24:00');
INSERT INTO public.storage VALUES (78, 'Cfguhugxa', 818, 'Qekbnkdg,Cgcfm 163', '20:36:00', '10:49:00');
INSERT INTO public.storage VALUES (79, 'Ihghcm', 3934, 'Kcdwuxnpf,Ytqgn 45', '11:51:00', '16:52:00');
INSERT INTO public.storage VALUES (80, 'Lwldmxve', 3568, 'Dqgkyn,Ehdnflg 178', '19:37:00', '06:29:00');
INSERT INTO public.storage VALUES (81, 'Csikrvk', 4139, 'Npvvvhbhne,Pilylo 108', '14:13:00', '14:55:00');
INSERT INTO public.storage VALUES (82, 'Ihcpfxtblj', 7231, 'Phcqaf,Oiauic 2', '07:56:00', '04:30:00');
INSERT INTO public.storage VALUES (83, 'Vyjrfuoyl', 3943, 'Sxkgjqqsqx,Jpjjf 45', '05:30:00', '05:20:00');
INSERT INTO public.storage VALUES (84, 'Neypwk', 993, 'Vopnfrtvcp,Djqaey 3', '12:02:00', '19:05:00');
INSERT INTO public.storage VALUES (85, 'Nsdvpjm', 8771, 'Djmyfkvni,Dnflofr 45', '13:56:00', '18:07:00');
INSERT INTO public.storage VALUES (86, 'Ovbwylkefq', 7817, 'Dhguxlgfr,Dmfocmo 193', '00:58:00', '00:13:00');
INSERT INTO public.storage VALUES (87, 'Vqueypid', 951, 'Yomywm,Fqiqi 42', '22:56:00', '10:33:00');
INSERT INTO public.storage VALUES (88, 'Vjropcwfl', 7045, 'Givlioanxu,Bhxaffy 151', '14:03:00', '13:01:00');
INSERT INTO public.storage VALUES (89, 'Mwsdc', 1078, 'Dyqvubq,Pxtubbv 185', '11:24:00', '13:21:00');
INSERT INTO public.storage VALUES (90, 'Vkxkecv', 4942, 'Oocqxag,Ncjbmmk 20', '15:48:00', '02:34:00');
INSERT INTO public.storage VALUES (91, 'Llcytosus', 7420, 'Ejsnqbco,Vfmqhlt 157', '19:29:00', '16:13:00');
INSERT INTO public.storage VALUES (92, 'Phqa', 6026, 'Cpmarnvoa,Rlrhowk 145', '12:46:00', '05:04:00');
INSERT INTO public.storage VALUES (93, 'Kxrrfndx', 1012, 'Dhxclhlp,Todig 36', '00:47:00', '20:44:00');
INSERT INTO public.storage VALUES (94, 'Jrphrhvd', 8957, 'Ffjuwvk,Rrmb 22', '04:55:00', '04:00:00');
INSERT INTO public.storage VALUES (95, 'Jnrusxlc', 3470, 'Xfgnfqx,Bpdd 164', '17:08:00', '15:34:00');
INSERT INTO public.storage VALUES (96, 'Evwuxbr', 2925, 'Spgcsdka,Jygl 6', '06:16:00', '09:50:00');
INSERT INTO public.storage VALUES (97, 'Kbwbj', 1399, 'Lqdasfehma,Elbad 34', '17:50:00', '18:15:00');
INSERT INTO public.storage VALUES (98, 'Sogvsjcqm', 1470, 'Xtpigpweks,Gimmcm 88', '03:53:00', '00:18:00');
INSERT INTO public.storage VALUES (99, 'Knelvp', 7461, 'Xdpcrhvgwu,Vluu 62', '11:21:00', '02:20:00');
INSERT INTO public.storage VALUES (100, 'Nlihpjyqao', 4315, 'Delxbgjke,Amvofuf 78', '20:03:00', '13:38:00');
INSERT INTO public.storage VALUES (101, 'Amsgx', 2470, 'Crjxqhii,Xcwvjgg 164', '08:23:00', '04:13:00');
INSERT INTO public.storage VALUES (102, 'Pxhpvknxvn', 8208, 'Pmsmrtl,Hqaidya 196', '22:41:00', '17:40:00');
INSERT INTO public.storage VALUES (103, 'Uufw', 547, 'Drvcqhvw,Xjga 132', '11:23:00', '22:51:00');
INSERT INTO public.storage VALUES (104, 'Uyhihhjope', 5969, 'Tuwiqv,Wdihdod 177', '13:14:00', '04:34:00');
INSERT INTO public.storage VALUES (105, 'Serwresfsm', 2496, 'Ldsttwkof,Qphdu 196', '01:28:00', '18:35:00');
INSERT INTO public.storage VALUES (106, 'Mogohoovvl', 944, 'Rsccsqmdc,Vefdfi 159', '02:48:00', '22:43:00');
INSERT INTO public.storage VALUES (107, 'Crohrxw', 7097, 'Behyvr,Kqpveg 64', '18:48:00', '20:41:00');
INSERT INTO public.storage VALUES (108, 'Kfptkylvtt', 8437, 'Sywiyo,Qsov 46', '13:34:00', '14:38:00');
INSERT INTO public.storage VALUES (109, 'Vbnrtw', 4560, 'Guurgbkgx,Ppbavxb 70', '14:36:00', '07:51:00');
INSERT INTO public.storage VALUES (110, 'Uodvu', 7320, 'Ipruttrlk,Ifkaea 175', '14:52:00', '16:47:00');
INSERT INTO public.storage VALUES (111, 'Kiek', 3024, 'Eifvohun,Xbxaao 197', '22:45:00', '01:38:00');
INSERT INTO public.storage VALUES (112, 'Pswecrjn', 5960, 'Scoccxsrn,Mpik 196', '06:37:00', '21:03:00');
INSERT INTO public.storage VALUES (113, 'Uoklc', 5929, 'Sxpdmlrxe,Caxp 178', '17:10:00', '13:36:00');
INSERT INTO public.storage VALUES (114, 'Hvvghy', 4106, 'Urhgfxkdy,Jhovyyl 135', '03:58:00', '21:16:00');
INSERT INTO public.storage VALUES (115, 'Ducxyhkpxb', 4810, 'Cayfyald,Dvck 32', '20:42:00', '01:42:00');
INSERT INTO public.storage VALUES (116, 'Kfuriy', 2744, 'Lqlmtvm,Lbwuker 108', '00:30:00', '07:08:00');
INSERT INTO public.storage VALUES (117, 'Wgdwlb', 251, 'Weqqoexw,Slppcpq 28', '21:55:00', '19:46:00');
INSERT INTO public.storage VALUES (118, 'Ivulqi', 1752, 'Tidqys,Ydxhxnl 173', '12:16:00', '03:33:00');
INSERT INTO public.storage VALUES (119, 'Twwakw', 3895, 'Spoijswuok,Lcsyt 133', '22:27:00', '13:26:00');
INSERT INTO public.storage VALUES (120, 'Igpwhrg', 1956, 'Clkcsqluat,Spee 138', '12:06:00', '09:21:00');
INSERT INTO public.storage VALUES (121, 'Xcvsvgcr', 6379, 'Hybeboq,Mkxd 159', '14:14:00', '10:42:00');
INSERT INTO public.storage VALUES (122, 'Gttlugvs', 6834, 'Kudhqfsc,Ekarmti 148', '16:02:00', '01:43:00');
INSERT INTO public.storage VALUES (123, 'Svyg', 8580, 'Qchwnotlej,Dndjv 27', '16:16:00', '19:07:00');
INSERT INTO public.storage VALUES (124, 'Qacbn', 888, 'Vogujytl,Bbqlfh 195', '08:28:00', '13:53:00');
INSERT INTO public.storage VALUES (125, 'Oebxagvep', 3997, 'Tsfmawx,Crtm 104', '06:08:00', '05:19:00');
INSERT INTO public.storage VALUES (126, 'Mujljxawr', 2386, 'Xnfnrh,Fwsl 134', '08:31:00', '08:11:00');
INSERT INTO public.storage VALUES (127, 'Yqvnyxqqc', 5072, 'Yrcyawnqf,Pwec 23', '15:55:00', '21:33:00');
INSERT INTO public.storage VALUES (128, 'Gbuuuo', 654, 'Armvcsjb,Ourbk 161', '12:30:00', '12:55:00');
INSERT INTO public.storage VALUES (129, 'Ctnubmh', 7028, 'Jqrveuf,Vdycgy 126', '19:17:00', '22:48:00');
INSERT INTO public.storage VALUES (130, 'Gdnbsvuegl', 5744, 'Ujeusy,Couj 71', '20:15:00', '17:10:00');
INSERT INTO public.storage VALUES (131, 'Lridru', 5850, 'Slmcmvtiiy,Kpjcog 24', '20:24:00', '16:19:00');
INSERT INTO public.storage VALUES (132, 'Gslcisnn', 760, 'Bawarmnqs,Feeos 144', '02:08:00', '17:54:00');
INSERT INTO public.storage VALUES (133, 'Qquhxkl', 2799, 'Fxhfbvnrc,Rhhstcl 157', '19:06:00', '12:21:00');
INSERT INTO public.storage VALUES (134, 'Opcdqwi', 4816, 'Frskpn,Dtvmvji 73', '01:27:00', '07:43:00');
INSERT INTO public.storage VALUES (135, 'Mtvd', 3572, 'Qqlkkgsb,Qbwpxd 13', '13:53:00', '15:33:00');
INSERT INTO public.storage VALUES (136, 'Wjyftygo', 8087, 'Brpygbgr,Jnsg 121', '08:24:00', '01:38:00');
INSERT INTO public.storage VALUES (137, 'Alaooveorf', 9316, 'Htloqipfl,Dudqn 11', '03:37:00', '21:00:00');
INSERT INTO public.storage VALUES (138, 'Ocef', 3975, 'Rusutnnwt,Lypl 4', '20:54:00', '02:48:00');
INSERT INTO public.storage VALUES (139, 'Glxc', 2655, 'Laqhwwlpu,Xksepje 121', '01:51:00', '22:58:00');
INSERT INTO public.storage VALUES (140, 'Xvgsheod', 6296, 'Gchtrb,Puybvpo 16', '06:20:00', '17:33:00');
INSERT INTO public.storage VALUES (141, 'Uuxfwuhy', 7868, 'Exwbtpsc,Vlivmp 184', '10:02:00', '21:50:00');
INSERT INTO public.storage VALUES (142, 'Mbwxdmr', 6337, 'Bxqimrj,Infsby 80', '05:42:00', '22:46:00');
INSERT INTO public.storage VALUES (143, 'Iufaggr', 3930, 'Ksefheb,Hxhy 111', '04:03:00', '03:21:00');
INSERT INTO public.storage VALUES (144, 'Cvvhv', 6027, 'Uxyogvdyle,Vbxs 187', '04:07:00', '08:10:00');
INSERT INTO public.storage VALUES (145, 'Uongbeh', 4362, 'Vobbflfiua,Debecon 117', '10:13:00', '17:27:00');
INSERT INTO public.storage VALUES (146, 'Greg', 5178, 'Pgptmtnwr,Rgapfrm 3', '13:31:00', '08:25:00');
INSERT INTO public.storage VALUES (147, 'Fsnori', 8806, 'Jspnwvb,Vbptg 184', '03:30:00', '08:54:00');
INSERT INTO public.storage VALUES (148, 'Kscqa', 890, 'Nyxrwtgaq,Tupmlq 75', '15:23:00', '08:03:00');
INSERT INTO public.storage VALUES (149, 'Shetib', 1911, 'Bcstkifmp,Qkcofii 95', '21:02:00', '12:50:00');
INSERT INTO public.storage VALUES (150, 'Hiflehlhfa', 5142, 'Wjrxekqxyg,Prbpmfv 109', '01:42:00', '00:26:00');
INSERT INTO public.storage VALUES (151, 'Mkiu', 9914, 'Qxopwkejd,Racli 126', '07:06:00', '13:12:00');
INSERT INTO public.storage VALUES (152, 'Hmthjv', 6749, 'Vbebfdtu,Bhfgp 144', '19:11:00', '18:25:00');
INSERT INTO public.storage VALUES (153, 'Wwjk', 5986, 'Vvmumivsv,Iyyt 14', '14:38:00', '10:34:00');
INSERT INTO public.storage VALUES (154, 'Osenxfojlo', 1552, 'Vqntygo,Pwbptr 101', '22:32:00', '08:07:00');
INSERT INTO public.storage VALUES (155, 'Chhu', 7449, 'Jxcanmpekk,Mwqfx 187', '18:40:00', '15:46:00');
INSERT INTO public.storage VALUES (156, 'Ynnxa', 1758, 'Adqvvk,Oriyy 28', '14:36:00', '03:22:00');
INSERT INTO public.storage VALUES (157, 'Wtkpiq', 3921, 'Ikhjynmvnn,Wxgsc 1', '00:24:00', '18:23:00');
INSERT INTO public.storage VALUES (158, 'Insmphigx', 1069, 'Ccnccdn,Hwbn 167', '01:50:00', '10:58:00');
INSERT INTO public.storage VALUES (159, 'Mtjjm', 2945, 'Tbqetk,Yucf 133', '08:03:00', '17:23:00');
INSERT INTO public.storage VALUES (160, 'Mqixc', 2866, 'Isuvgsev,Ngwyea 56', '20:36:00', '09:22:00');
INSERT INTO public.storage VALUES (161, 'Roudk', 3904, 'Xauvvcck,Myntpji 43', '15:50:00', '05:10:00');
INSERT INTO public.storage VALUES (162, 'Xgjnscrr', 6572, 'Lngldrklca,Exic 195', '13:22:00', '05:24:00');
INSERT INTO public.storage VALUES (163, 'Vcwb', 958, 'Tdmxpcghy,Dtan 12', '20:41:00', '16:12:00');
INSERT INTO public.storage VALUES (164, 'Kwslvqk', 8199, 'Eetpdxa,Enoculw 109', '06:40:00', '14:02:00');
INSERT INTO public.storage VALUES (165, 'Beydqi', 1892, 'Fopvgokrv,Bpkjo 57', '12:04:00', '03:26:00');
INSERT INTO public.storage VALUES (166, 'Cxiyfvpoq', 8680, 'Edounjilw,Obaqi 37', '03:41:00', '05:35:00');
INSERT INTO public.storage VALUES (167, 'Quvie', 7309, 'Fyussnrsaa,Yrbbp 154', '19:06:00', '03:15:00');
INSERT INTO public.storage VALUES (168, 'Hjiucin', 569, 'Yfqehqra,Dgssopr 111', '22:44:00', '03:14:00');
INSERT INTO public.storage VALUES (169, 'Yfcf', 1349, 'Hittrwe,Spwqs 29', '11:02:00', '22:31:00');
INSERT INTO public.storage VALUES (170, 'Rkms', 9505, 'Gkqmlqcyc,Ldgrprx 158', '09:23:00', '10:48:00');
INSERT INTO public.storage VALUES (171, 'Niqarejhnb', 9612, 'Dnrasdxm,Aiaweoa 131', '02:41:00', '17:33:00');
INSERT INTO public.storage VALUES (172, 'Ghkf', 9806, 'Imcliy,Seeaal 198', '19:45:00', '03:15:00');
INSERT INTO public.storage VALUES (173, 'Apwlhxbym', 7627, 'Ebdlnundkf,Weid 117', '04:32:00', '09:42:00');
INSERT INTO public.storage VALUES (174, 'Xcrikt', 1731, 'Hwmnpglts,Xuhqv 188', '04:03:00', '08:40:00');
INSERT INTO public.storage VALUES (175, 'Adjsqff', 5628, 'Rsiwqgnnsc,Xrkaw 88', '15:00:00', '22:25:00');
INSERT INTO public.storage VALUES (176, 'Pyjjpto', 9108, 'Ilmokke,Vuxm 168', '06:08:00', '13:17:00');
INSERT INTO public.storage VALUES (177, 'Dgblcphim', 3807, 'Evpdnqq,Bnbie 144', '11:21:00', '08:06:00');
INSERT INTO public.storage VALUES (178, 'Afkmputo', 1711, 'Ixxusumoq,Qqgt 86', '01:53:00', '19:11:00');
INSERT INTO public.storage VALUES (179, 'Vhiwyk', 3591, 'Wbwvkngqk,Ekgu 145', '04:18:00', '13:47:00');
INSERT INTO public.storage VALUES (180, 'Hkcsrlbvp', 2339, 'Wcryyhc,Gyyuq 175', '13:25:00', '17:31:00');
INSERT INTO public.storage VALUES (181, 'Kkffj', 7599, 'Pdlnwan,Csorx 142', '01:50:00', '21:05:00');
INSERT INTO public.storage VALUES (182, 'Wyye', 6860, 'Oyqtujgd,Cgilhat 189', '12:25:00', '00:33:00');
INSERT INTO public.storage VALUES (183, 'Uobhqxkt', 3808, 'Orshqqrqpy,Wdeomy 113', '10:33:00', '18:00:00');
INSERT INTO public.storage VALUES (184, 'Yapqngu', 4154, 'Yctkmodkw,Qkbmii 120', '05:28:00', '04:18:00');
INSERT INTO public.storage VALUES (185, 'Bqsd', 9934, 'Ybqrmfi,Bbtsvse 133', '13:57:00', '01:01:00');
INSERT INTO public.storage VALUES (186, 'Mflv', 1151, 'Vkeyqik,Oieh 62', '08:48:00', '06:34:00');
INSERT INTO public.storage VALUES (187, 'Ovnmk', 5204, 'Pycncoonkq,Jyidgrn 47', '13:14:00', '19:25:00');
INSERT INTO public.storage VALUES (188, 'Iaxfu', 2895, 'Cncweb,Komgh 131', '19:19:00', '04:00:00');
INSERT INTO public.storage VALUES (189, 'Nuwkagxei', 3009, 'Ynxlyafyfx,Rlxfrvv 51', '05:13:00', '00:58:00');
INSERT INTO public.storage VALUES (190, 'Oslmrit', 2759, 'Hklubqe,Darkble 111', '12:23:00', '08:17:00');
INSERT INTO public.storage VALUES (191, 'Nocnk', 5504, 'Flcprd,Xjkay 46', '17:34:00', '04:35:00');
INSERT INTO public.storage VALUES (192, 'Wkqpttg', 983, 'Apkfrxyn,Pukhb 28', '12:25:00', '00:43:00');
INSERT INTO public.storage VALUES (193, 'Rqambsqv', 8558, 'Mtvpcwgx,Qwjfoaj 139', '15:11:00', '15:12:00');
INSERT INTO public.storage VALUES (194, 'Desotjbh', 2402, 'Xijkxghghc,Bvgyfsh 14', '00:34:00', '06:50:00');
INSERT INTO public.storage VALUES (195, 'Hilwcxidl', 7973, 'Cydfrhq,Emoj 25', '22:27:00', '05:45:00');
INSERT INTO public.storage VALUES (196, 'Tieenikc', 3046, 'Qitpbgeuu,Tpflsct 57', '20:28:00', '02:29:00');
INSERT INTO public.storage VALUES (197, 'Gqjk', 5019, 'Jikbuaqcrj,Quqnur 157', '12:02:00', '18:34:00');
INSERT INTO public.storage VALUES (198, 'Ntcdthm', 4412, 'Aqnbkuxpfj,Riif 94', '22:19:00', '18:28:00');
INSERT INTO public.storage VALUES (199, 'Tugp', 487, 'Qbblrtajp,Stuuixk 125', '04:31:00', '17:24:00');
INSERT INTO public.storage VALUES (200, 'Dvawxfpwy', 3551, 'Gcwysphl,Yoao 188', '12:01:00', '01:31:00');
INSERT INTO public.storage VALUES (201, 'Rejru', 4146, 'Iyfqjo,Yoddv 151', '22:18:00', '22:16:00');
INSERT INTO public.storage VALUES (202, 'Sxpvhrwc', 9368, 'Npwycgpkdk,Mycxxpe 172', '00:19:00', '16:48:00');
INSERT INTO public.storage VALUES (203, 'Tpvsovj', 9426, 'Dpiyffto,Twdf 147', '07:27:00', '02:28:00');
INSERT INTO public.storage VALUES (204, 'Emtsxdaai', 5024, 'Bmnxggqn,Ggiiemg 48', '12:54:00', '08:36:00');
INSERT INTO public.storage VALUES (205, 'Kjplb', 3750, 'Lrtodrww,Cocv 96', '19:43:00', '11:22:00');
INSERT INTO public.storage VALUES (206, 'Ynmebgrb', 3752, 'Pnwyaw,Rjnjrak 86', '08:25:00', '12:36:00');
INSERT INTO public.storage VALUES (207, 'Brgl', 2442, 'Gdwfcgkg,Hflie 13', '04:16:00', '18:56:00');
INSERT INTO public.storage VALUES (208, 'Jofwdev', 7631, 'Klwgfp,Aehqth 90', '14:56:00', '15:01:00');
INSERT INTO public.storage VALUES (209, 'Rayttfwx', 9474, 'Orxkudqicn,Gjmcdfo 101', '10:20:00', '11:27:00');
INSERT INTO public.storage VALUES (210, 'Mssndge', 9031, 'Wchpfmy,Plbha 193', '12:47:00', '06:57:00');
INSERT INTO public.storage VALUES (211, 'Rbfjboyto', 281, 'Yrrqnr,Rywnj 33', '15:26:00', '09:56:00');
INSERT INTO public.storage VALUES (212, 'Dguyg', 5695, 'Yrotyyelv,Hikhwe 4', '14:17:00', '15:02:00');
INSERT INTO public.storage VALUES (213, 'Tvle', 3500, 'Moqiygjnnm,Djihe 195', '15:25:00', '03:51:00');
INSERT INTO public.storage VALUES (214, 'Byrpeqcjc', 6264, 'Ubanqfxej,Dyjoqfa 97', '07:10:00', '05:01:00');
INSERT INTO public.storage VALUES (215, 'Imustkikk', 3726, 'Siixgskw,Artekqo 92', '00:41:00', '12:52:00');
INSERT INTO public.storage VALUES (216, 'Fsliqmu', 5832, 'Wfaoafpglh,Hiuotq 199', '13:09:00', '02:18:00');
INSERT INTO public.storage VALUES (217, 'Iqbahowqny', 7572, 'Cmyjbbab,Pwdljcx 173', '16:48:00', '00:08:00');
INSERT INTO public.storage VALUES (218, 'Kdhhse', 1417, 'Ubvwmd,Iymkn 118', '12:05:00', '12:10:00');
INSERT INTO public.storage VALUES (219, 'Ivqvhvcn', 9835, 'Fkfovlt,Pqcwws 42', '05:14:00', '04:50:00');
INSERT INTO public.storage VALUES (220, 'Oeqtltfp', 136, 'Spwetx,Ekmhf 15', '01:01:00', '21:30:00');
INSERT INTO public.storage VALUES (221, 'Vynjskuhk', 6573, 'Ojjbxceokh,Rfgy 151', '05:17:00', '08:09:00');
INSERT INTO public.storage VALUES (222, 'Eqferdxjyc', 9299, 'Bykobo,Hmht 66', '03:24:00', '20:03:00');
INSERT INTO public.storage VALUES (223, 'Vtrrin', 9708, 'Kdungrjpxk,Aapnvvn 136', '19:36:00', '03:29:00');
INSERT INTO public.storage VALUES (224, 'Wyqukmosa', 1319, 'Jsaympb,Xmwbj 41', '15:04:00', '05:39:00');
INSERT INTO public.storage VALUES (225, 'Lktstughq', 1335, 'Qyqywas,Ojufpe 30', '14:56:00', '13:43:00');
INSERT INTO public.storage VALUES (226, 'Spix', 7055, 'Ysbfrilo,Itrr 176', '08:11:00', '00:51:00');
INSERT INTO public.storage VALUES (227, 'Rdfiwrnuh', 9387, 'Dfohngp,Uqdn 56', '17:13:00', '05:58:00');
INSERT INTO public.storage VALUES (228, 'Hwjtrm', 236, 'Upmcugm,Swwqm 111', '18:07:00', '15:39:00');
INSERT INTO public.storage VALUES (229, 'Quxhkpl', 4302, 'Iushxqxjrg,Bmvyq 110', '08:47:00', '20:43:00');
INSERT INTO public.storage VALUES (230, 'Wssdd', 1831, 'Rbgecm,Jvkqirs 47', '03:18:00', '05:05:00');
INSERT INTO public.storage VALUES (231, 'Kgwufrpdf', 3962, 'Oeqnjfx,Eitr 60', '07:37:00', '04:20:00');
INSERT INTO public.storage VALUES (232, 'Gewwf', 4320, 'Keevadgb,Vpsxgup 152', '13:24:00', '01:17:00');
INSERT INTO public.storage VALUES (233, 'Vqwadjg', 8130, 'Kukuxgoup,Ajuww 155', '01:27:00', '08:10:00');
INSERT INTO public.storage VALUES (234, 'Pyemyu', 5938, 'Hqypiidab,Gnekkf 83', '12:38:00', '02:17:00');
INSERT INTO public.storage VALUES (235, 'Dumlxraab', 5077, 'Ydvlvbjqo,Yudbp 26', '16:15:00', '17:00:00');
INSERT INTO public.storage VALUES (236, 'Hskb', 3079, 'Oabwfd,Icpky 40', '11:30:00', '07:24:00');
INSERT INTO public.storage VALUES (237, 'Ltblyjjlos', 1721, 'Cfnukspa,Lmbmkv 191', '09:24:00', '14:30:00');
INSERT INTO public.storage VALUES (238, 'Uacu', 5257, 'Tcwsuwm,Irowvww 26', '18:08:00', '21:22:00');
INSERT INTO public.storage VALUES (239, 'Suskf', 9426, 'Ucfcjydg,Swucft 41', '16:53:00', '01:21:00');
INSERT INTO public.storage VALUES (240, 'Jsmqikeu', 5049, 'Hgylolv,Ccebcdn 13', '09:14:00', '00:43:00');
INSERT INTO public.storage VALUES (241, 'Ofcddv', 2764, 'Fbabkfe,Krthrq 125', '18:02:00', '01:21:00');
INSERT INTO public.storage VALUES (242, 'Rfiwle', 9664, 'Krkwsngsjy,Qchxmyw 108', '02:22:00', '06:25:00');
INSERT INTO public.storage VALUES (243, 'Vdumlrs', 2516, 'Joittxwmva,Udenpel 113', '06:14:00', '05:07:00');
INSERT INTO public.storage VALUES (244, 'Hsjc', 8189, 'Misuvf,Lfwysrr 139', '15:40:00', '01:05:00');
INSERT INTO public.storage VALUES (245, 'Bfwhifa', 5390, 'Htateear,Xynbk 161', '12:06:00', '12:30:00');
INSERT INTO public.storage VALUES (246, 'Gsnblaheh', 2815, 'Cggcfteds,Omxkhiv 5', '11:55:00', '02:39:00');
INSERT INTO public.storage VALUES (247, 'Fhfrjhwhgw', 3523, 'Akwwqmd,Ejwxhl 1', '20:20:00', '12:57:00');
INSERT INTO public.storage VALUES (248, 'Jvapubk', 6397, 'Rgjiga,Vmvkbb 197', '01:21:00', '19:34:00');
INSERT INTO public.storage VALUES (249, 'Wnyihi', 7128, 'Nfvkripy,Muorncs 137', '12:46:00', '17:05:00');
INSERT INTO public.storage VALUES (250, 'Mvhyufe', 9858, 'Rhllaifv,Ouor 140', '06:17:00', '17:20:00');
INSERT INTO public.storage VALUES (251, 'Rpgyjgqrip', 5880, 'Youaep,Cikumq 100', '15:31:00', '04:21:00');
INSERT INTO public.storage VALUES (252, 'Yaagrwev', 5007, 'Uvqqhn,Jdsmbuu 99', '10:23:00', '01:58:00');
INSERT INTO public.storage VALUES (253, 'Nibrd', 1272, 'Kcopmior,Txrs 176', '11:05:00', '11:00:00');
INSERT INTO public.storage VALUES (254, 'Rcrirnbos', 793, 'Foesdvm,Pqgjbq 144', '16:49:00', '19:14:00');
INSERT INTO public.storage VALUES (255, 'Dvhkkf', 4111, 'Rfrqonxokw,Thksneq 183', '04:56:00', '12:42:00');
INSERT INTO public.storage VALUES (256, 'Hypaw', 1874, 'Osvvgck,Gqtcfgb 53', '15:38:00', '21:30:00');
INSERT INTO public.storage VALUES (257, 'Rvjdjqgcsl', 9028, 'Khtjwsgmdq,Isydouc 4', '15:23:00', '21:36:00');
INSERT INTO public.storage VALUES (258, 'Qepolvcbu', 9233, 'Lipeuqx,Ctel 56', '22:09:00', '07:03:00');
INSERT INTO public.storage VALUES (259, 'Vkfiby', 5224, 'Dbdxgv,Gynish 63', '15:00:00', '19:20:00');
INSERT INTO public.storage VALUES (260, 'Misyjkuirq', 4914, 'Brxrnw,Acidfox 32', '10:36:00', '10:32:00');
INSERT INTO public.storage VALUES (261, 'Qbqxqu', 1105, 'Twufprrq,Whloys 157', '13:36:00', '17:38:00');
INSERT INTO public.storage VALUES (262, 'Qccxhnxgv', 4593, 'Maffapqv,Orqw 2', '21:21:00', '15:12:00');
INSERT INTO public.storage VALUES (263, 'Wkfnxoxvb', 5497, 'Kfetsasxf,Ajsmn 171', '19:04:00', '05:57:00');
INSERT INTO public.storage VALUES (264, 'Yftysiyu', 4027, 'Xxmnpxwepo,Tcvwupy 89', '22:28:00', '11:52:00');
INSERT INTO public.storage VALUES (265, 'Xhcii', 1533, 'Iplgqmm,Obyk 68', '05:51:00', '15:17:00');
INSERT INTO public.storage VALUES (266, 'Ubpmcqmk', 898, 'Vpxkjgm,Jddr 8', '20:04:00', '07:41:00');
INSERT INTO public.storage VALUES (267, 'Rvpohrieuj', 8965, 'Ynxrpcqqk,Foqqvuf 165', '00:43:00', '09:19:00');
INSERT INTO public.storage VALUES (268, 'Otagbvs', 2430, 'Dicycmefn,Hwsdvd 61', '13:38:00', '20:54:00');
INSERT INTO public.storage VALUES (269, 'Rlaqnar', 8091, 'Tccrndc,Iesjgxp 111', '22:46:00', '10:50:00');
INSERT INTO public.storage VALUES (270, 'Pwgetgm', 9466, 'Sdmwsbyoi,Fwoa 75', '13:42:00', '13:39:00');
INSERT INTO public.storage VALUES (271, 'Gaypa', 7101, 'Bdpkgbp,Baet 68', '07:39:00', '08:19:00');
INSERT INTO public.storage VALUES (272, 'Sxmbgyyj', 2212, 'Eewodora,Luvk 67', '12:17:00', '07:54:00');
INSERT INTO public.storage VALUES (273, 'Ccpwhnnvcg', 6201, 'Lpojbs,Hdyd 180', '12:11:00', '12:56:00');
INSERT INTO public.storage VALUES (274, 'Ynqcswcn', 5544, 'Qqbnmuabg,Oryras 35', '19:33:00', '22:05:00');
INSERT INTO public.storage VALUES (275, 'Pkxdxqfts', 8698, 'Sjltplj,Adbrdds 153', '01:50:00', '13:51:00');
INSERT INTO public.storage VALUES (276, 'Rfna', 645, 'Wqppamom,Pohhuga 145', '17:00:00', '17:28:00');
INSERT INTO public.storage VALUES (277, 'Tush', 6125, 'Wheaovj,Nevkl 129', '15:00:00', '08:44:00');
INSERT INTO public.storage VALUES (278, 'Fgvm', 1194, 'Fudjqrjykd,Rlph 81', '02:38:00', '19:32:00');
INSERT INTO public.storage VALUES (279, 'Yleqdwsjc', 9326, 'Msytwayttx,Glug 135', '01:06:00', '18:11:00');
INSERT INTO public.storage VALUES (280, 'Amxobqveso', 6028, 'Kytltgb,Taoqric 93', '10:29:00', '21:29:00');
INSERT INTO public.storage VALUES (281, 'Mdpdex', 672, 'Ijyxar,Abyigr 93', '15:05:00', '11:05:00');
INSERT INTO public.storage VALUES (282, 'Aqehbw', 7063, 'Fjauobjvpw,Bmxrl 174', '19:40:00', '19:00:00');
INSERT INTO public.storage VALUES (283, 'Rinogki', 9429, 'Mtdkornhe,Nxknfq 49', '11:17:00', '04:05:00');
INSERT INTO public.storage VALUES (284, 'Tbafohy', 8982, 'Woglrundwb,Ssekb 36', '11:14:00', '03:52:00');
INSERT INTO public.storage VALUES (285, 'Qdtyndjmun', 6723, 'Ynbgala,Iytj 181', '21:42:00', '12:17:00');
INSERT INTO public.storage VALUES (286, 'Vhkd', 196, 'Ikrheb,Tqxw 169', '02:38:00', '08:34:00');
INSERT INTO public.storage VALUES (287, 'Cerh', 3755, 'Uarlnrwu,Wsae 130', '15:16:00', '10:24:00');
INSERT INTO public.storage VALUES (288, 'Yygi', 1312, 'Npvagswy,Swbac 125', '05:35:00', '07:47:00');
INSERT INTO public.storage VALUES (289, 'Sxbbinu', 6322, 'Gbucbwd,Tpcwynw 148', '12:11:00', '09:23:00');
INSERT INTO public.storage VALUES (290, 'Evlfxyk', 8500, 'Rqlcxrk,Pqfq 144', '11:52:00', '09:32:00');
INSERT INTO public.storage VALUES (291, 'Xlbwkcek', 564, 'Qmtvnggcy,Aapuji 159', '01:24:00', '22:42:00');
INSERT INTO public.storage VALUES (292, 'Fksx', 8579, 'Eoalqdbss,Pdxhqr 177', '12:50:00', '09:07:00');
INSERT INTO public.storage VALUES (293, 'Kjgskxcuxb', 3473, 'Iynuko,Lmkweg 173', '06:51:00', '18:32:00');
INSERT INTO public.storage VALUES (294, 'Yxahlgits', 7906, 'Jjtkhbwli,Lenle 30', '16:01:00', '11:25:00');
INSERT INTO public.storage VALUES (295, 'Klrpcsucq', 361, 'Kmthqvgo,Psbnd 100', '09:16:00', '12:38:00');
INSERT INTO public.storage VALUES (296, 'Dkitx', 6745, 'Vlbcaghc,Mhqbqtp 16', '01:49:00', '20:05:00');
INSERT INTO public.storage VALUES (297, 'Tmmdmf', 7055, 'Ewsgcd,Dunyof 142', '15:49:00', '03:07:00');
INSERT INTO public.storage VALUES (298, 'Trdgo', 7922, 'Yjkhxh,Qbsgj 165', '10:27:00', '14:58:00');
INSERT INTO public.storage VALUES (299, 'Mnmu', 9472, 'Barxgkwmrt,Wgeyj 137', '08:44:00', '04:16:00');
INSERT INTO public.storage VALUES (300, 'Ilrrkt', 8716, 'Vpycnfog,Txstvo 63', '20:32:00', '12:40:00');
INSERT INTO public.storage VALUES (301, 'Fmajpdyjr', 7056, 'Xqacfigqn,Vtod 141', '20:35:00', '19:02:00');
INSERT INTO public.storage VALUES (302, 'Tsqtlddlk', 5780, 'Tgaumxhfjp,Ooxle 183', '00:23:00', '15:42:00');
INSERT INTO public.storage VALUES (303, 'Luftfwlrmo', 4727, 'Xlmatallj,Mywq 81', '07:27:00', '15:16:00');
INSERT INTO public.storage VALUES (304, 'Biygqw', 4307, 'Cytskbopw,Akfbo 107', '13:49:00', '07:41:00');
INSERT INTO public.storage VALUES (305, 'Gaensvq', 5326, 'Kiuhlm,Bxsunn 66', '02:15:00', '09:03:00');
INSERT INTO public.storage VALUES (306, 'Jvkrjshglk', 4908, 'Qflyqw,Dcufowc 142', '18:23:00', '17:05:00');
INSERT INTO public.storage VALUES (307, 'Jbmqtku', 2824, 'Opkudrapsv,Hirwnea 26', '00:13:00', '20:39:00');
INSERT INTO public.storage VALUES (308, 'Bltft', 905, 'Laagon,Ffqruce 71', '20:28:00', '14:29:00');
INSERT INTO public.storage VALUES (309, 'Clawwurc', 933, 'Arsjusmx,Euxmo 162', '21:06:00', '12:01:00');
INSERT INTO public.storage VALUES (310, 'Jloxmscq', 8210, 'Qnfufuj,Tlrspv 194', '20:30:00', '22:16:00');
INSERT INTO public.storage VALUES (311, 'Fcqbvired', 4391, 'Prflpqha,Aydojw 18', '21:30:00', '17:48:00');
INSERT INTO public.storage VALUES (312, 'Xibrmuhos', 7404, 'Cfluaixr,Nleb 74', '06:31:00', '16:08:00');
INSERT INTO public.storage VALUES (313, 'Tkihahgwus', 6290, 'Jhhjbytyko,Mbvgdgp 117', '13:55:00', '12:11:00');
INSERT INTO public.storage VALUES (314, 'Dhmvmhqg', 2027, 'Lvivnujp,Stpqxry 170', '15:03:00', '19:42:00');
INSERT INTO public.storage VALUES (315, 'Wvtity', 6991, 'Fkalunrrgg,Eykrop 179', '07:03:00', '00:27:00');
INSERT INTO public.storage VALUES (316, 'Cendcgfr', 8554, 'Vdpeiywif,Jbuage 161', '10:36:00', '11:52:00');
INSERT INTO public.storage VALUES (317, 'Ifedthwjig', 7857, 'Qcbeeytei,Ihkl 185', '20:41:00', '21:35:00');
INSERT INTO public.storage VALUES (318, 'Soakqxuk', 7229, 'Danvbqunbo,Kanq 151', '02:55:00', '09:13:00');
INSERT INTO public.storage VALUES (319, 'Urxft', 9379, 'Frelva,Cpmmd 14', '21:38:00', '22:12:00');
INSERT INTO public.storage VALUES (320, 'Gajhvtc', 1306, 'Mqwccjpx,Kjqnve 165', '20:16:00', '12:50:00');
INSERT INTO public.storage VALUES (321, 'Ctjkmal', 3922, 'Nwvxub,Wtcbg 175', '19:07:00', '19:30:00');
INSERT INTO public.storage VALUES (322, 'Gifqoafx', 536, 'Pemaah,Ixeqfxu 56', '19:20:00', '08:42:00');
INSERT INTO public.storage VALUES (323, 'Mkmlnjj', 8066, 'Rxpvnvn,Kjtr 43', '01:55:00', '17:49:00');
INSERT INTO public.storage VALUES (324, 'Pxyw', 2592, 'Fsuuhcakk,Rtyqrs 1', '16:01:00', '13:52:00');
INSERT INTO public.storage VALUES (325, 'Bpygui', 4083, 'Jxvrnkign,Nirtudh 194', '16:53:00', '10:46:00');
INSERT INTO public.storage VALUES (326, 'Oynutjspl', 6152, 'Ghquqcx,Adjoy 146', '17:37:00', '13:01:00');
INSERT INTO public.storage VALUES (327, 'Phwmmialk', 8256, 'Rdkmlrcio,Ebxerww 124', '22:29:00', '18:17:00');
INSERT INTO public.storage VALUES (328, 'Weuma', 422, 'Jwbnrke,Lmyhep 105', '18:53:00', '21:35:00');
INSERT INTO public.storage VALUES (329, 'Omficvxw', 1148, 'Lkcmopsfug,Auipg 197', '06:57:00', '10:08:00');
INSERT INTO public.storage VALUES (330, 'Oekeoofb', 622, 'Onatrvgr,Xihnd 17', '08:04:00', '01:48:00');
INSERT INTO public.storage VALUES (331, 'Wqscd', 7357, 'Romnvxkc,Mpxvu 13', '13:01:00', '14:06:00');
INSERT INTO public.storage VALUES (332, 'Ioyrj', 997, 'Auhogf,Nsubj 194', '07:00:00', '00:35:00');
INSERT INTO public.storage VALUES (333, 'Dlpdsxd', 9171, 'Nsccepo,Cjuv 147', '13:41:00', '15:00:00');
INSERT INTO public.storage VALUES (334, 'Teyw', 3228, 'Feaplqw,Ppmqvrh 66', '21:03:00', '15:58:00');
INSERT INTO public.storage VALUES (335, 'Oybbfgxmi', 4373, 'Fehwre,Ocya 58', '13:46:00', '12:36:00');
INSERT INTO public.storage VALUES (336, 'Nqtlqv', 3032, 'Egshtjw,Emdioky 83', '14:05:00', '21:43:00');
INSERT INTO public.storage VALUES (337, 'Qrtfuld', 3866, 'Kikpjkdull,Pefn 163', '22:56:00', '17:42:00');
INSERT INTO public.storage VALUES (338, 'Doxb', 463, 'Ititfjaia,Rlyjfwc 188', '22:04:00', '09:06:00');
INSERT INTO public.storage VALUES (339, 'Sstaraf', 6625, 'Enhqwk,Gnfmq 35', '06:05:00', '13:56:00');
INSERT INTO public.storage VALUES (340, 'Axril', 2357, 'Gyswyhfwgt,Pmmt 9', '13:40:00', '02:39:00');
INSERT INTO public.storage VALUES (341, 'Pievwtema', 7107, 'Cdcdadk,Cllox 85', '08:50:00', '15:48:00');
INSERT INTO public.storage VALUES (342, 'Oikugafpa', 2553, 'Sgvtud,Vkju 190', '10:53:00', '21:28:00');
INSERT INTO public.storage VALUES (343, 'Nowwovy', 4700, 'Clonrx,Befg 26', '09:01:00', '07:18:00');
INSERT INTO public.storage VALUES (344, 'Ldxisdq', 4826, 'Qyatcfo,Xkqqa 154', '19:10:00', '12:58:00');
INSERT INTO public.storage VALUES (345, 'Vvutguv', 6028, 'Oyaxqvycgp,Ssbh 149', '20:04:00', '10:44:00');
INSERT INTO public.storage VALUES (346, 'Jpxlkw', 4302, 'Lwxdmchqkx,Fnqrsww 191', '16:54:00', '09:15:00');
INSERT INTO public.storage VALUES (347, 'Kubbaule', 7673, 'Ayphvmgx,Hftn 149', '01:41:00', '09:12:00');
INSERT INTO public.storage VALUES (348, 'Pnsr', 1194, 'Mgybrreip,Fujcx 8', '18:07:00', '08:13:00');
INSERT INTO public.storage VALUES (349, 'Gxrfjurm', 7803, 'Qnakbtliv,Iqno 59', '12:29:00', '20:48:00');
INSERT INTO public.storage VALUES (350, 'Cbxjeshyn', 8067, 'Mbyvtgb,Ijogj 182', '07:52:00', '22:42:00');
INSERT INTO public.storage VALUES (351, 'Bveou', 7576, 'Nlvjdwdpw,Ejrte 111', '13:50:00', '10:34:00');
INSERT INTO public.storage VALUES (352, 'Okiwfbt', 5935, 'Cxmqoqcrxx,Rsifb 53', '14:43:00', '00:31:00');
INSERT INTO public.storage VALUES (353, 'Tsyrlpybf', 398, 'Bbkkig,Tfcyicc 73', '22:10:00', '04:35:00');
INSERT INTO public.storage VALUES (354, 'Dglqpssor', 5049, 'Gqlmipef,Sqawokm 89', '11:20:00', '00:36:00');
INSERT INTO public.storage VALUES (355, 'Eadm', 159, 'Ysajdoga,Jcqwa 180', '14:54:00', '11:37:00');
INSERT INTO public.storage VALUES (356, 'Gniya', 3766, 'Cebiivqil,Umqbvn 139', '13:48:00', '08:49:00');
INSERT INTO public.storage VALUES (357, 'Nvttgu', 1155, 'Qwacvw,Ksvd 176', '04:54:00', '13:15:00');
INSERT INTO public.storage VALUES (358, 'Qifjqpdajo', 1538, 'Gkqoiskuv,Irrfqgx 188', '11:32:00', '08:53:00');
INSERT INTO public.storage VALUES (359, 'Wxcyhswt', 4106, 'Ivunqnue,Ehofk 160', '16:52:00', '00:23:00');
INSERT INTO public.storage VALUES (360, 'Ptaybxbdt', 8441, 'Mkqqlgc,Fdedp 183', '20:15:00', '08:56:00');
INSERT INTO public.storage VALUES (361, 'Mrikocag', 7890, 'Haopvkfk,Fkeu 102', '02:56:00', '11:37:00');
INSERT INTO public.storage VALUES (362, 'Biiaf', 3316, 'Rbyeouo,Pysoeoo 189', '08:24:00', '02:14:00');
INSERT INTO public.storage VALUES (363, 'Jhvvakxdam', 5400, 'Qniysenntk,Swod 101', '05:05:00', '10:58:00');
INSERT INTO public.storage VALUES (364, 'Wumknh', 5492, 'Jrvrniqrmc,Twwbj 68', '05:29:00', '16:28:00');
INSERT INTO public.storage VALUES (365, 'Omccci', 3750, 'Ybeafje,Ogjpmwj 145', '19:52:00', '04:37:00');
INSERT INTO public.storage VALUES (366, 'Qrhqhcf', 6962, 'Jlplxdpwjy,Atlyl 149', '12:12:00', '04:34:00');
INSERT INTO public.storage VALUES (367, 'Dbssbbsy', 7306, 'Rkedecp,Hnve 155', '11:35:00', '13:33:00');
INSERT INTO public.storage VALUES (368, 'Iqkcprk', 7336, 'Qcbeacdkjy,Liak 147', '02:04:00', '12:10:00');
INSERT INTO public.storage VALUES (369, 'Knxalouv', 1365, 'Tvwymun,Sgtdmbu 14', '02:12:00', '19:10:00');
INSERT INTO public.storage VALUES (370, 'Fvtosum', 6400, 'Xvvaxrgbgq,Uwuf 137', '13:13:00', '09:25:00');
INSERT INTO public.storage VALUES (371, 'Yyewc', 1187, 'Lggpwcu,Kbelyky 80', '20:51:00', '08:36:00');
INSERT INTO public.storage VALUES (372, 'Rwpjlx', 8205, 'Tqamrihq,Gbsnadb 110', '16:58:00', '08:52:00');
INSERT INTO public.storage VALUES (373, 'Jspluq', 404, 'Gqofglw,Eroop 92', '19:48:00', '05:07:00');
INSERT INTO public.storage VALUES (374, 'Eeguscdd', 5822, 'Vkhqekfwwg,Ahnkrv 81', '21:02:00', '17:01:00');
INSERT INTO public.storage VALUES (375, 'Hrmlsxmu', 958, 'Aycacvwsk,Cyaqu 143', '15:15:00', '15:00:00');
INSERT INTO public.storage VALUES (376, 'Llkqvv', 2078, 'Genomd,Vqget 190', '02:24:00', '20:47:00');
INSERT INTO public.storage VALUES (377, 'Xoqhuqbugr', 2742, 'Mghhhfw,Vrfbxxm 16', '16:23:00', '18:12:00');
INSERT INTO public.storage VALUES (378, 'Fgcjlfdsb', 7839, 'Wjckpdqgyb,Vkaq 76', '21:22:00', '20:37:00');
INSERT INTO public.storage VALUES (379, 'Huvsn', 9572, 'Uhqjpdcyh,Plgtiug 22', '10:55:00', '06:38:00');
INSERT INTO public.storage VALUES (380, 'Dgimn', 2636, 'Ruhdadh,Etbglpx 13', '05:53:00', '21:15:00');
INSERT INTO public.storage VALUES (381, 'Emdrvakvy', 7849, 'Qmnmpmn,Tvwxr 15', '20:44:00', '08:14:00');
INSERT INTO public.storage VALUES (382, 'Mpupo', 1402, 'Sijhxafhj,Nirehr 83', '16:49:00', '15:08:00');
INSERT INTO public.storage VALUES (383, 'Etfq', 5815, 'Qotmfvbre,Toqer 161', '04:57:00', '04:53:00');
INSERT INTO public.storage VALUES (384, 'Vcdjw', 759, 'Jncaubmgsl,Wypxsvc 52', '17:20:00', '08:13:00');
INSERT INTO public.storage VALUES (385, 'Gsbgq', 3689, 'Dtbjfts,Lhdc 122', '09:16:00', '17:48:00');
INSERT INTO public.storage VALUES (386, 'Vkicryoy', 7056, 'Vuqsdxj,Itfjgu 143', '06:18:00', '04:04:00');
INSERT INTO public.storage VALUES (387, 'Fdenwp', 9859, 'Cirudoenft,Crfc 154', '20:04:00', '12:23:00');
INSERT INTO public.storage VALUES (388, 'Apjy', 4229, 'Jfcyapju,Kxowjhw 193', '11:37:00', '18:58:00');
INSERT INTO public.storage VALUES (389, 'Tgxna', 4656, 'Seophyeu,Rtbgvr 137', '00:28:00', '03:54:00');
INSERT INTO public.storage VALUES (390, 'Uvopvs', 3564, 'Xiwupk,Puqwvql 114', '06:16:00', '13:25:00');
INSERT INTO public.storage VALUES (391, 'Xgeynexutk', 6415, 'Mbgupxj,Dvha 126', '19:15:00', '02:35:00');
INSERT INTO public.storage VALUES (392, 'Lyracpdvjv', 2286, 'Wyoqjmxlwg,Djoxgq 78', '10:49:00', '08:16:00');
INSERT INTO public.storage VALUES (393, 'Ibgb', 8991, 'Fnlogsfit,Sfsh 140', '02:22:00', '22:04:00');
INSERT INTO public.storage VALUES (394, 'Ywcjiaamq', 6133, 'Dsumjyxo,Dcstjpl 145', '06:04:00', '10:06:00');
INSERT INTO public.storage VALUES (395, 'Rkoxshfsw', 827, 'Xbopukkyp,Gvaovej 33', '21:11:00', '12:07:00');
INSERT INTO public.storage VALUES (396, 'Ktjn', 6154, 'Vvrtis,Xbra 24', '14:45:00', '13:03:00');
INSERT INTO public.storage VALUES (397, 'Ehobbhlfb', 1374, 'Jfaapvuiyh,Exnel 111', '20:10:00', '22:42:00');
INSERT INTO public.storage VALUES (398, 'Bxnfrrlry', 4345, 'Jqckbmema,Bhksd 77', '08:07:00', '16:56:00');
INSERT INTO public.storage VALUES (399, 'Qghrc', 183, 'Pvmbkipuph,Ygndq 110', '17:57:00', '06:37:00');
INSERT INTO public.storage VALUES (400, 'Sylv', 4497, 'Lmgihci,Hamkfaa 194', '17:43:00', '17:40:00');
INSERT INTO public.storage VALUES (401, 'Wdshu', 8749, 'Ajlmjekmhp,Jsja 20', '15:23:00', '13:34:00');
INSERT INTO public.storage VALUES (402, 'Roig', 7069, 'Dsfodfwbj,Rwyn 8', '01:49:00', '17:13:00');
INSERT INTO public.storage VALUES (403, 'Vxevsefoe', 3233, 'Sogrka,Rmlsv 54', '00:30:00', '10:40:00');
INSERT INTO public.storage VALUES (404, 'Ovvep', 6560, 'Bvhmoitvp,Hngh 163', '02:30:00', '17:32:00');
INSERT INTO public.storage VALUES (405, 'Csdoub', 2889, 'Qtnxpjdyxs,Oxken 139', '02:55:00', '22:13:00');
INSERT INTO public.storage VALUES (406, 'Ebjfbhemoy', 2835, 'Gwjfspi,Ifnkygi 184', '18:53:00', '20:49:00');
INSERT INTO public.storage VALUES (407, 'Fwnajlb', 416, 'Vautqscat,Whvisrl 93', '17:23:00', '21:24:00');
INSERT INTO public.storage VALUES (408, 'Dgnqxdp', 1934, 'Atxjstdrct,Nrqpx 169', '15:39:00', '10:44:00');
INSERT INTO public.storage VALUES (409, 'Ktifeci', 5893, 'Aagrvqqqqa,Jwncis 170', '11:44:00', '02:35:00');
INSERT INTO public.storage VALUES (410, 'Ytxuklkfmr', 4756, 'Umpgudud,Urfeyj 13', '14:42:00', '17:44:00');
INSERT INTO public.storage VALUES (411, 'Cgppu', 8224, 'Hfgcgyo,Uufvhf 171', '22:05:00', '09:15:00');
INSERT INTO public.storage VALUES (412, 'Rfbrxx', 4455, 'Cvqqks,Mfreo 77', '03:18:00', '15:38:00');
INSERT INTO public.storage VALUES (413, 'Jsoru', 5589, 'Yjqcwtn,Ouxsx 17', '17:52:00', '03:52:00');
INSERT INTO public.storage VALUES (414, 'Pflkr', 4032, 'Qowpwmsssd,Ksqx 76', '09:21:00', '14:25:00');
INSERT INTO public.storage VALUES (415, 'Vxuy', 4738, 'Xdlkvmctk,Vbginco 137', '14:44:00', '01:17:00');
INSERT INTO public.storage VALUES (416, 'Egkvrmsei', 2923, 'Qanrurflua,Bgxrtxn 60', '01:39:00', '06:38:00');
INSERT INTO public.storage VALUES (417, 'Oghrb', 2546, 'Csfepeorwh,Dgsh 48', '03:00:00', '07:42:00');
INSERT INTO public.storage VALUES (418, 'Dttcitip', 396, 'Tsjtmr,Bpkefhu 188', '09:25:00', '15:52:00');
INSERT INTO public.storage VALUES (419, 'Tukuh', 9448, 'Frgeivmx,Cipfab 182', '21:42:00', '12:19:00');
INSERT INTO public.storage VALUES (420, 'Fwiuv', 8979, 'Emqgbhjk,Vthlxnu 67', '01:34:00', '03:21:00');
INSERT INTO public.storage VALUES (421, 'Ahugiqeeo', 1346, 'Qcrupcehd,Ytpfmj 95', '04:54:00', '11:49:00');
INSERT INTO public.storage VALUES (422, 'Cfmwa', 6270, 'Vppkaymmx,Vnqd 114', '06:05:00', '04:17:00');
INSERT INTO public.storage VALUES (423, 'Vbofxyof', 396, 'Utfhuvdo,Bbosy 189', '05:32:00', '09:17:00');
INSERT INTO public.storage VALUES (424, 'Vevfqxbt', 6344, 'Mfutmgcipe,Pprue 163', '17:07:00', '09:06:00');
INSERT INTO public.storage VALUES (425, 'Fltbm', 8932, 'Tybfbdwh,Pknyyk 23', '09:05:00', '21:32:00');
INSERT INTO public.storage VALUES (426, 'Coqmgo', 7771, 'Vmmnryq,Fbylb 75', '10:42:00', '04:07:00');
INSERT INTO public.storage VALUES (427, 'Qhiswri', 5490, 'Viydecpe,Idjiij 20', '13:05:00', '08:31:00');
INSERT INTO public.storage VALUES (428, 'Fkem', 7852, 'Ftkdwdxovc,Cwgwcoo 187', '09:57:00', '12:09:00');
INSERT INTO public.storage VALUES (429, 'Icvejivp', 5473, 'Itebwxa,Harysss 98', '18:49:00', '19:05:00');
INSERT INTO public.storage VALUES (430, 'Xkll', 602, 'Bitcbvf,Dgag 92', '16:58:00', '01:25:00');
INSERT INTO public.storage VALUES (431, 'Ahhwplrhts', 8482, 'Ojtjvvi,Ggigxo 49', '05:06:00', '03:44:00');
INSERT INTO public.storage VALUES (432, 'Tujxvut', 5974, 'Rxfruc,Crtxtb 70', '00:04:00', '22:44:00');
INSERT INTO public.storage VALUES (433, 'Firuinomog', 5463, 'Cxgtceebr,Jqjoae 147', '19:21:00', '18:58:00');
INSERT INTO public.storage VALUES (434, 'Frxhlvbkxd', 4436, 'Gowqpxukl,Aparbyy 69', '21:19:00', '02:22:00');
INSERT INTO public.storage VALUES (435, 'Imbwp', 5421, 'Wylcdmvup,Dwhle 104', '02:51:00', '14:20:00');
INSERT INTO public.storage VALUES (436, 'Whkf', 2043, 'Uuqtixe,Apmhkc 65', '16:48:00', '06:51:00');
INSERT INTO public.storage VALUES (437, 'Gemx', 3748, 'Yuordnaa,Sgwqbat 35', '07:56:00', '01:57:00');
INSERT INTO public.storage VALUES (438, 'Blqtpupfc', 5436, 'Ksbpquds,Qesfn 15', '10:11:00', '12:47:00');
INSERT INTO public.storage VALUES (439, 'Gcvwaacaxd', 3363, 'Xjjyxx,Sxfss 136', '22:05:00', '10:40:00');
INSERT INTO public.storage VALUES (440, 'Lwgu', 2679, 'Oddehe,Qtlb 146', '14:18:00', '04:06:00');
INSERT INTO public.storage VALUES (441, 'Sqetigx', 899, 'Wienmgga,Qbmcmq 115', '18:49:00', '19:51:00');
INSERT INTO public.storage VALUES (442, 'Fwvp', 8230, 'Dvblvugkp,Staf 111', '21:15:00', '14:11:00');
INSERT INTO public.storage VALUES (443, 'Yasgfowuu', 1553, 'Wenmoxm,Xibjph 166', '04:32:00', '16:48:00');
INSERT INTO public.storage VALUES (444, 'Jtree', 8377, 'Cionpvxohr,Ffsb 43', '02:56:00', '01:43:00');
INSERT INTO public.storage VALUES (445, 'Ewrlqekm', 9746, 'Hypfwmnca,Ogvx 198', '00:18:00', '19:31:00');
INSERT INTO public.storage VALUES (446, 'Hsanjra', 8104, 'Omheda,Ducq 73', '00:53:00', '05:22:00');
INSERT INTO public.storage VALUES (447, 'Yyguai', 4742, 'Oimedc,Ottx 56', '16:10:00', '17:01:00');
INSERT INTO public.storage VALUES (448, 'Nxqpqf', 1556, 'Ndftvhew,Kndov 156', '14:18:00', '21:23:00');
INSERT INTO public.storage VALUES (449, 'Yjrowdb', 7417, 'Yxsnfnqq,Tyswu 195', '03:47:00', '11:56:00');
INSERT INTO public.storage VALUES (450, 'Cnrd', 9534, 'Vgckkb,Hopho 186', '22:51:00', '09:19:00');
INSERT INTO public.storage VALUES (451, 'Yqpu', 7075, 'Tgjmrle,Xcxop 136', '03:03:00', '22:04:00');
INSERT INTO public.storage VALUES (452, 'Uelwvn', 3862, 'Iusprbvjtp,Xodtti 65', '17:08:00', '01:39:00');
INSERT INTO public.storage VALUES (453, 'Mjvi', 3975, 'Xrgmgng,Bpuq 49', '21:15:00', '13:01:00');
INSERT INTO public.storage VALUES (454, 'Nxhjludfw', 8469, 'Cubtwi,Wwysh 167', '08:31:00', '13:29:00');
INSERT INTO public.storage VALUES (455, 'Esruekno', 5082, 'Pjggyls,Wvnlpd 155', '06:43:00', '19:33:00');
INSERT INTO public.storage VALUES (456, 'Bdobsjts', 9899, 'Hxeikl,Dkaxrue 149', '02:07:00', '16:45:00');
INSERT INTO public.storage VALUES (457, 'Elgcicvx', 127, 'Jcthls,Urdfjf 118', '00:33:00', '05:38:00');
INSERT INTO public.storage VALUES (458, 'Furgplnwfb', 9778, 'Rxyshklk,Fekg 140', '21:24:00', '07:10:00');
INSERT INTO public.storage VALUES (459, 'Tgiqn', 7127, 'Hkypurn,Mhmm 97', '09:09:00', '22:58:00');
INSERT INTO public.storage VALUES (460, 'Uhktjkela', 9351, 'Npaotoj,Oulx 106', '02:22:00', '17:47:00');
INSERT INTO public.storage VALUES (461, 'Epuftyefh', 5759, 'Wlemrim,Prcf 159', '12:44:00', '03:38:00');
INSERT INTO public.storage VALUES (462, 'Psykeelblx', 6901, 'Nwbcwngpnp,Mxqcpa 14', '02:25:00', '16:10:00');
INSERT INTO public.storage VALUES (463, 'Xsudv', 5735, 'Ulimuac,Wxwfmqg 87', '04:54:00', '11:06:00');
INSERT INTO public.storage VALUES (464, 'Dfxs', 6830, 'Evysbot,Hkdcxl 57', '19:37:00', '08:21:00');
INSERT INTO public.storage VALUES (465, 'Kgdmdvyay', 6481, 'Suyiebbkg,Gilt 68', '08:32:00', '17:18:00');
INSERT INTO public.storage VALUES (466, 'Iggstb', 5528, 'Fbmvrxkqy,Lxdud 135', '04:57:00', '08:27:00');
INSERT INTO public.storage VALUES (467, 'Ximrrluej', 2571, 'Gjuiso,Pjxicmp 154', '17:13:00', '19:12:00');
INSERT INTO public.storage VALUES (468, 'Skjyytdg', 1256, 'Btoeqd,Euwfeti 118', '13:48:00', '01:56:00');
INSERT INTO public.storage VALUES (469, 'Xjywno', 631, 'Cfsrmhfino,Cgsvvw 114', '03:33:00', '01:40:00');
INSERT INTO public.storage VALUES (470, 'Efetlid', 6844, 'Wwhccsfjp,Rgpvh 184', '10:02:00', '03:21:00');
INSERT INTO public.storage VALUES (471, 'Akkw', 4530, 'Nhltkiyb,Dsyss 68', '03:21:00', '19:42:00');
INSERT INTO public.storage VALUES (472, 'Alxifb', 604, 'Ediafank,Aqacni 152', '16:01:00', '11:43:00');
INSERT INTO public.storage VALUES (473, 'Vipp', 7816, 'Uyrarawfh,Jisw 97', '21:28:00', '19:15:00');
INSERT INTO public.storage VALUES (474, 'Dmeyyvk', 9874, 'Mdkfyx,Ysli 9', '15:33:00', '01:50:00');
INSERT INTO public.storage VALUES (475, 'Ddcgtxfne', 8239, 'Xutxqmlmn,Depv 59', '17:34:00', '22:40:00');
INSERT INTO public.storage VALUES (476, 'Sdwywdhlve', 2615, 'Kkajykpy,Mfebkls 97', '09:02:00', '14:48:00');
INSERT INTO public.storage VALUES (477, 'Isstltf', 3671, 'Uwiyuavgd,Dpaacsm 81', '04:55:00', '22:42:00');
INSERT INTO public.storage VALUES (478, 'Dxkqu', 714, 'Tjwudcai,Dvbuxmy 29', '04:41:00', '13:46:00');
INSERT INTO public.storage VALUES (479, 'Hdnapxgyk', 1733, 'Ooupotfk,Fpfycm 84', '03:55:00', '16:50:00');
INSERT INTO public.storage VALUES (480, 'Fvbeb', 7914, 'Xkhbnxkrm,Ucnjsw 7', '08:06:00', '16:34:00');
INSERT INTO public.storage VALUES (481, 'Yrmn', 3879, 'Sklwin,Uayvqy 194', '16:04:00', '01:06:00');
INSERT INTO public.storage VALUES (482, 'Drnb', 2720, 'Dyicafcgvp,Cvvvsh 21', '12:40:00', '16:50:00');
INSERT INTO public.storage VALUES (483, 'Irbte', 3065, 'Jnwoiyn,Jidcn 187', '07:53:00', '05:32:00');
INSERT INTO public.storage VALUES (484, 'Hdrd', 2813, 'Rcfcty,Nxpf 66', '04:37:00', '17:33:00');
INSERT INTO public.storage VALUES (485, 'Vrtdwocjrw', 8487, 'Nibhvimfrt,Noslp 133', '09:56:00', '14:07:00');
INSERT INTO public.storage VALUES (486, 'Vwwsfyl', 8019, 'Ovafegajvp,Hymxxx 101', '15:36:00', '11:29:00');
INSERT INTO public.storage VALUES (487, 'Ncdqonamak', 786, 'Rcrbghvike,Ifftna 48', '00:45:00', '13:19:00');
INSERT INTO public.storage VALUES (488, 'Nohbp', 8027, 'Fpnahaimd,Nsiku 150', '00:34:00', '20:20:00');
INSERT INTO public.storage VALUES (489, 'Hrmo', 7254, 'Hnbrlrvxwn,Gkewjvo 90', '17:14:00', '08:03:00');
INSERT INTO public.storage VALUES (490, 'Iobvmefy', 958, 'Fvpbwgvavb,Gdco 99', '08:19:00', '09:41:00');
INSERT INTO public.storage VALUES (491, 'Xljee', 4282, 'Voaprljae,Joab 117', '05:42:00', '09:02:00');
INSERT INTO public.storage VALUES (492, 'Afsq', 9745, 'Qmfqibiw,Aqadh 16', '20:17:00', '16:31:00');
INSERT INTO public.storage VALUES (493, 'Pdfvhtgxf', 5406, 'Dqetyo,Mdwg 195', '09:34:00', '01:47:00');
INSERT INTO public.storage VALUES (494, 'Ybftuaf', 2912, 'Qhkvwdicd,Dnstpbp 93', '13:36:00', '09:35:00');
INSERT INTO public.storage VALUES (495, 'Yknnvu', 8701, 'Wnlibarrla,Orboke 199', '04:24:00', '02:37:00');
INSERT INTO public.storage VALUES (496, 'Olitvtbm', 9789, 'Lmvkavmojt,Murtx 48', '19:53:00', '12:45:00');
INSERT INTO public.storage VALUES (497, 'Qbfs', 5108, 'Cnytnfkqwk,Etayk 156', '09:44:00', '19:36:00');
INSERT INTO public.storage VALUES (498, 'Lvva', 5815, 'Tlnrkhxov,Lvelf 161', '21:00:00', '07:24:00');
INSERT INTO public.storage VALUES (499, 'Emvkbkktna', 6911, 'Attbbiqued,Tltdln 50', '16:44:00', '19:51:00');
INSERT INTO public.storage VALUES (500, 'Nsbcdxv', 2685, 'Vbhomdfdm,Lpxjwf 125', '22:13:00', '15:22:00');
INSERT INTO public.storage VALUES (501, 'Nvpxsd', 6220, 'Tqovlijc,Mxjnm 191', '03:36:00', '13:52:00');
INSERT INTO public.storage VALUES (502, 'Mqcaqh', 8478, 'Fbqrawm,Eyoal 16', '06:05:00', '16:09:00');
INSERT INTO public.storage VALUES (503, 'Ducfaiv', 7163, 'Mbgojeokpq,Tlwpjq 38', '01:01:00', '21:33:00');
INSERT INTO public.storage VALUES (504, 'Bndedyeg', 4699, 'Hnnrgllw,Psod 68', '22:39:00', '04:23:00');
INSERT INTO public.storage VALUES (505, 'Dbnxo', 4269, 'Hqdvupmm,Gfgjmgv 125', '14:36:00', '22:27:00');
INSERT INTO public.storage VALUES (506, 'Vqeuhinq', 8814, 'Kulelgwb,Ohnoi 174', '16:19:00', '20:34:00');
INSERT INTO public.storage VALUES (507, 'Nljdstq', 4776, 'Nrownty,Ywkp 149', '10:36:00', '03:47:00');
INSERT INTO public.storage VALUES (508, 'Wgxlsdvfyk', 2953, 'Qacomgow,Snwdxo 189', '21:57:00', '20:22:00');
INSERT INTO public.storage VALUES (509, 'Rvuah', 6354, 'Gokdfm,Qyvq 139', '03:31:00', '02:57:00');
INSERT INTO public.storage VALUES (510, 'Mmvae', 8670, 'Cpikakynrd,Idtww 8', '20:55:00', '17:24:00');
INSERT INTO public.storage VALUES (511, 'Sudno', 3848, 'Sjqdvispq,Rciqhsy 106', '07:18:00', '13:02:00');
INSERT INTO public.storage VALUES (512, 'Tvjqw', 6906, 'Ropmdwgd,Jiimvex 67', '11:04:00', '11:22:00');
INSERT INTO public.storage VALUES (513, 'Tboyoij', 6580, 'Mkerklvwy,Ryfujc 192', '00:11:00', '22:01:00');
INSERT INTO public.storage VALUES (514, 'Aoiobd', 8468, 'Wwwnnhrdey,Cliiam 87', '17:29:00', '21:50:00');
INSERT INTO public.storage VALUES (515, 'Lgcv', 2679, 'Qebechx,Dsgsisx 26', '09:06:00', '17:45:00');
INSERT INTO public.storage VALUES (516, 'Ccjhfncm', 4302, 'Dfogmellq,Nkkfxe 133', '13:00:00', '11:05:00');
INSERT INTO public.storage VALUES (517, 'Mdtf', 5135, 'Ieefaa,Kuqxxld 157', '14:41:00', '07:38:00');
INSERT INTO public.storage VALUES (518, 'Vyrpui', 1279, 'Ludyxw,Owkg 152', '21:09:00', '02:27:00');
INSERT INTO public.storage VALUES (519, 'Qmrm', 2592, 'Inofqfa,Ofis 35', '07:53:00', '05:01:00');
INSERT INTO public.storage VALUES (520, 'Rgdshy', 7372, 'Mudbbiod,Fjnk 81', '09:24:00', '03:25:00');
INSERT INTO public.storage VALUES (521, 'Cyxvhxf', 146, 'Ylyvghmobn,Bixj 177', '07:56:00', '10:36:00');
INSERT INTO public.storage VALUES (522, 'Fkolt', 3333, 'Rcqsiikjjx,Frlpkg 10', '09:19:00', '08:00:00');
INSERT INTO public.storage VALUES (523, 'Oyggknu', 5123, 'Iqqfjjo,Yoicq 106', '06:42:00', '00:39:00');
INSERT INTO public.storage VALUES (524, 'Urfv', 9372, 'Jhaeurr,Rmsla 137', '03:40:00', '02:19:00');
INSERT INTO public.storage VALUES (525, 'Hawvqrivtd', 8257, 'Xegshpaj,Cork 109', '14:48:00', '10:26:00');
INSERT INTO public.storage VALUES (526, 'Gpxyitq', 3921, 'Bjndrb,Ciyliic 129', '08:12:00', '15:26:00');
INSERT INTO public.storage VALUES (527, 'Jgqbb', 3299, 'Urfkxpbmq,Hvtair 83', '17:37:00', '15:42:00');
INSERT INTO public.storage VALUES (528, 'Uqis', 4900, 'Peivwegpmh,Auvckg 70', '03:09:00', '22:07:00');
INSERT INTO public.storage VALUES (529, 'Mdpfilpo', 8171, 'Ifkjhxkv,Caauva 14', '20:00:00', '15:44:00');
INSERT INTO public.storage VALUES (530, 'Nxdboygt', 2516, 'Fpjcvcghmg,Yqgsk 150', '04:01:00', '01:28:00');
INSERT INTO public.storage VALUES (531, 'Xpnfqjx', 5440, 'Elciuw,Npdg 86', '22:00:00', '13:15:00');
INSERT INTO public.storage VALUES (532, 'Nsjhms', 3763, 'Ifuadiis,Kqbvpgt 19', '15:42:00', '10:46:00');
INSERT INTO public.storage VALUES (533, 'Snvurxehtv', 4643, 'Kpwcqone,Tmapnu 149', '15:41:00', '12:01:00');
INSERT INTO public.storage VALUES (534, 'Tsgjhiy', 6832, 'Mptmxwds,Acwyayv 152', '00:20:00', '22:11:00');
INSERT INTO public.storage VALUES (535, 'Xelmyhr', 9820, 'Ainhwdp,Jcaxbwd 12', '21:25:00', '12:30:00');
INSERT INTO public.storage VALUES (536, 'Ofqeddwyn', 6367, 'Ayseotcq,Jxfkxy 86', '03:54:00', '00:51:00');
INSERT INTO public.storage VALUES (537, 'Airtn', 8771, 'Gewrwmc,Dxqs 123', '16:01:00', '19:51:00');
INSERT INTO public.storage VALUES (538, 'Fxicqy', 6932, 'Crwdfri,Fgxdsnu 193', '21:50:00', '01:46:00');
INSERT INTO public.storage VALUES (539, 'Jvtft', 1641, 'Ihbjyxgblm,Eddavrd 191', '09:47:00', '19:35:00');
INSERT INTO public.storage VALUES (540, 'Uqsrsddvfe', 6475, 'Hqrjit,Skjrsjc 184', '12:54:00', '14:56:00');
INSERT INTO public.storage VALUES (541, 'Sjwch', 8930, 'Xjndod,Lpswv 11', '10:33:00', '09:52:00');
INSERT INTO public.storage VALUES (542, 'Beffof', 5129, 'Wuucfvcu,Vvrjb 42', '15:01:00', '12:12:00');
INSERT INTO public.storage VALUES (543, 'Vbfnbefx', 2165, 'Tsjassfn,Dvdhuln 184', '22:00:00', '12:45:00');
INSERT INTO public.storage VALUES (544, 'Ceyt', 7740, 'Mliowdb,Qxksbpg 92', '10:32:00', '20:27:00');
INSERT INTO public.storage VALUES (545, 'Fkbuam', 667, 'Phqgmrpkq,Cigovhj 63', '20:31:00', '04:01:00');
INSERT INTO public.storage VALUES (546, 'Gptennlwov', 2381, 'Puytnuuc,Gsyg 15', '21:47:00', '01:43:00');
INSERT INTO public.storage VALUES (547, 'Mkeq', 6839, 'Wqcmfxvqu,Uobjbl 111', '03:38:00', '13:01:00');
INSERT INTO public.storage VALUES (548, 'Ntlseuijp', 2439, 'Eunrugditj,Vlijtyu 125', '06:47:00', '14:21:00');
INSERT INTO public.storage VALUES (549, 'Rypdml', 5976, 'Yyfemk,Llrrdqu 71', '15:34:00', '08:39:00');
INSERT INTO public.storage VALUES (550, 'Yfoyuw', 3750, 'Fmyjwfl,Qyokig 86', '14:33:00', '16:05:00');
INSERT INTO public.storage VALUES (551, 'Awsxvyp', 7976, 'Ifeoymx,Bqblabl 128', '12:31:00', '06:41:00');
INSERT INTO public.storage VALUES (552, 'Vgadmj', 3668, 'Jcwitrg,Aqxlh 174', '10:47:00', '18:45:00');
INSERT INTO public.storage VALUES (553, 'Nnqnuj', 2412, 'Hpicghp,Fvxuq 44', '19:14:00', '09:50:00');
INSERT INTO public.storage VALUES (554, 'Yicfvn', 5916, 'Tvxtykm,Jlvhnxl 103', '20:51:00', '11:26:00');
INSERT INTO public.storage VALUES (555, 'Qpwjc', 4976, 'Htjowchnhw,Ynml 150', '01:31:00', '18:27:00');
INSERT INTO public.storage VALUES (556, 'Aphegmn', 5077, 'Kstyfgcukc,Odntb 43', '02:35:00', '03:03:00');
INSERT INTO public.storage VALUES (557, 'Lagokn', 694, 'Ymtvoyeq,Wjjemae 71', '10:35:00', '17:16:00');
INSERT INTO public.storage VALUES (558, 'Yxpkbtei', 7136, 'Leqkcduj,Bfxh 64', '22:11:00', '14:05:00');
INSERT INTO public.storage VALUES (559, 'Ggac', 6282, 'Vveedaobhv,Xnvhipy 106', '20:54:00', '01:21:00');
INSERT INTO public.storage VALUES (560, 'Ivtbo', 712, 'Lypxjbfhe,Uejg 97', '21:20:00', '07:23:00');
INSERT INTO public.storage VALUES (561, 'Lnel', 6462, 'Tqmrhdryhh,Yskorc 122', '12:39:00', '19:37:00');
INSERT INTO public.storage VALUES (562, 'Fxwjd', 3117, 'Utlyhsclq,Qnrbu 102', '02:52:00', '15:11:00');
INSERT INTO public.storage VALUES (563, 'Dvtnegtx', 1318, 'Nbhlahs,Qymn 107', '06:03:00', '12:46:00');
INSERT INTO public.storage VALUES (564, 'Xetgkwt', 9329, 'Wfhhxcxl,Kaqmc 30', '00:09:00', '18:08:00');
INSERT INTO public.storage VALUES (565, 'Muwnmei', 7214, 'Iapdhyl,Ywppfw 188', '21:07:00', '09:47:00');
INSERT INTO public.storage VALUES (566, 'Olaxqqwom', 7500, 'Ywkslpmkj,Khljacl 159', '21:25:00', '01:00:00');
INSERT INTO public.storage VALUES (567, 'Mocaxaphf', 8364, 'Hpgrath,Nchnqq 5', '18:32:00', '15:48:00');
INSERT INTO public.storage VALUES (568, 'Ejqcr', 1301, 'Kkqqge,Gpajec 8', '16:26:00', '13:24:00');
INSERT INTO public.storage VALUES (569, 'Yvgrw', 6388, 'Vnswygey,Vxiq 6', '21:24:00', '00:24:00');
INSERT INTO public.storage VALUES (570, 'Igtxjlh', 6962, 'Nmknidrd,Rlgc 164', '01:23:00', '12:41:00');
INSERT INTO public.storage VALUES (571, 'Sxqlhgvix', 6012, 'Iepgdrqem,Ijhiqmd 20', '15:50:00', '12:30:00');
INSERT INTO public.storage VALUES (572, 'Slan', 5479, 'Bottjvyt,Wqncmq 195', '12:40:00', '19:25:00');
INSERT INTO public.storage VALUES (573, 'Wsedi', 6242, 'Klqprp,Roimp 87', '17:02:00', '13:36:00');
INSERT INTO public.storage VALUES (574, 'Tyfxvegl', 8311, 'Gcwcxy,Idoa 123', '09:31:00', '19:00:00');
INSERT INTO public.storage VALUES (575, 'Sknkjnwfl', 1912, 'Qaovyqhrun,Lbgf 96', '08:37:00', '04:49:00');
INSERT INTO public.storage VALUES (576, 'Yyhobawnun', 3732, 'Cojbvffngn,Kdis 48', '14:10:00', '08:34:00');
INSERT INTO public.storage VALUES (577, 'Rsbwxk', 7827, 'Elmlnkkax,Hyfpcnb 166', '04:29:00', '22:07:00');
INSERT INTO public.storage VALUES (578, 'Ewpoq', 161, 'Ikkodkhm,Bnyxps 115', '15:27:00', '19:01:00');
INSERT INTO public.storage VALUES (579, 'Yfehnmr', 2115, 'Frhytkxrye,Equpele 102', '12:09:00', '05:33:00');
INSERT INTO public.storage VALUES (580, 'Ynikkqtqx', 646, 'Mwplhbcm,Txwslxp 140', '12:11:00', '10:16:00');
INSERT INTO public.storage VALUES (581, 'Hlcccp', 5256, 'Hhhyrfsbj,Bpwyl 128', '02:10:00', '00:33:00');
INSERT INTO public.storage VALUES (582, 'Ftjba', 5700, 'Rftkobtxgb,Rpift 106', '07:10:00', '12:04:00');
INSERT INTO public.storage VALUES (583, 'Hxhcy', 6162, 'Iaucjsbs,Qnal 3', '19:57:00', '04:45:00');
INSERT INTO public.storage VALUES (584, 'Dbqikkab', 1173, 'Qxuokifiet,Qfuyxxo 109', '03:32:00', '06:37:00');
INSERT INTO public.storage VALUES (585, 'Jpriwvvww', 6837, 'Mghiukl,Cgkem 77', '02:10:00', '10:46:00');
INSERT INTO public.storage VALUES (586, 'Fyjtqmvdw', 5298, 'Hrwqfmhofb,Nhnmt 9', '16:18:00', '16:43:00');
INSERT INTO public.storage VALUES (587, 'Hkeytsbhu', 6021, 'Spgjcvarg,Xngrkvc 114', '09:09:00', '10:28:00');
INSERT INTO public.storage VALUES (588, 'Yopo', 4931, 'Xjajdbp,Reqbtt 166', '07:22:00', '06:56:00');
INSERT INTO public.storage VALUES (589, 'Ncciyoj', 9851, 'Ewakfvpcdq,Ykafw 140', '02:20:00', '00:21:00');
INSERT INTO public.storage VALUES (590, 'Kxoio', 3787, 'Qyjodjwtg,Bmommhm 77', '04:22:00', '08:23:00');
INSERT INTO public.storage VALUES (591, 'Ymgouw', 7870, 'Tinbbblsch,Crrps 178', '16:37:00', '09:53:00');
INSERT INTO public.storage VALUES (592, 'Rwjtc', 4830, 'Xanpowhjx,Vxmiko 30', '22:55:00', '03:21:00');
INSERT INTO public.storage VALUES (593, 'Hkhtpwha', 9869, 'Nvoheuleu,Mfywhho 30', '22:08:00', '19:19:00');
INSERT INTO public.storage VALUES (594, 'Owrvmr', 3487, 'Yxiddlw,Bjqwedk 32', '15:36:00', '04:57:00');
INSERT INTO public.storage VALUES (595, 'Nsmu', 3113, 'Attpgjj,Vkjivi 180', '02:42:00', '06:39:00');
INSERT INTO public.storage VALUES (596, 'Slcnocx', 1445, 'Enjedyexte,Moql 83', '13:56:00', '00:31:00');
INSERT INTO public.storage VALUES (597, 'Qjdm', 730, 'Vtyxukfit,Mqtra 76', '03:16:00', '08:34:00');
INSERT INTO public.storage VALUES (598, 'Hlwruu', 4177, 'Inxnjildq,Cjglj 79', '03:05:00', '10:36:00');
INSERT INTO public.storage VALUES (599, 'Tvmmytrt', 5282, 'Hlgsjdhtsy,Bvoxt 151', '01:26:00', '12:21:00');
INSERT INTO public.storage VALUES (600, 'Ofeteici', 3839, 'Jktnsb,Vnkl 180', '07:42:00', '20:44:00');
INSERT INTO public.storage VALUES (601, 'Ffdule', 2840, 'Vgjkip,Faty 83', '22:32:00', '17:22:00');
INSERT INTO public.storage VALUES (602, 'Hjfxept', 894, 'Hjpenta,Ilkl 40', '08:21:00', '03:21:00');
INSERT INTO public.storage VALUES (603, 'Wwxevitel', 936, 'Cwkyol,Vbtuw 77', '18:47:00', '11:20:00');
INSERT INTO public.storage VALUES (604, 'Radivexj', 6809, 'Ybtsxc,Ugxshk 77', '07:03:00', '22:09:00');
INSERT INTO public.storage VALUES (605, 'Ceiqhbvn', 7385, 'Lrynsjt,Bgqgxci 154', '22:16:00', '11:56:00');
INSERT INTO public.storage VALUES (606, 'Fchl', 6711, 'Bybbcmmbn,Plvdl 90', '20:22:00', '05:33:00');
INSERT INTO public.storage VALUES (607, 'Atwlha', 6810, 'Vgqkjkgjxh,Qduyc 53', '09:20:00', '09:33:00');
INSERT INTO public.storage VALUES (608, 'Accv', 1934, 'Ohyowq,Epuvko 64', '18:23:00', '10:06:00');
INSERT INTO public.storage VALUES (609, 'Hrfse', 213, 'Kujgwtqbwb,Liuhsls 70', '07:21:00', '13:55:00');
INSERT INTO public.storage VALUES (610, 'Njplfuei', 4478, 'Gntobijqt,Krnwjt 7', '13:50:00', '11:39:00');
INSERT INTO public.storage VALUES (611, 'Obbi', 9543, 'Knoymqyo,Bostvli 112', '14:27:00', '14:36:00');
INSERT INTO public.storage VALUES (612, 'Vbbyoynej', 8148, 'Ifugmgt,Gybgwfv 190', '03:14:00', '13:00:00');
INSERT INTO public.storage VALUES (613, 'Afjjbhfmuj', 6000, 'Fdfrfia,Rdufxcc 107', '19:49:00', '13:25:00');
INSERT INTO public.storage VALUES (614, 'Lfes', 9439, 'Pycteccr,Gurf 4', '00:05:00', '05:01:00');
INSERT INTO public.storage VALUES (615, 'Rhhrdlbf', 7722, 'Tvgdtqpryk,Hjvt 107', '03:20:00', '10:45:00');
INSERT INTO public.storage VALUES (616, 'Cpyfrpgaxn', 3451, 'Pxeorsdagx,Wobx 122', '22:50:00', '04:48:00');
INSERT INTO public.storage VALUES (617, 'Uteeukpii', 7123, 'Byflkx,Puqsd 126', '07:00:00', '15:13:00');
INSERT INTO public.storage VALUES (618, 'Iyuw', 1703, 'Lrenynje,Wodhti 2', '13:48:00', '12:07:00');
INSERT INTO public.storage VALUES (619, 'Prsnicto', 3240, 'Hctpjsfd,Btfpmyu 11', '11:43:00', '19:23:00');
INSERT INTO public.storage VALUES (620, 'Ainfhacel', 5643, 'Gusrdnm,Vmwttp 124', '13:14:00', '03:55:00');
INSERT INTO public.storage VALUES (621, 'Ofnwqf', 8620, 'Xpgpqrgymn,Iamknf 188', '09:17:00', '01:33:00');
INSERT INTO public.storage VALUES (622, 'Boyabtg', 4564, 'Kvcwuop,Kclk 12', '16:35:00', '07:54:00');
INSERT INTO public.storage VALUES (623, 'Pumbkytpe', 3958, 'Uqhtnkg,Yymyx 104', '06:38:00', '07:37:00');
INSERT INTO public.storage VALUES (624, 'Biaasnij', 5834, 'Oicgcr,Shchd 86', '13:37:00', '12:37:00');
INSERT INTO public.storage VALUES (625, 'Wgjterqoea', 9828, 'Kiumsytt,Alnar 152', '03:56:00', '21:41:00');
INSERT INTO public.storage VALUES (626, 'Ocyrefxv', 5408, 'Kgetifua,Mgunmck 106', '18:43:00', '04:54:00');
INSERT INTO public.storage VALUES (627, 'Jrskaji', 958, 'Lephkrtx,Imle 159', '17:34:00', '10:55:00');
INSERT INTO public.storage VALUES (628, 'Ypjwg', 4076, 'Tvyuji,Pemdxp 2', '03:40:00', '02:40:00');
INSERT INTO public.storage VALUES (629, 'Srjy', 8851, 'Icjhogysok,Hionbx 15', '05:17:00', '13:10:00');
INSERT INTO public.storage VALUES (630, 'Uwvcbomxu', 3885, 'Lniiuv,Pdwhr 1', '07:54:00', '03:19:00');
INSERT INTO public.storage VALUES (631, 'Wdnl', 3561, 'Agfoipmjp,Gmxken 184', '14:27:00', '06:34:00');
INSERT INTO public.storage VALUES (632, 'Rduveqaf', 1412, 'Bivwqd,Voogyr 184', '17:17:00', '16:17:00');
INSERT INTO public.storage VALUES (633, 'Frnuqeli', 7785, 'Prowgibua,Jqlbcly 70', '12:06:00', '13:35:00');
INSERT INTO public.storage VALUES (634, 'Ddxdc', 1994, 'Fptgmx,Xqwb 146', '22:24:00', '16:24:00');
INSERT INTO public.storage VALUES (635, 'Ktwjtjcai', 2135, 'Dpqsottsg,Gyvpw 57', '03:03:00', '17:48:00');
INSERT INTO public.storage VALUES (636, 'Ldyfdahtwr', 9812, 'Tklgdu,Mmrldl 164', '06:38:00', '21:19:00');
INSERT INTO public.storage VALUES (637, 'Snre', 5580, 'Ufuokomfw,Hupk 110', '17:21:00', '19:30:00');
INSERT INTO public.storage VALUES (638, 'Uynlyxhwuy', 1750, 'Ecshgtuun,Anwvto 126', '03:17:00', '17:29:00');
INSERT INTO public.storage VALUES (639, 'Jrywy', 2735, 'Lcjuuwkbga,Gwgbub 195', '03:34:00', '02:00:00');
INSERT INTO public.storage VALUES (640, 'Mjgkqmep', 5502, 'Majamm,Vaos 110', '07:27:00', '16:31:00');
INSERT INTO public.storage VALUES (641, 'Mtvvmxoho', 3404, 'Ajmenect,Wdlah 159', '19:39:00', '20:52:00');
INSERT INTO public.storage VALUES (642, 'Lekkpcw', 8541, 'Rjsfvhwlrn,Kfapfaa 122', '19:44:00', '14:47:00');
INSERT INTO public.storage VALUES (643, 'Pniykekdn', 7651, 'Nddnnr,Upjbb 89', '22:44:00', '01:32:00');
INSERT INTO public.storage VALUES (644, 'Lpjxeuxhm', 723, 'Qkobkcy,Wwlmkv 18', '02:25:00', '15:21:00');
INSERT INTO public.storage VALUES (645, 'Ghidlxlk', 7205, 'Pgxglejyvy,Lieds 140', '05:40:00', '02:04:00');
INSERT INTO public.storage VALUES (646, 'Vkmskny', 4614, 'Nbivfheyj,Ncysohu 196', '11:11:00', '18:25:00');
INSERT INTO public.storage VALUES (647, 'Fgtkqnfte', 6220, 'Bfjlne,Rvwu 169', '17:44:00', '20:49:00');
INSERT INTO public.storage VALUES (648, 'Qmxu', 318, 'Ymbnsgg,Nekbob 54', '00:12:00', '07:26:00');
INSERT INTO public.storage VALUES (649, 'Vfcayecl', 2000, 'Lortgis,Aurkqe 43', '17:38:00', '03:08:00');
INSERT INTO public.storage VALUES (650, 'Nyqyrapn', 9683, 'Befmmbcax,Jucc 142', '02:25:00', '21:38:00');
INSERT INTO public.storage VALUES (651, 'Fifqw', 1795, 'Tahksxpyw,Nyylqxh 162', '05:12:00', '16:09:00');
INSERT INTO public.storage VALUES (652, 'Ppjre', 5719, 'Kmpeble,Xjoovj 97', '09:09:00', '22:28:00');
INSERT INTO public.storage VALUES (653, 'Btcf', 8684, 'Aoldlplyg,Nkxdfi 24', '09:35:00', '04:08:00');
INSERT INTO public.storage VALUES (654, 'Opfad', 8403, 'Wtmuxmn,Mokmkvq 42', '10:06:00', '03:57:00');
INSERT INTO public.storage VALUES (655, 'Ycltbqe', 4421, 'Hpkjplxhb,Miovtcf 70', '13:37:00', '22:44:00');
INSERT INTO public.storage VALUES (656, 'Ypkg', 7322, 'Uniekxrfjr,Pmwmq 186', '20:51:00', '04:35:00');
INSERT INTO public.storage VALUES (657, 'Xwgbqpgsr', 6873, 'Ivviaajyr,Nlnrsdq 145', '11:31:00', '07:07:00');
INSERT INTO public.storage VALUES (658, 'Rrjfcfltp', 8305, 'Ighkpgxf,Yepck 56', '09:52:00', '11:02:00');
INSERT INTO public.storage VALUES (659, 'Xdohltix', 6095, 'Geokly,Cqxy 36', '06:19:00', '04:55:00');
INSERT INTO public.storage VALUES (660, 'Xtfuqaf', 405, 'Npnqrho,Qaeof 18', '15:22:00', '19:39:00');
INSERT INTO public.storage VALUES (661, 'Vhskhrhx', 5283, 'Ytnvybyilk,Bixx 87', '15:18:00', '02:58:00');
INSERT INTO public.storage VALUES (662, 'Frgl', 7313, 'Gumqetiaj,Gfbfwqy 186', '11:17:00', '03:45:00');
INSERT INTO public.storage VALUES (663, 'Uibrhxmdik', 8926, 'Bnqknshhl,Nvwn 17', '01:57:00', '21:56:00');
INSERT INTO public.storage VALUES (664, 'Vcncty', 918, 'Momcbfdm,Jxvrop 153', '21:30:00', '00:10:00');
INSERT INTO public.storage VALUES (665, 'Asnismks', 8466, 'Ggoixrcy,Ygxbeuu 81', '03:51:00', '06:38:00');
INSERT INTO public.storage VALUES (666, 'Iwvvhbg', 5944, 'Prumve,Ukeybto 126', '06:01:00', '03:04:00');
INSERT INTO public.storage VALUES (667, 'Okfae', 4508, 'Hovdrgcif,Rmsie 39', '04:34:00', '06:18:00');
INSERT INTO public.storage VALUES (668, 'Svthpvkm', 8461, 'Hqemgohd,Juvrxln 145', '07:02:00', '20:57:00');
INSERT INTO public.storage VALUES (669, 'Qllnv', 1938, 'Usywclxqgh,Qtoo 135', '08:34:00', '16:16:00');
INSERT INTO public.storage VALUES (670, 'Chnhckb', 204, 'Ctskoilmt,Ibdrl 130', '20:06:00', '03:18:00');
INSERT INTO public.storage VALUES (671, 'Macno', 3118, 'Rmetxsnax,Ybthd 40', '09:52:00', '04:49:00');
INSERT INTO public.storage VALUES (672, 'Xrdlnrjmwd', 829, 'Dxgmcgjwek,Kkgpqi 122', '04:00:00', '12:38:00');
INSERT INTO public.storage VALUES (673, 'Tbnrcaqxca', 486, 'Cvpjhb,Csaw 38', '11:36:00', '17:37:00');
INSERT INTO public.storage VALUES (674, 'Hoslml', 4087, 'Ipqqpe,Xynw 50', '20:23:00', '19:30:00');
INSERT INTO public.storage VALUES (675, 'Vehbvpfk', 5149, 'Agbflvka,Exlrm 83', '09:58:00', '06:20:00');
INSERT INTO public.storage VALUES (676, 'Cxcbpnvj', 4015, 'Lopeqh,Tuijce 2', '12:25:00', '20:44:00');
INSERT INTO public.storage VALUES (677, 'Vycswgqx', 8133, 'Hbbdhrc,Nsfco 133', '16:46:00', '21:29:00');
INSERT INTO public.storage VALUES (678, 'Olwlkji', 7535, 'Yucuhwiib,Brpdlq 19', '11:06:00', '13:03:00');
INSERT INTO public.storage VALUES (679, 'Nwdpokb', 4570, 'Rbkllqq,Ybmc 48', '15:35:00', '19:42:00');
INSERT INTO public.storage VALUES (680, 'Stsu', 9089, 'Tcqrynsg,Bgcvn 73', '21:47:00', '20:30:00');
INSERT INTO public.storage VALUES (681, 'Ovljcjlyp', 5363, 'Lhohrotjsg,Uqduo 140', '02:43:00', '22:12:00');
INSERT INTO public.storage VALUES (682, 'Kfcqfr', 9566, 'Icfqexbnq,Mxomw 189', '08:45:00', '09:25:00');
INSERT INTO public.storage VALUES (683, 'Vleseusagx', 8109, 'Xajhiynwl,Exnepg 38', '07:01:00', '16:35:00');
INSERT INTO public.storage VALUES (684, 'Jcplasut', 188, 'Gofmsvejx,Fjly 167', '18:06:00', '19:54:00');
INSERT INTO public.storage VALUES (685, 'Vxvmkpu', 2931, 'Autdkybmj,Vusxn 79', '04:45:00', '09:51:00');
INSERT INTO public.storage VALUES (686, 'Qbam', 5898, 'Khgflkbib,Dxolye 96', '08:24:00', '11:17:00');
INSERT INTO public.storage VALUES (687, 'Svmhvye', 2737, 'Fsltfurug,Nxeoa 112', '02:37:00', '18:41:00');
INSERT INTO public.storage VALUES (688, 'Mrfsnbyu', 2964, 'Aahmvblde,Fkqxki 79', '03:46:00', '19:24:00');
INSERT INTO public.storage VALUES (689, 'Ahjjnlv', 5205, 'Bcwlad,Jkmdeu 78', '17:48:00', '20:28:00');
INSERT INTO public.storage VALUES (690, 'Xypu', 1469, 'Kmpeaersay,Bxmtt 114', '05:16:00', '07:09:00');
INSERT INTO public.storage VALUES (691, 'Kldq', 9144, 'Dimnje,Eokwg 190', '21:38:00', '07:41:00');
INSERT INTO public.storage VALUES (692, 'Nceij', 2963, 'Sxtwyvkl,Sudijkb 151', '10:37:00', '06:34:00');
INSERT INTO public.storage VALUES (693, 'Vusveaps', 3465, 'Kgntcgorj,Ilbm 142', '13:51:00', '09:39:00');
INSERT INTO public.storage VALUES (694, 'Gjvves', 8716, 'Kgrowfte,Qpllb 161', '02:34:00', '10:55:00');
INSERT INTO public.storage VALUES (695, 'Dwwvri', 9829, 'Brwotjky,Xida 107', '00:31:00', '19:33:00');
INSERT INTO public.storage VALUES (696, 'Somb', 6646, 'Agtkua,Wqww 6', '09:27:00', '14:42:00');
INSERT INTO public.storage VALUES (697, 'Ebhcxn', 5904, 'Kucjvpd,Rynadvv 16', '22:04:00', '17:37:00');
INSERT INTO public.storage VALUES (698, 'Ixnlajixtv', 1362, 'Jpxtnfsb,Kuapt 101', '08:09:00', '21:54:00');
INSERT INTO public.storage VALUES (699, 'Ejlsnmab', 2013, 'Tokwkm,Ajcmnsy 96', '20:27:00', '05:09:00');
INSERT INTO public.storage VALUES (700, 'Yiqerjmb', 8392, 'Fiohgotqcv,Gskiaoc 193', '02:57:00', '01:17:00');
INSERT INTO public.storage VALUES (701, 'Fhjprgncux', 3610, 'Mwcrlftbry,Arlqr 116', '16:02:00', '17:41:00');
INSERT INTO public.storage VALUES (702, 'Mifmjfy', 1490, 'Xufkpw,Nyrj 191', '19:06:00', '21:40:00');
INSERT INTO public.storage VALUES (703, 'Jqeoa', 4199, 'Umxbaada,Deqib 52', '14:49:00', '14:18:00');
INSERT INTO public.storage VALUES (704, 'Wkalxvqgq', 9660, 'Jnmgclqka,Qmiaiwa 32', '01:04:00', '08:41:00');
INSERT INTO public.storage VALUES (705, 'Solgsaviur', 1945, 'Bovuxolrh,Odjcfp 138', '04:50:00', '18:48:00');
INSERT INTO public.storage VALUES (706, 'Ogcpqxfn', 1544, 'Hgvjxur,Bmdix 1', '16:12:00', '21:01:00');
INSERT INTO public.storage VALUES (707, 'Frytan', 870, 'Vmkbnecnm,Mtny 2', '10:55:00', '15:44:00');
INSERT INTO public.storage VALUES (708, 'Kcka', 4608, 'Vtfyjurp,Oyqnhvi 139', '02:07:00', '07:52:00');
INSERT INTO public.storage VALUES (709, 'Egdbwtpu', 2986, 'Rqymcmetoj,Jfbq 139', '07:38:00', '14:53:00');
INSERT INTO public.storage VALUES (710, 'Tvnsdo', 3641, 'Addwfgkg,Elsm 20', '21:54:00', '22:21:00');
INSERT INTO public.storage VALUES (711, 'Evccuqxjkx', 147, 'Nywiavne,Mpxwx 107', '21:43:00', '11:37:00');
INSERT INTO public.storage VALUES (712, 'Dkyjnxww', 9305, 'Iyktjm,Hqrftd 5', '18:25:00', '14:20:00');
INSERT INTO public.storage VALUES (713, 'Wxlgdfmur', 463, 'Juotwt,Yofblfp 51', '21:37:00', '11:51:00');
INSERT INTO public.storage VALUES (714, 'Hmdjcyu', 1895, 'Pwcjjgwq,Fvuug 152', '13:01:00', '21:33:00');
INSERT INTO public.storage VALUES (715, 'Rvbr', 4869, 'Whljudkd,Eqyd 23', '17:08:00', '02:26:00');
INSERT INTO public.storage VALUES (716, 'Jyhhme', 4905, 'Vsdhqv,Rskef 193', '06:04:00', '16:52:00');
INSERT INTO public.storage VALUES (717, 'Tuitnbnnl', 6301, 'Heggxolbr,Qfsjwtd 39', '21:10:00', '11:40:00');
INSERT INTO public.storage VALUES (718, 'Jqngcin', 319, 'Ciyvxxfr,Hrmehjg 59', '17:26:00', '22:02:00');
INSERT INTO public.storage VALUES (719, 'Qxojojjvij', 9507, 'Eqlnrtn,Lmfml 150', '21:20:00', '16:30:00');
INSERT INTO public.storage VALUES (720, 'Yryko', 7293, 'Wxvift,Kniy 93', '10:10:00', '01:14:00');
INSERT INTO public.storage VALUES (721, 'Ipdcnynjxg', 1093, 'Bjcefji,Byqjjmf 167', '16:32:00', '04:25:00');
INSERT INTO public.storage VALUES (722, 'Nbehsmi', 302, 'Sbqbvu,Cgdbct 19', '02:32:00', '09:20:00');
INSERT INTO public.storage VALUES (723, 'Tsyfyotnlu', 6195, 'Llrxaepagj,Xmarl 170', '22:54:00', '21:49:00');
INSERT INTO public.storage VALUES (724, 'Hraqp', 9249, 'Trhsdcs,Qdrcm 150', '02:22:00', '04:26:00');
INSERT INTO public.storage VALUES (725, 'Lsnwajhv', 5912, 'Tjkmiycnn,Quhx 16', '17:25:00', '01:01:00');
INSERT INTO public.storage VALUES (726, 'Inljytl', 557, 'Cwgeddprs,Vixst 78', '15:26:00', '07:26:00');
INSERT INTO public.storage VALUES (727, 'Qrykblayj', 3957, 'Tdwhpltv,Kstpw 33', '14:55:00', '04:22:00');
INSERT INTO public.storage VALUES (728, 'Hcbyycnye', 3599, 'Ettyqctvwk,Bmitd 113', '02:28:00', '09:03:00');
INSERT INTO public.storage VALUES (729, 'Xpucnrrnd', 5204, 'Msfnmlfwin,Beucf 198', '04:37:00', '16:20:00');
INSERT INTO public.storage VALUES (730, 'Nwudqlvlwr', 1843, 'Dmhqtsul,Uffrue 37', '09:34:00', '17:24:00');
INSERT INTO public.storage VALUES (731, 'Ffilyfs', 7722, 'Vdohlkyi,Psktult 10', '09:36:00', '05:34:00');
INSERT INTO public.storage VALUES (732, 'Qajhqktjj', 9481, 'Ddemvrrfar,Blky 8', '21:15:00', '18:24:00');
INSERT INTO public.storage VALUES (733, 'Mhpa', 6543, 'Uhekooj,Ytvdmae 59', '17:22:00', '04:26:00');
INSERT INTO public.storage VALUES (734, 'Dymmvadekc', 1719, 'Qqbxwxyb,Bifrh 110', '10:46:00', '09:32:00');
INSERT INTO public.storage VALUES (735, 'Xroa', 578, 'Kjgyys,Vcll 52', '21:55:00', '01:44:00');
INSERT INTO public.storage VALUES (736, 'Ybfumq', 995, 'Hetrpi,Cwlpl 194', '11:01:00', '20:29:00');
INSERT INTO public.storage VALUES (737, 'Ekwfauo', 1454, 'Tawepqysap,Qqhouhp 76', '08:51:00', '13:24:00');
INSERT INTO public.storage VALUES (738, 'Qbodd', 7257, 'Sidhomnjw,Repjr 58', '07:40:00', '22:53:00');
INSERT INTO public.storage VALUES (739, 'Smqopkebv', 3343, 'Avpbmoa,Sxyk 154', '05:47:00', '21:00:00');
INSERT INTO public.storage VALUES (740, 'Hkfhxljqf', 5154, 'Qgudtn,Obbx 174', '01:26:00', '04:58:00');
INSERT INTO public.storage VALUES (741, 'Qnqvprhgvl', 4811, 'Ipmpmp,Udslu 66', '17:46:00', '19:16:00');
INSERT INTO public.storage VALUES (742, 'Vobty', 7506, 'Upjijreqiv,Rqub 14', '22:47:00', '18:25:00');
INSERT INTO public.storage VALUES (743, 'Fkfnstddk', 6279, 'Umuetkne,Qmvkot 13', '05:20:00', '09:16:00');
INSERT INTO public.storage VALUES (744, 'Sqpah', 7285, 'Tnerxtl,Vetjiv 13', '19:22:00', '00:55:00');
INSERT INTO public.storage VALUES (745, 'Jepnytcmfh', 7013, 'Gaxobik,Tvvsqbn 127', '20:53:00', '14:08:00');
INSERT INTO public.storage VALUES (746, 'Qaaj', 6171, 'Fdvevwpisj,Ewih 159', '09:56:00', '02:48:00');
INSERT INTO public.storage VALUES (747, 'Fbuaemoxvx', 7167, 'Thchebtilq,Ejnm 148', '20:14:00', '07:55:00');
INSERT INTO public.storage VALUES (748, 'Facrp', 1529, 'Peoqug,Hxhlg 78', '05:36:00', '04:09:00');
INSERT INTO public.storage VALUES (749, 'Fdnmoxqg', 4248, 'Pskhmp,Jpauysb 164', '21:17:00', '09:37:00');
INSERT INTO public.storage VALUES (750, 'Nqlkjggmd', 3141, 'Upvsjpom,Rwopmuy 109', '15:38:00', '11:53:00');
INSERT INTO public.storage VALUES (751, 'Iulclaqhlm', 4521, 'Afbmwhwqy,Uyrxoc 2', '15:36:00', '22:13:00');
INSERT INTO public.storage VALUES (752, 'Drtul', 1505, 'Pqytyy,Cujhvfc 175', '02:31:00', '08:37:00');
INSERT INTO public.storage VALUES (753, 'Dxtkboywa', 8877, 'Kbaadwaed,Ayyxlmr 84', '09:47:00', '13:09:00');
INSERT INTO public.storage VALUES (754, 'Ryvqsajd', 4008, 'Gxrtdqrkg,Omtbu 5', '19:55:00', '08:02:00');
INSERT INTO public.storage VALUES (755, 'Xgjhjlmko', 8702, 'Ullhqq,Lyyhpl 109', '13:49:00', '15:03:00');
INSERT INTO public.storage VALUES (756, 'Wstyvnfch', 1323, 'Eixrgiqw,Daygy 190', '18:12:00', '12:46:00');
INSERT INTO public.storage VALUES (757, 'Uayvjpp', 8024, 'Ihnbunvd,Hyxbd 34', '16:42:00', '04:51:00');
INSERT INTO public.storage VALUES (758, 'Wiuf', 6035, 'Ujdxeorcm,Reeetv 142', '07:54:00', '21:10:00');
INSERT INTO public.storage VALUES (759, 'Gatdn', 2932, 'Ayvxkhye,Ercl 125', '13:10:00', '13:14:00');
INSERT INTO public.storage VALUES (760, 'Wfwl', 9807, 'Inpadyosrp,Fddmh 116', '00:10:00', '14:47:00');
INSERT INTO public.storage VALUES (761, 'Qmrfpst', 947, 'Bqakbr,Lcrlrt 66', '09:01:00', '04:50:00');
INSERT INTO public.storage VALUES (762, 'Xmxwdfx', 1100, 'Eohkxwkc,Ydam 190', '04:40:00', '11:02:00');
INSERT INTO public.storage VALUES (763, 'Euyl', 8061, 'Qgudxdr,Hfkxmw 152', '05:25:00', '18:47:00');
INSERT INTO public.storage VALUES (764, 'Bandckstbw', 4504, 'Goebgyiui,Fqht 151', '01:42:00', '17:20:00');
INSERT INTO public.storage VALUES (765, 'Ylobinuvs', 7483, 'Bvefxrdw,Ojpfpeg 197', '12:31:00', '15:09:00');
INSERT INTO public.storage VALUES (766, 'Wglyuq', 2869, 'Kslkvfqbib,Cffnkbm 59', '11:56:00', '20:17:00');
INSERT INTO public.storage VALUES (767, 'Tnohotgqhv', 383, 'Othmvxis,Trhup 137', '16:38:00', '04:49:00');
INSERT INTO public.storage VALUES (768, 'Frximtn', 6149, 'Svluejlxib,Unwpx 142', '11:23:00', '10:27:00');
INSERT INTO public.storage VALUES (769, 'Hqikrqrt', 3655, 'Wggxmkfek,Ccgr 158', '19:50:00', '05:28:00');
INSERT INTO public.storage VALUES (770, 'Mwagcbpt', 8252, 'Wjxtei,Rjlya 30', '10:02:00', '21:21:00');
INSERT INTO public.storage VALUES (771, 'Iitfyvr', 8396, 'Ttcikcyfa,Joddepw 66', '22:16:00', '05:39:00');
INSERT INTO public.storage VALUES (772, 'Xncyvka', 4712, 'Twxpipm,Ypanmys 196', '18:16:00', '01:23:00');
INSERT INTO public.storage VALUES (773, 'Xwjssu', 370, 'Eahucev,Sfcvrp 193', '07:04:00', '11:04:00');
INSERT INTO public.storage VALUES (774, 'Ifwlsivr', 4473, 'Oplnrklum,Nyghum 168', '00:44:00', '02:35:00');
INSERT INTO public.storage VALUES (775, 'Dwhhpnl', 4352, 'Pssslu,Dosafto 147', '00:24:00', '01:45:00');
INSERT INTO public.storage VALUES (776, 'Nuic', 4403, 'Nyhluc,Hikfjqc 79', '07:38:00', '17:05:00');
INSERT INTO public.storage VALUES (777, 'Blwr', 8413, 'Iixfrbpnia,Hywjh 94', '14:22:00', '08:22:00');
INSERT INTO public.storage VALUES (778, 'Fefjgnkf', 7759, 'Wliusu,Rsbbo 160', '13:39:00', '06:35:00');
INSERT INTO public.storage VALUES (779, 'Jiyxak', 5067, 'Nxwusfx,Unghr 88', '16:47:00', '09:08:00');
INSERT INTO public.storage VALUES (780, 'Syufa', 2324, 'Vgtsfof,Lcppdi 145', '04:19:00', '19:33:00');
INSERT INTO public.storage VALUES (781, 'Yyxkkf', 7324, 'Puvntgmq,Tiaawf 167', '18:32:00', '07:22:00');
INSERT INTO public.storage VALUES (782, 'Exlgwkcgld', 5518, 'Btamjrxk,Fejogd 62', '04:27:00', '14:12:00');
INSERT INTO public.storage VALUES (783, 'Gmyfeqklx', 5349, 'Qearvumfcd,Dbdw 58', '17:51:00', '04:48:00');
INSERT INTO public.storage VALUES (784, 'Ptpjsugdd', 4445, 'Tfitqudi,Jaflyx 17', '04:17:00', '13:13:00');
INSERT INTO public.storage VALUES (785, 'Kuege', 1964, 'Hfdumkak,Jtguap 121', '03:06:00', '07:24:00');
INSERT INTO public.storage VALUES (786, 'Gajpjjfp', 8186, 'Hvibtd,Qufih 29', '14:55:00', '08:19:00');
INSERT INTO public.storage VALUES (787, 'Aveqbb', 5882, 'Gwphangs,Npvp 122', '06:08:00', '00:10:00');
INSERT INTO public.storage VALUES (788, 'Mqdycsfq', 3512, 'Imnuod,Kulyonf 42', '05:06:00', '15:06:00');
INSERT INTO public.storage VALUES (789, 'Dfgx', 9224, 'Npcjus,Ejnoylu 186', '19:12:00', '11:18:00');
INSERT INTO public.storage VALUES (790, 'Slkr', 2851, 'Pqhhacivl,Esgbo 156', '18:41:00', '13:04:00');
INSERT INTO public.storage VALUES (791, 'Emflk', 3580, 'Wmlcoabrjx,Hiud 46', '21:38:00', '11:31:00');
INSERT INTO public.storage VALUES (792, 'Iyieq', 4902, 'Svreil,Hxte 145', '03:31:00', '07:42:00');
INSERT INTO public.storage VALUES (793, 'Tknoinaa', 152, 'Pvbhkkq,Diuow 186', '15:48:00', '21:16:00');
INSERT INTO public.storage VALUES (794, 'Nuwevtpa', 9794, 'Alrrsf,Bmyed 9', '20:56:00', '11:18:00');
INSERT INTO public.storage VALUES (795, 'Guviv', 8424, 'Uxpelt,Hekr 28', '12:22:00', '18:03:00');
INSERT INTO public.storage VALUES (796, 'Xhljntdx', 425, 'Ebogpnjg,Roaoyx 110', '19:36:00', '02:30:00');
INSERT INTO public.storage VALUES (797, 'Pqhoch', 2450, 'Hgmchmav,Ldych 2', '12:15:00', '07:14:00');
INSERT INTO public.storage VALUES (798, 'Ijovuq', 2364, 'Cvpsrrawvo,Thds 127', '10:44:00', '01:13:00');
INSERT INTO public.storage VALUES (799, 'Ejpdm', 1167, 'Trxdjcvf,Ubsrpsr 32', '18:54:00', '02:35:00');
INSERT INTO public.storage VALUES (800, 'Uarxkurxmj', 1553, 'Wscxvlnesj,Sbfktii 103', '00:34:00', '21:11:00');
INSERT INTO public.storage VALUES (801, 'Sfltrndohr', 4558, 'Lvdvrsv,Tjwuv 112', '22:16:00', '05:25:00');
INSERT INTO public.storage VALUES (802, 'Tngdbm', 3290, 'Sxhnogjsv,Uwkmjoh 23', '12:12:00', '03:23:00');
INSERT INTO public.storage VALUES (803, 'Haaxqrpxg', 4523, 'Yjwpjuqyc,Vqymgh 112', '13:58:00', '21:56:00');
INSERT INTO public.storage VALUES (804, 'Uxbcg', 7861, 'Hpjlhnysw,Mfkdkf 19', '02:31:00', '00:24:00');
INSERT INTO public.storage VALUES (805, 'Buwkwyciku', 4367, 'Vbxbanu,Xemjx 30', '19:56:00', '10:31:00');
INSERT INTO public.storage VALUES (806, 'Wdqa', 1685, 'Saypknn,Gxmu 171', '10:24:00', '13:17:00');
INSERT INTO public.storage VALUES (807, 'Qvdpw', 2095, 'Qifchjhej,Qupvx 195', '15:15:00', '13:01:00');
INSERT INTO public.storage VALUES (808, 'Ofphehxmp', 2829, 'Wytekepr,Iact 90', '03:50:00', '09:31:00');
INSERT INTO public.storage VALUES (809, 'Hcvuwrgrt', 1588, 'Xvaugfia,Wqrw 159', '19:15:00', '13:04:00');
INSERT INTO public.storage VALUES (810, 'Bjmj', 4839, 'Jxvnpi,Owel 38', '00:42:00', '05:28:00');
INSERT INTO public.storage VALUES (811, 'Owhoawk', 7640, 'Dshreq,Ioni 31', '13:06:00', '06:12:00');
INSERT INTO public.storage VALUES (812, 'Yynupukww', 5762, 'Sgojbyucm,Vswap 144', '12:00:00', '01:47:00');
INSERT INTO public.storage VALUES (813, 'Fcufi', 900, 'Goxppn,Jibnb 67', '02:15:00', '13:45:00');
INSERT INTO public.storage VALUES (814, 'Wtffhhrwa', 869, 'Ltugfudm,Sxgtltq 24', '02:18:00', '07:08:00');
INSERT INTO public.storage VALUES (815, 'Lsufsol', 3823, 'Yepfdvqwm,Vsebycx 147', '19:42:00', '11:13:00');
INSERT INTO public.storage VALUES (816, 'Xtpfpq', 5396, 'Vfxhls,Wmjepwa 96', '15:31:00', '04:51:00');
INSERT INTO public.storage VALUES (817, 'Sijtotubcy', 9162, 'Jhvrqy,Rrcnrh 141', '12:51:00', '12:46:00');
INSERT INTO public.storage VALUES (818, 'Mrsdovbj', 3341, 'Sdnini,Npdiyfa 194', '14:45:00', '20:13:00');
INSERT INTO public.storage VALUES (819, 'Gcxq', 8075, 'Fvuniulr,Xmvrag 97', '02:32:00', '09:20:00');
INSERT INTO public.storage VALUES (820, 'Siciaxel', 3346, 'Ygnhpu,Pqmvkm 94', '16:55:00', '05:53:00');
INSERT INTO public.storage VALUES (821, 'Xwehcb', 5317, 'Duiuyrdk,Yfyonkd 82', '16:28:00', '01:07:00');
INSERT INTO public.storage VALUES (822, 'Yhtvbdbc', 3690, 'Isenbsmbcn,Uvleis 55', '15:47:00', '01:41:00');
INSERT INTO public.storage VALUES (823, 'Osxwdjx', 3366, 'Iajxelrmd,Casjwyx 73', '10:08:00', '18:25:00');
INSERT INTO public.storage VALUES (824, 'Ajxdgmct', 591, 'Ftperqgox,Ddsjka 122', '06:47:00', '16:16:00');
INSERT INTO public.storage VALUES (825, 'Ueygi', 9460, 'Wnhnfpfams,Hodfpnu 147', '10:36:00', '03:35:00');
INSERT INTO public.storage VALUES (826, 'Byawuum', 4865, 'Xtefvkh,Bypc 171', '12:08:00', '12:58:00');
INSERT INTO public.storage VALUES (827, 'Luwb', 4618, 'Hjooupjtj,Ntteihn 169', '02:45:00', '08:38:00');
INSERT INTO public.storage VALUES (828, 'Vennvbhc', 3364, 'Drriylbar,Qwlf 119', '22:11:00', '01:08:00');
INSERT INTO public.storage VALUES (829, 'Veyexsuqlb', 2994, 'Sspojyrt,Qyheshy 196', '19:18:00', '22:44:00');
INSERT INTO public.storage VALUES (830, 'Qioquxt', 3507, 'Yoodhq,Iupfw 54', '07:00:00', '02:33:00');
INSERT INTO public.storage VALUES (831, 'Qxvus', 6363, 'Xlygcp,Ayakwuw 98', '00:17:00', '19:04:00');
INSERT INTO public.storage VALUES (832, 'Jndcfmikq', 6640, 'Wfrbxt,Bhrxyad 16', '08:29:00', '12:22:00');
INSERT INTO public.storage VALUES (833, 'Gjwvwmw', 941, 'Jelenyeg,Pyods 161', '07:00:00', '19:05:00');
INSERT INTO public.storage VALUES (834, 'Lqseiblxv', 5604, 'Gisrgdmyxp,Iucxgb 112', '19:24:00', '02:54:00');
INSERT INTO public.storage VALUES (835, 'Mtxikkv', 7473, 'Dwqputla,Irdngii 138', '07:03:00', '05:57:00');
INSERT INTO public.storage VALUES (836, 'Inrdt', 2443, 'Tdbbwbbjqc,Thtvog 72', '05:08:00', '12:34:00');
INSERT INTO public.storage VALUES (837, 'Siiaaer', 9381, 'Ykxxjxyhx,Qfnxq 78', '04:40:00', '21:33:00');
INSERT INTO public.storage VALUES (838, 'Jdjto', 401, 'Qqjglc,Ahnmh 173', '01:12:00', '03:23:00');
INSERT INTO public.storage VALUES (839, 'Xtqam', 3936, 'Iaydjmk,Kcjwtl 177', '06:47:00', '08:26:00');
INSERT INTO public.storage VALUES (840, 'Wciu', 1046, 'Nvvjke,Aeluwyy 110', '08:05:00', '11:45:00');
INSERT INTO public.storage VALUES (841, 'Ououqruut', 8446, 'Ihgfoqi,Prsu 7', '03:47:00', '06:06:00');
INSERT INTO public.storage VALUES (842, 'Bakuifd', 8871, 'Joeaihq,Jcwct 109', '03:54:00', '20:56:00');
INSERT INTO public.storage VALUES (843, 'Jtjnwk', 9272, 'Qkxupokl,Ccujme 89', '01:16:00', '02:37:00');
INSERT INTO public.storage VALUES (844, 'Atjpdfxd', 4570, 'Qfcolqoucu,Vwrhycl 55', '15:28:00', '01:58:00');
INSERT INTO public.storage VALUES (845, 'Nxbfartdk', 6083, 'Bmaveaqjj,Qbjgk 119', '10:57:00', '09:44:00');
INSERT INTO public.storage VALUES (846, 'Vend', 8516, 'Lhlxmvon,Jaah 7', '12:04:00', '16:06:00');
INSERT INTO public.storage VALUES (847, 'Lafrl', 2015, 'Bmdkoicu,Kjhfao 80', '05:57:00', '18:12:00');
INSERT INTO public.storage VALUES (848, 'Dlgklm', 6175, 'Dhhgwrujwm,Ttrpfa 159', '16:39:00', '19:51:00');
INSERT INTO public.storage VALUES (849, 'Nudwlhff', 7299, 'Hlluaqpmw,Jhfo 97', '07:09:00', '10:32:00');
INSERT INTO public.storage VALUES (850, 'Twxn', 6010, 'Aqfvoqk,Oufgxc 72', '17:37:00', '22:48:00');
INSERT INTO public.storage VALUES (851, 'Svgwoox', 3809, 'Jmbjphlr,Fvbvam 27', '11:24:00', '05:26:00');
INSERT INTO public.storage VALUES (852, 'Kkpxl', 1826, 'Qssxcjw,Yrenyli 179', '16:54:00', '06:04:00');
INSERT INTO public.storage VALUES (853, 'Xtae', 2904, 'Laqkjmtneb,Vnvux 122', '05:55:00', '09:17:00');
INSERT INTO public.storage VALUES (854, 'Tkpcksbc', 1735, 'Mttcxthpds,Nxnnsnu 28', '02:53:00', '15:36:00');
INSERT INTO public.storage VALUES (855, 'Iluwfnbya', 5248, 'Twsmkrivg,Utkvtt 3', '18:01:00', '19:18:00');
INSERT INTO public.storage VALUES (856, 'Qddwlem', 7338, 'Rpjiqknycq,Djnr 3', '06:37:00', '17:17:00');
INSERT INTO public.storage VALUES (857, 'Hgefbskjx', 4394, 'Fjvqgtkpo,Cqtufrf 189', '18:53:00', '04:37:00');
INSERT INTO public.storage VALUES (858, 'Nmdrwe', 832, 'Ymukpqx,Tbgtmqn 187', '15:09:00', '10:31:00');
INSERT INTO public.storage VALUES (859, 'Tsakf', 6983, 'Vjfpjcksnd,Kswegk 107', '01:38:00', '18:14:00');
INSERT INTO public.storage VALUES (860, 'Kycay', 4943, 'Eoopcs,Dedwvkv 130', '21:50:00', '11:17:00');
INSERT INTO public.storage VALUES (861, 'Eycwpaueyw', 3271, 'Lxmoqx,Tvnrls 178', '03:33:00', '13:17:00');
INSERT INTO public.storage VALUES (862, 'Sqac', 4828, 'Buoscga,Ssftym 93', '18:54:00', '09:29:00');
INSERT INTO public.storage VALUES (863, 'Adkwfs', 8272, 'Hvaknm,Mivdqxf 36', '07:41:00', '10:53:00');
INSERT INTO public.storage VALUES (864, 'Pmvfv', 8226, 'Ikuviwnaw,Kqcyv 48', '10:24:00', '19:17:00');
INSERT INTO public.storage VALUES (865, 'Xiqj', 9134, 'Kumljqcuf,Yiff 127', '12:14:00', '10:39:00');
INSERT INTO public.storage VALUES (866, 'Fculklywyx', 8540, 'Aulwhu,Tdlyun 189', '15:22:00', '11:50:00');
INSERT INTO public.storage VALUES (867, 'Nsooynvp', 9114, 'Gurgov,Grlfm 167', '08:35:00', '11:36:00');
INSERT INTO public.storage VALUES (868, 'Rgdkty', 6313, 'Chbruirhwt,Ktghk 128', '01:46:00', '03:27:00');
INSERT INTO public.storage VALUES (869, 'Uubspqrpr', 6787, 'Vclrviwvla,Lblgkg 186', '12:22:00', '18:20:00');
INSERT INTO public.storage VALUES (870, 'Grcyjyqgy', 530, 'Spnpivqp,Hqnexyr 52', '10:47:00', '15:46:00');
INSERT INTO public.storage VALUES (871, 'Xkgyjrhswb', 4827, 'Prsjym,Uckbwof 5', '01:42:00', '20:11:00');
INSERT INTO public.storage VALUES (872, 'Hgdsn', 5026, 'Cseijovj,Hccits 169', '20:55:00', '18:38:00');
INSERT INTO public.storage VALUES (873, 'Jymjk', 8495, 'Dndgxmen,Yapuo 91', '01:13:00', '12:06:00');
INSERT INTO public.storage VALUES (874, 'Cgxlnhdwbc', 7205, 'Ubwppivhkw,Hgvlh 179', '14:58:00', '22:45:00');
INSERT INTO public.storage VALUES (875, 'Jeiuq', 7119, 'Lndysr,Xsytvqe 45', '11:21:00', '20:30:00');
INSERT INTO public.storage VALUES (876, 'Nkddsj', 5858, 'Uwyreflc,Hqwjqeb 25', '12:39:00', '21:35:00');
INSERT INTO public.storage VALUES (877, 'Hjyvw', 1825, 'Ixrrjehhbm,Svyak 75', '16:47:00', '15:04:00');
INSERT INTO public.storage VALUES (878, 'Vjsytpbpqi', 8410, 'Fpuuviqebi,Oympjj 199', '15:17:00', '06:07:00');
INSERT INTO public.storage VALUES (879, 'Frdx', 7868, 'Vdhhudt,Vquck 158', '10:51:00', '03:58:00');
INSERT INTO public.storage VALUES (880, 'Wexgfhgxmm', 1500, 'Rycexf,Itlcn 46', '08:18:00', '16:43:00');
INSERT INTO public.storage VALUES (881, 'Kexihtrqhu', 9752, 'Pkeitfd,Opebff 119', '18:05:00', '13:32:00');
INSERT INTO public.storage VALUES (882, 'Rqefsvsmhn', 2411, 'Iecdquxx,Pyrbna 168', '17:28:00', '16:57:00');
INSERT INTO public.storage VALUES (883, 'Kcpcptcwus', 9524, 'Bhymqo,Mvjeqc 15', '08:11:00', '12:22:00');
INSERT INTO public.storage VALUES (884, 'Bgdswcldy', 9141, 'Qfrdgrjdp,Yeoimrb 65', '00:41:00', '01:22:00');
INSERT INTO public.storage VALUES (885, 'Vhry', 3774, 'Pfmvpd,Elrp 118', '22:51:00', '15:06:00');
INSERT INTO public.storage VALUES (886, 'Wpywqqfkf', 5619, 'Ifbftxjmet,Wvjugdl 58', '16:57:00', '08:51:00');
INSERT INTO public.storage VALUES (887, 'Gwomharcs', 4769, 'Fuqguqhfv,Krmeog 4', '13:52:00', '04:14:00');
INSERT INTO public.storage VALUES (888, 'Twoedjk', 5726, 'Vtjcpidxt,Xjdon 43', '17:29:00', '11:02:00');
INSERT INTO public.storage VALUES (889, 'Dbrshwbqc', 4115, 'Dmiqpqaway,Hphufg 173', '15:25:00', '14:22:00');
INSERT INTO public.storage VALUES (890, 'Dxbk', 625, 'Wgkjjl,Sbmv 171', '01:51:00', '16:25:00');
INSERT INTO public.storage VALUES (891, 'Dbjdkho', 1081, 'Edeonoe,Iecndj 62', '15:47:00', '08:16:00');
INSERT INTO public.storage VALUES (892, 'Xtxolddcuf', 9381, 'Wnkvmn,Gxdbh 190', '01:19:00', '20:48:00');
INSERT INTO public.storage VALUES (893, 'Khffhkashy', 7442, 'Grskhiylfe,Ganuy 155', '04:01:00', '22:14:00');
INSERT INTO public.storage VALUES (894, 'Tvbpyk', 5698, 'Kmsyashute,Sfctkx 151', '06:07:00', '03:58:00');
INSERT INTO public.storage VALUES (895, 'Deemcljqjj', 7749, 'Tiknxy,Fesmrji 147', '19:47:00', '19:05:00');
INSERT INTO public.storage VALUES (896, 'Vjahna', 2985, 'Gswlsuo,Enmuijl 41', '22:55:00', '11:18:00');
INSERT INTO public.storage VALUES (897, 'Gyikwtc', 2644, 'Cyketvjupd,Cqkpk 120', '19:15:00', '04:16:00');
INSERT INTO public.storage VALUES (898, 'Qwyropxlv', 5395, 'Boyaaqtb,Ysdoyo 39', '03:19:00', '18:17:00');
INSERT INTO public.storage VALUES (899, 'Cqyxv', 5818, 'Beqavh,Fnop 28', '16:00:00', '04:27:00');
INSERT INTO public.storage VALUES (900, 'Tira', 3213, 'Mueoicq,Lewdkwn 70', '05:28:00', '21:08:00');
INSERT INTO public.storage VALUES (901, 'Sgefdvejw', 2109, 'Esaapl,Ddhriee 124', '03:18:00', '06:42:00');
INSERT INTO public.storage VALUES (902, 'Wijxjf', 2994, 'Svnopjoc,Hwiiwgi 75', '01:52:00', '02:17:00');
INSERT INTO public.storage VALUES (903, 'Ojpjcodl', 7305, 'Ukcngtfmc,Proe 199', '04:22:00', '03:08:00');
INSERT INTO public.storage VALUES (904, 'Nojm', 3170, 'Aljdcffq,Ddatr 83', '07:40:00', '12:31:00');
INSERT INTO public.storage VALUES (905, 'Nbmfg', 1551, 'Uwekjl,Uxxik 103', '09:14:00', '07:37:00');
INSERT INTO public.storage VALUES (906, 'Hldl', 9570, 'Hjdagsfng,Fbyv 75', '22:50:00', '16:33:00');
INSERT INTO public.storage VALUES (907, 'Lvsp', 3899, 'Xbdbtfh,Ojjg 20', '04:55:00', '18:32:00');
INSERT INTO public.storage VALUES (908, 'Ucfkcicp', 786, 'Fgawkghnu,Yuejgqq 169', '08:19:00', '15:35:00');
INSERT INTO public.storage VALUES (909, 'Bsvossr', 2486, 'Lslansyd,Bctsw 129', '11:29:00', '13:32:00');
INSERT INTO public.storage VALUES (910, 'Fowbwt', 6162, 'Slkhew,Poab 18', '16:07:00', '09:55:00');
INSERT INTO public.storage VALUES (911, 'Dejh', 2037, 'Lsvjutd,Joeevip 4', '02:46:00', '07:00:00');
INSERT INTO public.storage VALUES (912, 'Flqhxjmtoy', 5664, 'Xktqdgejw,Ccoseqn 169', '05:32:00', '10:49:00');
INSERT INTO public.storage VALUES (913, 'Frkvurk', 4046, 'Ocpuwaf,Qrfesnt 167', '05:46:00', '01:05:00');
INSERT INTO public.storage VALUES (914, 'Pklnuinrrn', 7333, 'Rollkhtqkm,Hhggncd 13', '08:55:00', '20:46:00');
INSERT INTO public.storage VALUES (915, 'Brlklewr', 1088, 'Gttkxh,Pvtorim 120', '08:56:00', '09:57:00');
INSERT INTO public.storage VALUES (916, 'Hmsb', 1382, 'Hwjolv,Wulqeb 68', '19:40:00', '03:32:00');
INSERT INTO public.storage VALUES (917, 'Xwgwu', 7638, 'Qjmrub,Pkfdgc 31', '13:55:00', '08:21:00');
INSERT INTO public.storage VALUES (918, 'Uqdinmi', 6333, 'Jfcexjglq,Exvbeh 10', '04:12:00', '19:03:00');
INSERT INTO public.storage VALUES (919, 'Vgaywe', 7590, 'Qwgmdpfko,Witdvg 145', '01:02:00', '01:06:00');
INSERT INTO public.storage VALUES (920, 'Xebdmonbpw', 7707, 'Ebthbpegie,Elnn 52', '11:52:00', '21:05:00');
INSERT INTO public.storage VALUES (921, 'Opwfmoxi', 6532, 'Vmnnifds,Rvyppnh 110', '07:03:00', '01:33:00');
INSERT INTO public.storage VALUES (922, 'Hcjv', 8555, 'Igikfefv,Hcpovgc 84', '22:19:00', '00:02:00');
INSERT INTO public.storage VALUES (923, 'Taft', 6411, 'Lenxjbhquj,Eqvfugn 194', '13:05:00', '04:06:00');
INSERT INTO public.storage VALUES (924, 'Ksderbrx', 2302, 'Kbgfbqi,Wfdfxr 184', '16:17:00', '15:35:00');
INSERT INTO public.storage VALUES (925, 'Jvqcsqdn', 2509, 'Aqqgxi,Mmbvru 126', '21:55:00', '13:07:00');
INSERT INTO public.storage VALUES (926, 'Hlrfyqgeph', 1809, 'Bdowrvh,Abcf 28', '20:58:00', '17:04:00');
INSERT INTO public.storage VALUES (927, 'Lodabkg', 4460, 'Psnlvrnbya,Hkumws 28', '12:38:00', '07:09:00');
INSERT INTO public.storage VALUES (928, 'Fvsminkixk', 8453, 'Hdrpnb,Unosf 138', '14:31:00', '16:20:00');
INSERT INTO public.storage VALUES (929, 'Emvxujndgb', 2294, 'Odobcmttj,Dgqg 27', '09:27:00', '13:21:00');
INSERT INTO public.storage VALUES (930, 'Hfmfoxlbd', 1157, 'Aiysdstyqx,Vpijn 117', '12:44:00', '01:42:00');
INSERT INTO public.storage VALUES (931, 'Ktmnlcgpm', 5767, 'Rcvmkapcvq,Xgwki 127', '15:18:00', '08:23:00');
INSERT INTO public.storage VALUES (932, 'Phlhcefyt', 9553, 'Ushjvydb,Bnvvbhp 60', '02:03:00', '22:56:00');
INSERT INTO public.storage VALUES (933, 'Becicqma', 4322, 'Veqgtrnagf,Pyug 139', '21:00:00', '04:07:00');
INSERT INTO public.storage VALUES (934, 'Cgyg', 4798, 'Eitretlio,Osrf 52', '10:50:00', '18:38:00');
INSERT INTO public.storage VALUES (935, 'Xsxqns', 1338, 'Bvqylrtmk,Jywb 34', '05:48:00', '08:36:00');
INSERT INTO public.storage VALUES (936, 'Dmyucdavlp', 350, 'Bfgcarcna,Rbdyxca 154', '11:57:00', '14:24:00');
INSERT INTO public.storage VALUES (937, 'Cgta', 3663, 'Mpdeqmi,Hxfub 57', '19:21:00', '02:25:00');
INSERT INTO public.storage VALUES (938, 'Edulyy', 2791, 'Xuftflm,Xjqe 16', '00:05:00', '21:26:00');
INSERT INTO public.storage VALUES (939, 'Blwqcb', 331, 'Jafjenir,Oemcmiw 46', '21:10:00', '11:45:00');
INSERT INTO public.storage VALUES (940, 'Huoag', 5369, 'Jvtkyl,Wuikokh 81', '21:05:00', '04:42:00');
INSERT INTO public.storage VALUES (941, 'Ksftocfci', 6790, 'Avnotwoo,Bebdgq 72', '06:54:00', '00:36:00');
INSERT INTO public.storage VALUES (942, 'Xvkui', 2193, 'Dhvvmjjhdx,Mrxfotd 7', '16:42:00', '15:36:00');
INSERT INTO public.storage VALUES (943, 'Qxrtuwvi', 8987, 'Kniqojef,Hjlgq 106', '03:12:00', '02:13:00');
INSERT INTO public.storage VALUES (944, 'Yoltw', 7223, 'Rnuovoe,Ofdn 180', '21:09:00', '14:17:00');
INSERT INTO public.storage VALUES (945, 'Gumfvkpog', 2048, 'Vfkplxis,Utycorh 32', '15:03:00', '09:49:00');
INSERT INTO public.storage VALUES (946, 'Huyh', 7530, 'Crvdqv,Dalcla 138', '21:45:00', '02:23:00');
INSERT INTO public.storage VALUES (947, 'Icnocwtv', 7372, 'Siboeriaeb,Ijocp 56', '01:13:00', '08:51:00');
INSERT INTO public.storage VALUES (948, 'Orcddab', 8336, 'Rfilerjga,Ylphwg 157', '19:56:00', '10:52:00');
INSERT INTO public.storage VALUES (949, 'Hbbmmu', 2900, 'Twvtyglo,Jwoe 4', '01:03:00', '21:53:00');
INSERT INTO public.storage VALUES (950, 'Oaqp', 9141, 'Upydalrnrx,Kfqjt 119', '21:42:00', '15:30:00');
INSERT INTO public.storage VALUES (951, 'Okoyipqt', 7105, 'Gjihypl,Brwa 1', '17:22:00', '04:30:00');
INSERT INTO public.storage VALUES (952, 'Mqdsavkn', 1084, 'Ywejdhptg,Rbsg 5', '13:03:00', '08:33:00');
INSERT INTO public.storage VALUES (953, 'Yyolsmvq', 1814, 'Tupqqq,Qutha 26', '04:41:00', '13:55:00');
INSERT INTO public.storage VALUES (954, 'Cbwr', 5390, 'Mghlwarj,Pdqvbhm 155', '10:29:00', '02:22:00');
INSERT INTO public.storage VALUES (955, 'Ldehumnv', 7193, 'Rpmuvujs,Ckxoyga 35', '19:52:00', '10:35:00');
INSERT INTO public.storage VALUES (956, 'Jpgwagcgaa', 9349, 'Axvckekp,Dnnk 68', '08:11:00', '03:39:00');
INSERT INTO public.storage VALUES (957, 'Sbrhqftyl', 6908, 'Sghcggyov,Ahtj 136', '05:15:00', '07:50:00');
INSERT INTO public.storage VALUES (958, 'Lqdtqiw', 1952, 'Nbtdnxmo,Rbmf 179', '10:35:00', '22:37:00');
INSERT INTO public.storage VALUES (959, 'Tork', 5348, 'Rqtholxunr,Krxsqpu 180', '09:36:00', '04:22:00');
INSERT INTO public.storage VALUES (960, 'Vrvgagpll', 8286, 'Blqfvwcwh,Qabiqk 13', '14:27:00', '16:36:00');
INSERT INTO public.storage VALUES (961, 'Egxadeyqji', 9715, 'Irxsxtf,Msxx 4', '05:08:00', '07:11:00');
INSERT INTO public.storage VALUES (962, 'Ifuqojjt', 2983, 'Qvmpfqdoc,Fosw 3', '15:45:00', '11:12:00');
INSERT INTO public.storage VALUES (963, 'Eoivsdoww', 4245, 'Nebdyqoc,Iubrfyu 196', '08:05:00', '09:17:00');
INSERT INTO public.storage VALUES (964, 'Wxsvfo', 5054, 'Itubdohh,Yrqqab 78', '07:37:00', '19:40:00');
INSERT INTO public.storage VALUES (965, 'Mmgy', 4573, 'Ukdqawis,Cehbnpj 56', '00:49:00', '02:11:00');
INSERT INTO public.storage VALUES (966, 'Uwil', 5626, 'Urfcjjkpa,Nahd 110', '10:07:00', '17:16:00');
INSERT INTO public.storage VALUES (967, 'Rbimf', 3523, 'Qgijtgypy,Qcqs 199', '01:52:00', '06:58:00');
INSERT INTO public.storage VALUES (968, 'Iiqafxdikm', 163, 'Obwibuef,Mgvoe 126', '11:13:00', '06:52:00');
INSERT INTO public.storage VALUES (969, 'Ntmees', 5150, 'Bmjbljaut,Uoyn 108', '12:30:00', '21:07:00');
INSERT INTO public.storage VALUES (970, 'Ergqnoguy', 7343, 'Yqtmbl,Cduybad 153', '22:10:00', '22:17:00');
INSERT INTO public.storage VALUES (971, 'Rfdew', 7320, 'Pameofttlm,Jelhxgx 99', '15:14:00', '08:31:00');
INSERT INTO public.storage VALUES (972, 'Gbrymlo', 4311, 'Pnxygest,Aicinru 13', '07:17:00', '01:42:00');
INSERT INTO public.storage VALUES (973, 'Aanos', 8177, 'Kyvtdla,Smsti 129', '22:26:00', '16:36:00');
INSERT INTO public.storage VALUES (974, 'Vdog', 9983, 'Ydbotjt,Ejmi 51', '13:36:00', '06:40:00');
INSERT INTO public.storage VALUES (975, 'Ocpq', 888, 'Feamksbj,Elsia 6', '03:13:00', '19:27:00');
INSERT INTO public.storage VALUES (976, 'Dwufiebva', 4765, 'Cxxxsf,Bygqkfi 175', '17:44:00', '12:24:00');
INSERT INTO public.storage VALUES (977, 'Pybbokmyob', 2354, 'Rqhgsboanp,Qckdtcu 100', '21:48:00', '04:57:00');
INSERT INTO public.storage VALUES (978, 'Mmis', 8341, 'Revrateupa,Nxrgw 45', '20:30:00', '10:14:00');
INSERT INTO public.storage VALUES (979, 'Pymomq', 910, 'Nedoqcxg,Aoquayg 128', '17:49:00', '04:50:00');
INSERT INTO public.storage VALUES (980, 'Ttytai', 5101, 'Bgteqfyyw,Dtwv 67', '00:47:00', '17:14:00');
INSERT INTO public.storage VALUES (981, 'Chnopvaxfq', 3209, 'Mgwfrhh,Ydnadwe 135', '05:52:00', '04:07:00');
INSERT INTO public.storage VALUES (982, 'Edrdty', 7055, 'Blocadpls,Mljrso 186', '11:33:00', '08:46:00');
INSERT INTO public.storage VALUES (983, 'Wthd', 7062, 'Dstmxlsppp,Dutggb 188', '02:03:00', '15:36:00');
INSERT INTO public.storage VALUES (984, 'Wtpcs', 9988, 'Nxqhwaafh,Iylseg 97', '16:51:00', '20:23:00');
INSERT INTO public.storage VALUES (985, 'Imxcmvmwic', 284, 'Nptuhvgan,Pmjvr 81', '22:47:00', '22:56:00');
INSERT INTO public.storage VALUES (986, 'Ffjsc', 4929, 'Dsqqeik,Nifgtec 136', '08:20:00', '22:55:00');
INSERT INTO public.storage VALUES (987, 'Tmnmgfu', 5782, 'Acmtkve,Lcfeunv 144', '00:08:00', '11:03:00');
INSERT INTO public.storage VALUES (988, 'Elyr', 1612, 'Srqtdee,Gswu 45', '20:47:00', '09:23:00');
INSERT INTO public.storage VALUES (989, 'Hywcfrnp', 3937, 'Fypkvgkljy,Axomkot 138', '13:44:00', '16:12:00');
INSERT INTO public.storage VALUES (990, 'Esxsom', 3003, 'Jetnuhba,Uxofah 96', '20:15:00', '19:43:00');
INSERT INTO public.storage VALUES (991, 'Vqqwxgaxd', 4914, 'Khyflkudol,Gdplfc 109', '16:18:00', '22:40:00');
INSERT INTO public.storage VALUES (992, 'Nxcv', 9113, 'Amkwml,Eefshqb 7', '20:29:00', '06:31:00');
INSERT INTO public.storage VALUES (993, 'Cdous', 5286, 'Yfinlrj,Bwvq 129', '11:20:00', '00:23:00');
INSERT INTO public.storage VALUES (994, 'Pdsdhsjk', 8722, 'Rfjnyhqu,Pamdy 165', '13:58:00', '22:50:00');
INSERT INTO public.storage VALUES (995, 'Snkbl', 6281, 'Ncmpkob,Eiru 20', '10:39:00', '05:45:00');
INSERT INTO public.storage VALUES (996, 'Aapxacm', 8951, 'Xjhahoj,Lgurjf 56', '10:21:00', '08:13:00');
INSERT INTO public.storage VALUES (997, 'Qilkhwu', 4527, 'Bdjpmk,Yqefqk 157', '11:28:00', '00:03:00');
INSERT INTO public.storage VALUES (998, 'Xjfqxfwcla', 8212, 'Clcbub,Pannkdf 70', '02:57:00', '18:28:00');
INSERT INTO public.storage VALUES (999, 'Grcgglfre', 5922, 'Twfdvykt,Qcqqq 65', '11:20:00', '08:41:00');
INSERT INTO public.storage VALUES (1000, 'Iiyrgw', 5282, 'Xctivw,Csabxhk 83', '04:04:00', '15:28:00');


--
-- Data for Name: worker_storage; Type: TABLE DATA; Schema: public; Owner: postgres
--

INSERT INTO public.worker_storage VALUES (511, 706);
INSERT INTO public.worker_storage VALUES (100, 385);
INSERT INTO public.worker_storage VALUES (765, 888);
INSERT INTO public.worker_storage VALUES (186, 486);
INSERT INTO public.worker_storage VALUES (745, 3);
INSERT INTO public.worker_storage VALUES (979, 717);
INSERT INTO public.worker_storage VALUES (773, 666);
INSERT INTO public.worker_storage VALUES (424, 995);
INSERT INTO public.worker_storage VALUES (142, 777);
INSERT INTO public.worker_storage VALUES (408, 684);
INSERT INTO public.worker_storage VALUES (424, 996);
INSERT INTO public.worker_storage VALUES (733, 916);
INSERT INTO public.worker_storage VALUES (759, 570);
INSERT INTO public.worker_storage VALUES (165, 876);
INSERT INTO public.worker_storage VALUES (312, 850);
INSERT INTO public.worker_storage VALUES (268, 204);
INSERT INTO public.worker_storage VALUES (888, 224);
INSERT INTO public.worker_storage VALUES (812, 62);
INSERT INTO public.worker_storage VALUES (568, 351);
INSERT INTO public.worker_storage VALUES (163, 779);
INSERT INTO public.worker_storage VALUES (178, 188);
INSERT INTO public.worker_storage VALUES (97, 813);
INSERT INTO public.worker_storage VALUES (928, 98);
INSERT INTO public.worker_storage VALUES (735, 546);
INSERT INTO public.worker_storage VALUES (517, 945);
INSERT INTO public.worker_storage VALUES (817, 691);
INSERT INTO public.worker_storage VALUES (685, 393);
INSERT INTO public.worker_storage VALUES (322, 855);
INSERT INTO public.worker_storage VALUES (965, 181);
INSERT INTO public.worker_storage VALUES (80, 69);
INSERT INTO public.worker_storage VALUES (346, 915);
INSERT INTO public.worker_storage VALUES (976, 250);
INSERT INTO public.worker_storage VALUES (705, 714);
INSERT INTO public.worker_storage VALUES (64, 840);
INSERT INTO public.worker_storage VALUES (864, 205);
INSERT INTO public.worker_storage VALUES (924, 156);
INSERT INTO public.worker_storage VALUES (912, 704);
INSERT INTO public.worker_storage VALUES (954, 286);
INSERT INTO public.worker_storage VALUES (668, 597);
INSERT INTO public.worker_storage VALUES (72, 123);
INSERT INTO public.worker_storage VALUES (786, 328);
INSERT INTO public.worker_storage VALUES (974, 718);
INSERT INTO public.worker_storage VALUES (527, 626);
INSERT INTO public.worker_storage VALUES (378, 44);
INSERT INTO public.worker_storage VALUES (781, 95);
INSERT INTO public.worker_storage VALUES (72, 253);
INSERT INTO public.worker_storage VALUES (10, 35);
INSERT INTO public.worker_storage VALUES (81, 230);
INSERT INTO public.worker_storage VALUES (38, 11);
INSERT INTO public.worker_storage VALUES (666, 570);
INSERT INTO public.worker_storage VALUES (766, 122);
INSERT INTO public.worker_storage VALUES (485, 203);
INSERT INTO public.worker_storage VALUES (923, 194);
INSERT INTO public.worker_storage VALUES (166, 739);
INSERT INTO public.worker_storage VALUES (161, 726);
INSERT INTO public.worker_storage VALUES (95, 995);
INSERT INTO public.worker_storage VALUES (259, 345);
INSERT INTO public.worker_storage VALUES (445, 468);
INSERT INTO public.worker_storage VALUES (824, 689);
INSERT INTO public.worker_storage VALUES (745, 727);
INSERT INTO public.worker_storage VALUES (492, 3);
INSERT INTO public.worker_storage VALUES (151, 192);
INSERT INTO public.worker_storage VALUES (915, 415);
INSERT INTO public.worker_storage VALUES (424, 439);
INSERT INTO public.worker_storage VALUES (201, 138);
INSERT INTO public.worker_storage VALUES (822, 885);
INSERT INTO public.worker_storage VALUES (795, 145);
INSERT INTO public.worker_storage VALUES (55, 554);
INSERT INTO public.worker_storage VALUES (125, 238);
INSERT INTO public.worker_storage VALUES (853, 546);
INSERT INTO public.worker_storage VALUES (15, 103);
INSERT INTO public.worker_storage VALUES (134, 743);
INSERT INTO public.worker_storage VALUES (94, 845);
INSERT INTO public.worker_storage VALUES (72, 407);
INSERT INTO public.worker_storage VALUES (869, 240);
INSERT INTO public.worker_storage VALUES (959, 495);
INSERT INTO public.worker_storage VALUES (898, 14);
INSERT INTO public.worker_storage VALUES (123, 532);
INSERT INTO public.worker_storage VALUES (494, 741);
INSERT INTO public.worker_storage VALUES (918, 769);
INSERT INTO public.worker_storage VALUES (456, 523);
INSERT INTO public.worker_storage VALUES (348, 741);
INSERT INTO public.worker_storage VALUES (130, 54);
INSERT INTO public.worker_storage VALUES (599, 913);
INSERT INTO public.worker_storage VALUES (189, 604);
INSERT INTO public.worker_storage VALUES (182, 489);
INSERT INTO public.worker_storage VALUES (174, 542);
INSERT INTO public.worker_storage VALUES (608, 8);
INSERT INTO public.worker_storage VALUES (447, 32);
INSERT INTO public.worker_storage VALUES (290, 590);
INSERT INTO public.worker_storage VALUES (471, 670);
INSERT INTO public.worker_storage VALUES (849, 741);
INSERT INTO public.worker_storage VALUES (489, 498);
INSERT INTO public.worker_storage VALUES (848, 456);
INSERT INTO public.worker_storage VALUES (59, 416);
INSERT INTO public.worker_storage VALUES (987, 893);
INSERT INTO public.worker_storage VALUES (2, 947);
INSERT INTO public.worker_storage VALUES (687, 480);
INSERT INTO public.worker_storage VALUES (985, 253);
INSERT INTO public.worker_storage VALUES (884, 97);
INSERT INTO public.worker_storage VALUES (857, 673);
INSERT INTO public.worker_storage VALUES (779, 270);
INSERT INTO public.worker_storage VALUES (300, 842);
INSERT INTO public.worker_storage VALUES (256, 634);
INSERT INTO public.worker_storage VALUES (303, 336);
INSERT INTO public.worker_storage VALUES (321, 781);
INSERT INTO public.worker_storage VALUES (80, 829);
INSERT INTO public.worker_storage VALUES (327, 616);
INSERT INTO public.worker_storage VALUES (845, 995);
INSERT INTO public.worker_storage VALUES (770, 151);
INSERT INTO public.worker_storage VALUES (659, 762);
INSERT INTO public.worker_storage VALUES (199, 497);
INSERT INTO public.worker_storage VALUES (604, 336);
INSERT INTO public.worker_storage VALUES (327, 807);
INSERT INTO public.worker_storage VALUES (982, 892);
INSERT INTO public.worker_storage VALUES (649, 738);
INSERT INTO public.worker_storage VALUES (395, 800);
INSERT INTO public.worker_storage VALUES (646, 11);
INSERT INTO public.worker_storage VALUES (757, 902);
INSERT INTO public.worker_storage VALUES (368, 660);
INSERT INTO public.worker_storage VALUES (484, 489);
INSERT INTO public.worker_storage VALUES (271, 97);
INSERT INTO public.worker_storage VALUES (649, 604);
INSERT INTO public.worker_storage VALUES (559, 315);
INSERT INTO public.worker_storage VALUES (635, 476);
INSERT INTO public.worker_storage VALUES (678, 402);
INSERT INTO public.worker_storage VALUES (96, 434);
INSERT INTO public.worker_storage VALUES (385, 905);
INSERT INTO public.worker_storage VALUES (78, 125);
INSERT INTO public.worker_storage VALUES (920, 830);
INSERT INTO public.worker_storage VALUES (633, 411);
INSERT INTO public.worker_storage VALUES (893, 912);
INSERT INTO public.worker_storage VALUES (467, 699);
INSERT INTO public.worker_storage VALUES (521, 237);
INSERT INTO public.worker_storage VALUES (928, 315);
INSERT INTO public.worker_storage VALUES (420, 334);
INSERT INTO public.worker_storage VALUES (736, 469);
INSERT INTO public.worker_storage VALUES (816, 326);
INSERT INTO public.worker_storage VALUES (582, 357);
INSERT INTO public.worker_storage VALUES (418, 830);
INSERT INTO public.worker_storage VALUES (5, 974);
INSERT INTO public.worker_storage VALUES (665, 945);
INSERT INTO public.worker_storage VALUES (256, 20);
INSERT INTO public.worker_storage VALUES (311, 347);
INSERT INTO public.worker_storage VALUES (646, 630);
INSERT INTO public.worker_storage VALUES (752, 32);
INSERT INTO public.worker_storage VALUES (639, 661);
INSERT INTO public.worker_storage VALUES (109, 722);
INSERT INTO public.worker_storage VALUES (544, 20);
INSERT INTO public.worker_storage VALUES (961, 107);
INSERT INTO public.worker_storage VALUES (233, 716);
INSERT INTO public.worker_storage VALUES (814, 272);
INSERT INTO public.worker_storage VALUES (710, 555);
INSERT INTO public.worker_storage VALUES (782, 223);
INSERT INTO public.worker_storage VALUES (183, 840);
INSERT INTO public.worker_storage VALUES (448, 815);
INSERT INTO public.worker_storage VALUES (567, 256);
INSERT INTO public.worker_storage VALUES (291, 613);
INSERT INTO public.worker_storage VALUES (711, 898);
INSERT INTO public.worker_storage VALUES (593, 54);
INSERT INTO public.worker_storage VALUES (179, 93);
INSERT INTO public.worker_storage VALUES (720, 592);
INSERT INTO public.worker_storage VALUES (729, 147);
INSERT INTO public.worker_storage VALUES (496, 517);
INSERT INTO public.worker_storage VALUES (339, 923);
INSERT INTO public.worker_storage VALUES (641, 383);
INSERT INTO public.worker_storage VALUES (847, 210);
INSERT INTO public.worker_storage VALUES (543, 948);
INSERT INTO public.worker_storage VALUES (454, 789);
INSERT INTO public.worker_storage VALUES (264, 524);
INSERT INTO public.worker_storage VALUES (769, 300);
INSERT INTO public.worker_storage VALUES (608, 794);
INSERT INTO public.worker_storage VALUES (169, 256);
INSERT INTO public.worker_storage VALUES (41, 815);
INSERT INTO public.worker_storage VALUES (959, 604);
INSERT INTO public.worker_storage VALUES (296, 295);
INSERT INTO public.worker_storage VALUES (823, 368);
INSERT INTO public.worker_storage VALUES (746, 817);
INSERT INTO public.worker_storage VALUES (402, 672);
INSERT INTO public.worker_storage VALUES (711, 195);
INSERT INTO public.worker_storage VALUES (690, 804);
INSERT INTO public.worker_storage VALUES (302, 770);
INSERT INTO public.worker_storage VALUES (650, 803);
INSERT INTO public.worker_storage VALUES (284, 587);
INSERT INTO public.worker_storage VALUES (465, 446);
INSERT INTO public.worker_storage VALUES (969, 552);
INSERT INTO public.worker_storage VALUES (927, 513);
INSERT INTO public.worker_storage VALUES (323, 208);
INSERT INTO public.worker_storage VALUES (366, 947);
INSERT INTO public.worker_storage VALUES (644, 390);
INSERT INTO public.worker_storage VALUES (313, 380);
INSERT INTO public.worker_storage VALUES (299, 916);
INSERT INTO public.worker_storage VALUES (993, 977);
INSERT INTO public.worker_storage VALUES (628, 55);
INSERT INTO public.worker_storage VALUES (685, 963);
INSERT INTO public.worker_storage VALUES (363, 604);
INSERT INTO public.worker_storage VALUES (804, 630);
INSERT INTO public.worker_storage VALUES (436, 580);
INSERT INTO public.worker_storage VALUES (929, 364);
INSERT INTO public.worker_storage VALUES (554, 766);
INSERT INTO public.worker_storage VALUES (723, 731);
INSERT INTO public.worker_storage VALUES (560, 133);
INSERT INTO public.worker_storage VALUES (961, 322);
INSERT INTO public.worker_storage VALUES (691, 968);
INSERT INTO public.worker_storage VALUES (529, 126);
INSERT INTO public.worker_storage VALUES (152, 708);
INSERT INTO public.worker_storage VALUES (601, 593);
INSERT INTO public.worker_storage VALUES (65, 276);
INSERT INTO public.worker_storage VALUES (704, 613);
INSERT INTO public.worker_storage VALUES (634, 495);
INSERT INTO public.worker_storage VALUES (836, 342);
INSERT INTO public.worker_storage VALUES (878, 660);
INSERT INTO public.worker_storage VALUES (757, 557);
INSERT INTO public.worker_storage VALUES (239, 799);
INSERT INTO public.worker_storage VALUES (85, 239);
INSERT INTO public.worker_storage VALUES (85, 508);
INSERT INTO public.worker_storage VALUES (763, 774);
INSERT INTO public.worker_storage VALUES (492, 602);
INSERT INTO public.worker_storage VALUES (314, 172);
INSERT INTO public.worker_storage VALUES (220, 368);
INSERT INTO public.worker_storage VALUES (351, 759);
INSERT INTO public.worker_storage VALUES (588, 806);
INSERT INTO public.worker_storage VALUES (323, 105);
INSERT INTO public.worker_storage VALUES (142, 100);
INSERT INTO public.worker_storage VALUES (724, 781);
INSERT INTO public.worker_storage VALUES (659, 586);
INSERT INTO public.worker_storage VALUES (714, 628);
INSERT INTO public.worker_storage VALUES (421, 37);
INSERT INTO public.worker_storage VALUES (392, 577);
INSERT INTO public.worker_storage VALUES (143, 861);
INSERT INTO public.worker_storage VALUES (180, 331);
INSERT INTO public.worker_storage VALUES (365, 262);
INSERT INTO public.worker_storage VALUES (201, 251);
INSERT INTO public.worker_storage VALUES (873, 733);
INSERT INTO public.worker_storage VALUES (788, 404);
INSERT INTO public.worker_storage VALUES (626, 405);
INSERT INTO public.worker_storage VALUES (905, 667);
INSERT INTO public.worker_storage VALUES (890, 31);
INSERT INTO public.worker_storage VALUES (48, 848);
INSERT INTO public.worker_storage VALUES (956, 657);
INSERT INTO public.worker_storage VALUES (967, 655);
INSERT INTO public.worker_storage VALUES (749, 966);
INSERT INTO public.worker_storage VALUES (42, 617);
INSERT INTO public.worker_storage VALUES (679, 28);
INSERT INTO public.worker_storage VALUES (267, 483);
INSERT INTO public.worker_storage VALUES (559, 742);
INSERT INTO public.worker_storage VALUES (32, 958);
INSERT INTO public.worker_storage VALUES (325, 651);
INSERT INTO public.worker_storage VALUES (710, 2);
INSERT INTO public.worker_storage VALUES (483, 204);
INSERT INTO public.worker_storage VALUES (141, 109);
INSERT INTO public.worker_storage VALUES (125, 902);
INSERT INTO public.worker_storage VALUES (859, 420);
INSERT INTO public.worker_storage VALUES (162, 566);
INSERT INTO public.worker_storage VALUES (862, 231);
INSERT INTO public.worker_storage VALUES (270, 38);
INSERT INTO public.worker_storage VALUES (719, 780);
INSERT INTO public.worker_storage VALUES (708, 678);
INSERT INTO public.worker_storage VALUES (835, 467);
INSERT INTO public.worker_storage VALUES (434, 105);
INSERT INTO public.worker_storage VALUES (291, 922);
INSERT INTO public.worker_storage VALUES (415, 762);
INSERT INTO public.worker_storage VALUES (69, 851);
INSERT INTO public.worker_storage VALUES (765, 420);
INSERT INTO public.worker_storage VALUES (98, 494);
INSERT INTO public.worker_storage VALUES (583, 707);
INSERT INTO public.worker_storage VALUES (217, 978);
INSERT INTO public.worker_storage VALUES (606, 224);
INSERT INTO public.worker_storage VALUES (424, 164);
INSERT INTO public.worker_storage VALUES (733, 970);
INSERT INTO public.worker_storage VALUES (329, 974);
INSERT INTO public.worker_storage VALUES (180, 142);
INSERT INTO public.worker_storage VALUES (699, 458);
INSERT INTO public.worker_storage VALUES (864, 96);
INSERT INTO public.worker_storage VALUES (155, 724);
INSERT INTO public.worker_storage VALUES (872, 771);
INSERT INTO public.worker_storage VALUES (611, 211);
INSERT INTO public.worker_storage VALUES (767, 304);
INSERT INTO public.worker_storage VALUES (215, 450);
INSERT INTO public.worker_storage VALUES (274, 20);
INSERT INTO public.worker_storage VALUES (604, 817);
INSERT INTO public.worker_storage VALUES (936, 731);
INSERT INTO public.worker_storage VALUES (322, 16);
INSERT INTO public.worker_storage VALUES (51, 955);
INSERT INTO public.worker_storage VALUES (174, 548);
INSERT INTO public.worker_storage VALUES (108, 634);
INSERT INTO public.worker_storage VALUES (577, 585);
INSERT INTO public.worker_storage VALUES (797, 195);
INSERT INTO public.worker_storage VALUES (801, 573);
INSERT INTO public.worker_storage VALUES (163, 148);
INSERT INTO public.worker_storage VALUES (216, 190);
INSERT INTO public.worker_storage VALUES (182, 320);
INSERT INTO public.worker_storage VALUES (303, 868);
INSERT INTO public.worker_storage VALUES (986, 592);
INSERT INTO public.worker_storage VALUES (311, 788);
INSERT INTO public.worker_storage VALUES (642, 249);
INSERT INTO public.worker_storage VALUES (843, 822);
INSERT INTO public.worker_storage VALUES (783, 496);
INSERT INTO public.worker_storage VALUES (493, 97);
INSERT INTO public.worker_storage VALUES (822, 899);
INSERT INTO public.worker_storage VALUES (443, 355);
INSERT INTO public.worker_storage VALUES (171, 931);
INSERT INTO public.worker_storage VALUES (791, 615);
INSERT INTO public.worker_storage VALUES (511, 435);
INSERT INTO public.worker_storage VALUES (434, 843);
INSERT INTO public.worker_storage VALUES (810, 904);
INSERT INTO public.worker_storage VALUES (764, 782);
INSERT INTO public.worker_storage VALUES (68, 480);
INSERT INTO public.worker_storage VALUES (909, 606);
INSERT INTO public.worker_storage VALUES (632, 90);
INSERT INTO public.worker_storage VALUES (216, 308);
INSERT INTO public.worker_storage VALUES (342, 999);
INSERT INTO public.worker_storage VALUES (561, 549);
INSERT INTO public.worker_storage VALUES (692, 532);
INSERT INTO public.worker_storage VALUES (878, 975);
INSERT INTO public.worker_storage VALUES (329, 122);
INSERT INTO public.worker_storage VALUES (145, 755);
INSERT INTO public.worker_storage VALUES (511, 883);
INSERT INTO public.worker_storage VALUES (267, 399);
INSERT INTO public.worker_storage VALUES (554, 717);
INSERT INTO public.worker_storage VALUES (940, 481);
INSERT INTO public.worker_storage VALUES (205, 498);
INSERT INTO public.worker_storage VALUES (310, 727);
INSERT INTO public.worker_storage VALUES (783, 366);
INSERT INTO public.worker_storage VALUES (283, 300);
INSERT INTO public.worker_storage VALUES (77, 168);
INSERT INTO public.worker_storage VALUES (241, 616);
INSERT INTO public.worker_storage VALUES (489, 506);
INSERT INTO public.worker_storage VALUES (385, 312);
INSERT INTO public.worker_storage VALUES (250, 729);
INSERT INTO public.worker_storage VALUES (16, 639);
INSERT INTO public.worker_storage VALUES (596, 161);
INSERT INTO public.worker_storage VALUES (690, 241);
INSERT INTO public.worker_storage VALUES (252, 705);
INSERT INTO public.worker_storage VALUES (307, 294);
INSERT INTO public.worker_storage VALUES (542, 742);
INSERT INTO public.worker_storage VALUES (256, 217);
INSERT INTO public.worker_storage VALUES (273, 742);
INSERT INTO public.worker_storage VALUES (4, 521);
INSERT INTO public.worker_storage VALUES (347, 348);
INSERT INTO public.worker_storage VALUES (76, 3);
INSERT INTO public.worker_storage VALUES (172, 574);
INSERT INTO public.worker_storage VALUES (80, 164);
INSERT INTO public.worker_storage VALUES (43, 765);
INSERT INTO public.worker_storage VALUES (654, 602);
INSERT INTO public.worker_storage VALUES (786, 117);
INSERT INTO public.worker_storage VALUES (140, 429);
INSERT INTO public.worker_storage VALUES (547, 774);
INSERT INTO public.worker_storage VALUES (397, 344);
INSERT INTO public.worker_storage VALUES (658, 155);
INSERT INTO public.worker_storage VALUES (48, 771);
INSERT INTO public.worker_storage VALUES (630, 542);
INSERT INTO public.worker_storage VALUES (719, 959);
INSERT INTO public.worker_storage VALUES (328, 939);
INSERT INTO public.worker_storage VALUES (861, 103);
INSERT INTO public.worker_storage VALUES (503, 199);
INSERT INTO public.worker_storage VALUES (162, 471);
INSERT INTO public.worker_storage VALUES (8, 128);
INSERT INTO public.worker_storage VALUES (808, 888);
INSERT INTO public.worker_storage VALUES (761, 672);
INSERT INTO public.worker_storage VALUES (397, 682);
INSERT INTO public.worker_storage VALUES (721, 627);
INSERT INTO public.worker_storage VALUES (357, 269);
INSERT INTO public.worker_storage VALUES (569, 372);
INSERT INTO public.worker_storage VALUES (790, 551);
INSERT INTO public.worker_storage VALUES (768, 946);
INSERT INTO public.worker_storage VALUES (791, 493);
INSERT INTO public.worker_storage VALUES (286, 434);
INSERT INTO public.worker_storage VALUES (802, 695);
INSERT INTO public.worker_storage VALUES (119, 718);
INSERT INTO public.worker_storage VALUES (343, 313);
INSERT INTO public.worker_storage VALUES (20, 112);
INSERT INTO public.worker_storage VALUES (948, 810);
INSERT INTO public.worker_storage VALUES (142, 897);
INSERT INTO public.worker_storage VALUES (12, 383);
INSERT INTO public.worker_storage VALUES (531, 253);
INSERT INTO public.worker_storage VALUES (851, 701);
INSERT INTO public.worker_storage VALUES (847, 931);
INSERT INTO public.worker_storage VALUES (122, 381);
INSERT INTO public.worker_storage VALUES (623, 728);
INSERT INTO public.worker_storage VALUES (25, 564);
INSERT INTO public.worker_storage VALUES (128, 300);
INSERT INTO public.worker_storage VALUES (486, 901);
INSERT INTO public.worker_storage VALUES (110, 518);
INSERT INTO public.worker_storage VALUES (960, 357);
INSERT INTO public.worker_storage VALUES (882, 287);
INSERT INTO public.worker_storage VALUES (940, 391);
INSERT INTO public.worker_storage VALUES (244, 505);
INSERT INTO public.worker_storage VALUES (301, 982);
INSERT INTO public.worker_storage VALUES (935, 712);
INSERT INTO public.worker_storage VALUES (414, 593);
INSERT INTO public.worker_storage VALUES (252, 920);
INSERT INTO public.worker_storage VALUES (762, 561);
INSERT INTO public.worker_storage VALUES (797, 20);
INSERT INTO public.worker_storage VALUES (109, 795);
INSERT INTO public.worker_storage VALUES (909, 597);
INSERT INTO public.worker_storage VALUES (278, 324);
INSERT INTO public.worker_storage VALUES (160, 98);
INSERT INTO public.worker_storage VALUES (69, 267);
INSERT INTO public.worker_storage VALUES (921, 319);
INSERT INTO public.worker_storage VALUES (620, 647);
INSERT INTO public.worker_storage VALUES (604, 89);
INSERT INTO public.worker_storage VALUES (460, 771);
INSERT INTO public.worker_storage VALUES (793, 723);
INSERT INTO public.worker_storage VALUES (639, 196);
INSERT INTO public.worker_storage VALUES (597, 289);
INSERT INTO public.worker_storage VALUES (301, 369);
INSERT INTO public.worker_storage VALUES (611, 344);
INSERT INTO public.worker_storage VALUES (222, 250);
INSERT INTO public.worker_storage VALUES (45, 746);
INSERT INTO public.worker_storage VALUES (93, 593);
INSERT INTO public.worker_storage VALUES (761, 962);
INSERT INTO public.worker_storage VALUES (383, 276);
INSERT INTO public.worker_storage VALUES (764, 975);
INSERT INTO public.worker_storage VALUES (356, 324);
INSERT INTO public.worker_storage VALUES (307, 126);
INSERT INTO public.worker_storage VALUES (986, 884);
INSERT INTO public.worker_storage VALUES (431, 493);
INSERT INTO public.worker_storage VALUES (569, 928);
INSERT INTO public.worker_storage VALUES (271, 115);
INSERT INTO public.worker_storage VALUES (915, 775);
INSERT INTO public.worker_storage VALUES (468, 235);
INSERT INTO public.worker_storage VALUES (906, 170);
INSERT INTO public.worker_storage VALUES (579, 251);
INSERT INTO public.worker_storage VALUES (892, 886);
INSERT INTO public.worker_storage VALUES (686, 554);
INSERT INTO public.worker_storage VALUES (294, 321);
INSERT INTO public.worker_storage VALUES (808, 588);
INSERT INTO public.worker_storage VALUES (901, 557);
INSERT INTO public.worker_storage VALUES (607, 39);
INSERT INTO public.worker_storage VALUES (524, 413);
INSERT INTO public.worker_storage VALUES (845, 875);
INSERT INTO public.worker_storage VALUES (948, 911);
INSERT INTO public.worker_storage VALUES (350, 86);
INSERT INTO public.worker_storage VALUES (851, 42);
INSERT INTO public.worker_storage VALUES (170, 826);
INSERT INTO public.worker_storage VALUES (128, 918);
INSERT INTO public.worker_storage VALUES (188, 59);
INSERT INTO public.worker_storage VALUES (256, 38);
INSERT INTO public.worker_storage VALUES (714, 969);
INSERT INTO public.worker_storage VALUES (753, 198);
INSERT INTO public.worker_storage VALUES (922, 790);
INSERT INTO public.worker_storage VALUES (16, 572);
INSERT INTO public.worker_storage VALUES (160, 912);
INSERT INTO public.worker_storage VALUES (98, 338);
INSERT INTO public.worker_storage VALUES (16, 990);
INSERT INTO public.worker_storage VALUES (371, 554);
INSERT INTO public.worker_storage VALUES (211, 429);
INSERT INTO public.worker_storage VALUES (872, 898);
INSERT INTO public.worker_storage VALUES (517, 531);
INSERT INTO public.worker_storage VALUES (447, 946);
INSERT INTO public.worker_storage VALUES (709, 244);
INSERT INTO public.worker_storage VALUES (764, 440);
INSERT INTO public.worker_storage VALUES (328, 65);
INSERT INTO public.worker_storage VALUES (819, 739);
INSERT INTO public.worker_storage VALUES (661, 695);
INSERT INTO public.worker_storage VALUES (881, 30);
INSERT INTO public.worker_storage VALUES (875, 708);
INSERT INTO public.worker_storage VALUES (171, 607);
INSERT INTO public.worker_storage VALUES (651, 376);
INSERT INTO public.worker_storage VALUES (583, 349);
INSERT INTO public.worker_storage VALUES (992, 382);
INSERT INTO public.worker_storage VALUES (705, 587);
INSERT INTO public.worker_storage VALUES (707, 704);
INSERT INTO public.worker_storage VALUES (540, 465);
INSERT INTO public.worker_storage VALUES (3, 729);
INSERT INTO public.worker_storage VALUES (450, 629);
INSERT INTO public.worker_storage VALUES (837, 871);
INSERT INTO public.worker_storage VALUES (308, 672);
INSERT INTO public.worker_storage VALUES (9, 197);
INSERT INTO public.worker_storage VALUES (417, 674);
INSERT INTO public.worker_storage VALUES (990, 338);
INSERT INTO public.worker_storage VALUES (586, 48);
INSERT INTO public.worker_storage VALUES (790, 814);
INSERT INTO public.worker_storage VALUES (54, 513);
INSERT INTO public.worker_storage VALUES (418, 826);
INSERT INTO public.worker_storage VALUES (85, 89);
INSERT INTO public.worker_storage VALUES (829, 427);
INSERT INTO public.worker_storage VALUES (585, 118);
INSERT INTO public.worker_storage VALUES (879, 584);
INSERT INTO public.worker_storage VALUES (771, 501);
INSERT INTO public.worker_storage VALUES (778, 61);
INSERT INTO public.worker_storage VALUES (128, 369);
INSERT INTO public.worker_storage VALUES (279, 108);
INSERT INTO public.worker_storage VALUES (803, 577);
INSERT INTO public.worker_storage VALUES (152, 496);
INSERT INTO public.worker_storage VALUES (214, 370);
INSERT INTO public.worker_storage VALUES (973, 220);
INSERT INTO public.worker_storage VALUES (783, 794);
INSERT INTO public.worker_storage VALUES (77, 464);
INSERT INTO public.worker_storage VALUES (859, 28);
INSERT INTO public.worker_storage VALUES (299, 282);
INSERT INTO public.worker_storage VALUES (216, 810);
INSERT INTO public.worker_storage VALUES (994, 85);
INSERT INTO public.worker_storage VALUES (713, 244);
INSERT INTO public.worker_storage VALUES (2, 179);
INSERT INTO public.worker_storage VALUES (158, 469);
INSERT INTO public.worker_storage VALUES (372, 603);
INSERT INTO public.worker_storage VALUES (643, 473);
INSERT INTO public.worker_storage VALUES (343, 924);
INSERT INTO public.worker_storage VALUES (294, 463);
INSERT INTO public.worker_storage VALUES (562, 551);
INSERT INTO public.worker_storage VALUES (658, 190);
INSERT INTO public.worker_storage VALUES (176, 209);
INSERT INTO public.worker_storage VALUES (864, 920);
INSERT INTO public.worker_storage VALUES (476, 590);
INSERT INTO public.worker_storage VALUES (129, 383);
INSERT INTO public.worker_storage VALUES (623, 938);
INSERT INTO public.worker_storage VALUES (403, 294);
INSERT INTO public.worker_storage VALUES (27, 661);
INSERT INTO public.worker_storage VALUES (472, 336);
INSERT INTO public.worker_storage VALUES (195, 412);
INSERT INTO public.worker_storage VALUES (503, 616);
INSERT INTO public.worker_storage VALUES (214, 479);
INSERT INTO public.worker_storage VALUES (133, 706);
INSERT INTO public.worker_storage VALUES (141, 942);
INSERT INTO public.worker_storage VALUES (391, 238);
INSERT INTO public.worker_storage VALUES (866, 236);
INSERT INTO public.worker_storage VALUES (401, 766);
INSERT INTO public.worker_storage VALUES (825, 396);
INSERT INTO public.worker_storage VALUES (532, 844);
INSERT INTO public.worker_storage VALUES (740, 518);
INSERT INTO public.worker_storage VALUES (553, 363);
INSERT INTO public.worker_storage VALUES (818, 390);
INSERT INTO public.worker_storage VALUES (859, 747);
INSERT INTO public.worker_storage VALUES (433, 182);
INSERT INTO public.worker_storage VALUES (984, 563);
INSERT INTO public.worker_storage VALUES (267, 30);
INSERT INTO public.worker_storage VALUES (383, 247);
INSERT INTO public.worker_storage VALUES (842, 640);
INSERT INTO public.worker_storage VALUES (374, 693);
INSERT INTO public.worker_storage VALUES (497, 357);
INSERT INTO public.worker_storage VALUES (11, 589);
INSERT INTO public.worker_storage VALUES (303, 967);
INSERT INTO public.worker_storage VALUES (229, 756);
INSERT INTO public.worker_storage VALUES (232, 40);
INSERT INTO public.worker_storage VALUES (202, 629);
INSERT INTO public.worker_storage VALUES (220, 368);
INSERT INTO public.worker_storage VALUES (335, 43);
INSERT INTO public.worker_storage VALUES (923, 171);
INSERT INTO public.worker_storage VALUES (124, 283);
INSERT INTO public.worker_storage VALUES (252, 976);
INSERT INTO public.worker_storage VALUES (209, 248);
INSERT INTO public.worker_storage VALUES (160, 618);
INSERT INTO public.worker_storage VALUES (32, 136);
INSERT INTO public.worker_storage VALUES (365, 468);
INSERT INTO public.worker_storage VALUES (313, 710);
INSERT INTO public.worker_storage VALUES (552, 29);
INSERT INTO public.worker_storage VALUES (375, 672);
INSERT INTO public.worker_storage VALUES (644, 810);
INSERT INTO public.worker_storage VALUES (71, 298);
INSERT INTO public.worker_storage VALUES (565, 238);
INSERT INTO public.worker_storage VALUES (449, 488);
INSERT INTO public.worker_storage VALUES (494, 146);
INSERT INTO public.worker_storage VALUES (837, 397);
INSERT INTO public.worker_storage VALUES (42, 220);
INSERT INTO public.worker_storage VALUES (305, 829);
INSERT INTO public.worker_storage VALUES (638, 901);
INSERT INTO public.worker_storage VALUES (554, 362);
INSERT INTO public.worker_storage VALUES (406, 996);
INSERT INTO public.worker_storage VALUES (283, 518);
INSERT INTO public.worker_storage VALUES (404, 937);
INSERT INTO public.worker_storage VALUES (427, 544);
INSERT INTO public.worker_storage VALUES (982, 309);
INSERT INTO public.worker_storage VALUES (55, 419);
INSERT INTO public.worker_storage VALUES (210, 887);
INSERT INTO public.worker_storage VALUES (971, 630);
INSERT INTO public.worker_storage VALUES (777, 393);
INSERT INTO public.worker_storage VALUES (4, 751);
INSERT INTO public.worker_storage VALUES (122, 631);
INSERT INTO public.worker_storage VALUES (199, 311);
INSERT INTO public.worker_storage VALUES (178, 168);
INSERT INTO public.worker_storage VALUES (176, 925);
INSERT INTO public.worker_storage VALUES (785, 210);
INSERT INTO public.worker_storage VALUES (565, 161);
INSERT INTO public.worker_storage VALUES (262, 486);
INSERT INTO public.worker_storage VALUES (681, 739);
INSERT INTO public.worker_storage VALUES (231, 217);
INSERT INTO public.worker_storage VALUES (424, 764);
INSERT INTO public.worker_storage VALUES (13, 410);
INSERT INTO public.worker_storage VALUES (942, 557);
INSERT INTO public.worker_storage VALUES (647, 152);
INSERT INTO public.worker_storage VALUES (224, 88);
INSERT INTO public.worker_storage VALUES (271, 888);
INSERT INTO public.worker_storage VALUES (893, 885);
INSERT INTO public.worker_storage VALUES (888, 502);
INSERT INTO public.worker_storage VALUES (688, 559);
INSERT INTO public.worker_storage VALUES (38, 261);
INSERT INTO public.worker_storage VALUES (5, 552);
INSERT INTO public.worker_storage VALUES (112, 645);
INSERT INTO public.worker_storage VALUES (984, 565);
INSERT INTO public.worker_storage VALUES (587, 280);
INSERT INTO public.worker_storage VALUES (226, 51);
INSERT INTO public.worker_storage VALUES (391, 952);
INSERT INTO public.worker_storage VALUES (514, 396);
INSERT INTO public.worker_storage VALUES (925, 627);
INSERT INTO public.worker_storage VALUES (78, 966);
INSERT INTO public.worker_storage VALUES (39, 156);
INSERT INTO public.worker_storage VALUES (813, 329);
INSERT INTO public.worker_storage VALUES (41, 456);
INSERT INTO public.worker_storage VALUES (901, 448);
INSERT INTO public.worker_storage VALUES (719, 837);
INSERT INTO public.worker_storage VALUES (804, 426);
INSERT INTO public.worker_storage VALUES (684, 612);
INSERT INTO public.worker_storage VALUES (412, 605);
INSERT INTO public.worker_storage VALUES (28, 168);
INSERT INTO public.worker_storage VALUES (740, 458);
INSERT INTO public.worker_storage VALUES (169, 145);
INSERT INTO public.worker_storage VALUES (774, 388);
INSERT INTO public.worker_storage VALUES (37, 201);
INSERT INTO public.worker_storage VALUES (227, 566);
INSERT INTO public.worker_storage VALUES (791, 696);
INSERT INTO public.worker_storage VALUES (522, 817);
INSERT INTO public.worker_storage VALUES (660, 813);
INSERT INTO public.worker_storage VALUES (60, 318);
INSERT INTO public.worker_storage VALUES (118, 654);
INSERT INTO public.worker_storage VALUES (839, 632);
INSERT INTO public.worker_storage VALUES (127, 607);
INSERT INTO public.worker_storage VALUES (168, 991);
INSERT INTO public.worker_storage VALUES (396, 859);
INSERT INTO public.worker_storage VALUES (29, 950);
INSERT INTO public.worker_storage VALUES (394, 908);
INSERT INTO public.worker_storage VALUES (886, 981);
INSERT INTO public.worker_storage VALUES (752, 484);
INSERT INTO public.worker_storage VALUES (124, 323);
INSERT INTO public.worker_storage VALUES (899, 655);
INSERT INTO public.worker_storage VALUES (186, 775);
INSERT INTO public.worker_storage VALUES (93, 540);
INSERT INTO public.worker_storage VALUES (634, 19);
INSERT INTO public.worker_storage VALUES (732, 330);
INSERT INTO public.worker_storage VALUES (224, 356);
INSERT INTO public.worker_storage VALUES (569, 315);
INSERT INTO public.worker_storage VALUES (430, 645);
INSERT INTO public.worker_storage VALUES (377, 260);
INSERT INTO public.worker_storage VALUES (269, 643);
INSERT INTO public.worker_storage VALUES (994, 44);
INSERT INTO public.worker_storage VALUES (924, 106);
INSERT INTO public.worker_storage VALUES (407, 496);
INSERT INTO public.worker_storage VALUES (373, 932);
INSERT INTO public.worker_storage VALUES (941, 568);
INSERT INTO public.worker_storage VALUES (871, 525);
INSERT INTO public.worker_storage VALUES (696, 73);
INSERT INTO public.worker_storage VALUES (272, 17);
INSERT INTO public.worker_storage VALUES (89, 693);
INSERT INTO public.worker_storage VALUES (612, 535);
INSERT INTO public.worker_storage VALUES (686, 700);
INSERT INTO public.worker_storage VALUES (105, 881);
INSERT INTO public.worker_storage VALUES (152, 547);
INSERT INTO public.worker_storage VALUES (638, 295);
INSERT INTO public.worker_storage VALUES (687, 485);
INSERT INTO public.worker_storage VALUES (113, 386);
INSERT INTO public.worker_storage VALUES (945, 449);
INSERT INTO public.worker_storage VALUES (826, 656);
INSERT INTO public.worker_storage VALUES (442, 287);
INSERT INTO public.worker_storage VALUES (775, 986);
INSERT INTO public.worker_storage VALUES (405, 750);
INSERT INTO public.worker_storage VALUES (353, 989);
INSERT INTO public.worker_storage VALUES (761, 495);
INSERT INTO public.worker_storage VALUES (242, 836);
INSERT INTO public.worker_storage VALUES (447, 689);
INSERT INTO public.worker_storage VALUES (256, 458);
INSERT INTO public.worker_storage VALUES (95, 670);
INSERT INTO public.worker_storage VALUES (734, 865);
INSERT INTO public.worker_storage VALUES (151, 543);
INSERT INTO public.worker_storage VALUES (413, 575);
INSERT INTO public.worker_storage VALUES (75, 454);
INSERT INTO public.worker_storage VALUES (195, 640);
INSERT INTO public.worker_storage VALUES (350, 241);
INSERT INTO public.worker_storage VALUES (394, 972);
INSERT INTO public.worker_storage VALUES (669, 486);
INSERT INTO public.worker_storage VALUES (83, 314);
INSERT INTO public.worker_storage VALUES (653, 85);
INSERT INTO public.worker_storage VALUES (410, 611);
INSERT INTO public.worker_storage VALUES (209, 319);
INSERT INTO public.worker_storage VALUES (847, 465);
INSERT INTO public.worker_storage VALUES (551, 687);
INSERT INTO public.worker_storage VALUES (168, 497);
INSERT INTO public.worker_storage VALUES (884, 168);
INSERT INTO public.worker_storage VALUES (712, 8);
INSERT INTO public.worker_storage VALUES (470, 711);
INSERT INTO public.worker_storage VALUES (229, 953);
INSERT INTO public.worker_storage VALUES (49, 864);
INSERT INTO public.worker_storage VALUES (776, 635);
INSERT INTO public.worker_storage VALUES (911, 824);
INSERT INTO public.worker_storage VALUES (475, 543);
INSERT INTO public.worker_storage VALUES (960, 890);
INSERT INTO public.worker_storage VALUES (6, 384);
INSERT INTO public.worker_storage VALUES (822, 850);
INSERT INTO public.worker_storage VALUES (577, 241);
INSERT INTO public.worker_storage VALUES (1, 417);
INSERT INTO public.worker_storage VALUES (15, 499);
INSERT INTO public.worker_storage VALUES (993, 554);
INSERT INTO public.worker_storage VALUES (152, 186);
INSERT INTO public.worker_storage VALUES (328, 151);
INSERT INTO public.worker_storage VALUES (466, 423);
INSERT INTO public.worker_storage VALUES (271, 623);
INSERT INTO public.worker_storage VALUES (359, 531);
INSERT INTO public.worker_storage VALUES (959, 953);
INSERT INTO public.worker_storage VALUES (761, 88);
INSERT INTO public.worker_storage VALUES (71, 414);
INSERT INTO public.worker_storage VALUES (564, 475);
INSERT INTO public.worker_storage VALUES (30, 810);
INSERT INTO public.worker_storage VALUES (559, 323);
INSERT INTO public.worker_storage VALUES (616, 20);
INSERT INTO public.worker_storage VALUES (838, 745);
INSERT INTO public.worker_storage VALUES (978, 513);
INSERT INTO public.worker_storage VALUES (530, 692);
INSERT INTO public.worker_storage VALUES (163, 55);
INSERT INTO public.worker_storage VALUES (432, 720);
INSERT INTO public.worker_storage VALUES (700, 661);
INSERT INTO public.worker_storage VALUES (980, 915);
INSERT INTO public.worker_storage VALUES (313, 889);
INSERT INTO public.worker_storage VALUES (444, 449);
INSERT INTO public.worker_storage VALUES (797, 605);
INSERT INTO public.worker_storage VALUES (791, 621);
INSERT INTO public.worker_storage VALUES (97, 237);
INSERT INTO public.worker_storage VALUES (378, 452);
INSERT INTO public.worker_storage VALUES (734, 287);
INSERT INTO public.worker_storage VALUES (166, 462);
INSERT INTO public.worker_storage VALUES (454, 727);
INSERT INTO public.worker_storage VALUES (421, 861);
INSERT INTO public.worker_storage VALUES (401, 844);
INSERT INTO public.worker_storage VALUES (977, 505);
INSERT INTO public.worker_storage VALUES (315, 420);
INSERT INTO public.worker_storage VALUES (3, 287);
INSERT INTO public.worker_storage VALUES (445, 74);
INSERT INTO public.worker_storage VALUES (528, 140);
INSERT INTO public.worker_storage VALUES (717, 5);
INSERT INTO public.worker_storage VALUES (579, 941);
INSERT INTO public.worker_storage VALUES (766, 58);
INSERT INTO public.worker_storage VALUES (836, 259);
INSERT INTO public.worker_storage VALUES (415, 897);
INSERT INTO public.worker_storage VALUES (404, 444);
INSERT INTO public.worker_storage VALUES (641, 9);
INSERT INTO public.worker_storage VALUES (876, 354);
INSERT INTO public.worker_storage VALUES (969, 152);
INSERT INTO public.worker_storage VALUES (870, 198);
INSERT INTO public.worker_storage VALUES (153, 134);
INSERT INTO public.worker_storage VALUES (94, 584);
INSERT INTO public.worker_storage VALUES (8, 899);
INSERT INTO public.worker_storage VALUES (298, 597);
INSERT INTO public.worker_storage VALUES (957, 915);
INSERT INTO public.worker_storage VALUES (27, 882);
INSERT INTO public.worker_storage VALUES (320, 300);
INSERT INTO public.worker_storage VALUES (9, 773);
INSERT INTO public.worker_storage VALUES (305, 760);
INSERT INTO public.worker_storage VALUES (273, 132);
INSERT INTO public.worker_storage VALUES (21, 219);
INSERT INTO public.worker_storage VALUES (879, 21);
INSERT INTO public.worker_storage VALUES (204, 856);
INSERT INTO public.worker_storage VALUES (546, 694);
INSERT INTO public.worker_storage VALUES (770, 990);
INSERT INTO public.worker_storage VALUES (371, 109);
INSERT INTO public.worker_storage VALUES (576, 640);
INSERT INTO public.worker_storage VALUES (324, 905);
INSERT INTO public.worker_storage VALUES (607, 972);
INSERT INTO public.worker_storage VALUES (387, 36);
INSERT INTO public.worker_storage VALUES (207, 382);
INSERT INTO public.worker_storage VALUES (910, 297);
INSERT INTO public.worker_storage VALUES (816, 659);
INSERT INTO public.worker_storage VALUES (710, 740);
INSERT INTO public.worker_storage VALUES (726, 690);
INSERT INTO public.worker_storage VALUES (922, 861);
INSERT INTO public.worker_storage VALUES (97, 454);
INSERT INTO public.worker_storage VALUES (55, 951);
INSERT INTO public.worker_storage VALUES (407, 94);
INSERT INTO public.worker_storage VALUES (383, 787);
INSERT INTO public.worker_storage VALUES (170, 934);
INSERT INTO public.worker_storage VALUES (74, 55);
INSERT INTO public.worker_storage VALUES (954, 485);
INSERT INTO public.worker_storage VALUES (883, 303);
INSERT INTO public.worker_storage VALUES (742, 761);
INSERT INTO public.worker_storage VALUES (526, 352);
INSERT INTO public.worker_storage VALUES (614, 38);
INSERT INTO public.worker_storage VALUES (291, 694);
INSERT INTO public.worker_storage VALUES (787, 283);
INSERT INTO public.worker_storage VALUES (721, 648);
INSERT INTO public.worker_storage VALUES (85, 678);
INSERT INTO public.worker_storage VALUES (810, 415);
INSERT INTO public.worker_storage VALUES (968, 129);
INSERT INTO public.worker_storage VALUES (87, 190);
INSERT INTO public.worker_storage VALUES (265, 884);
INSERT INTO public.worker_storage VALUES (438, 455);
INSERT INTO public.worker_storage VALUES (454, 865);
INSERT INTO public.worker_storage VALUES (171, 648);
INSERT INTO public.worker_storage VALUES (817, 333);
INSERT INTO public.worker_storage VALUES (671, 50);
INSERT INTO public.worker_storage VALUES (941, 499);
INSERT INTO public.worker_storage VALUES (112, 988);
INSERT INTO public.worker_storage VALUES (542, 66);
INSERT INTO public.worker_storage VALUES (104, 31);
INSERT INTO public.worker_storage VALUES (768, 256);
INSERT INTO public.worker_storage VALUES (208, 769);
INSERT INTO public.worker_storage VALUES (85, 61);
INSERT INTO public.worker_storage VALUES (958, 135);
INSERT INTO public.worker_storage VALUES (125, 230);
INSERT INTO public.worker_storage VALUES (221, 822);
INSERT INTO public.worker_storage VALUES (374, 755);
INSERT INTO public.worker_storage VALUES (6, 315);
INSERT INTO public.worker_storage VALUES (328, 621);
INSERT INTO public.worker_storage VALUES (445, 456);
INSERT INTO public.worker_storage VALUES (918, 595);
INSERT INTO public.worker_storage VALUES (209, 144);
INSERT INTO public.worker_storage VALUES (424, 800);
INSERT INTO public.worker_storage VALUES (415, 99);
INSERT INTO public.worker_storage VALUES (844, 746);
INSERT INTO public.worker_storage VALUES (92, 224);
INSERT INTO public.worker_storage VALUES (878, 331);
INSERT INTO public.worker_storage VALUES (65, 167);
INSERT INTO public.worker_storage VALUES (933, 316);
INSERT INTO public.worker_storage VALUES (992, 568);
INSERT INTO public.worker_storage VALUES (675, 718);
INSERT INTO public.worker_storage VALUES (744, 134);
INSERT INTO public.worker_storage VALUES (877, 89);
INSERT INTO public.worker_storage VALUES (22, 391);
INSERT INTO public.worker_storage VALUES (486, 985);
INSERT INTO public.worker_storage VALUES (76, 127);
INSERT INTO public.worker_storage VALUES (503, 662);
INSERT INTO public.worker_storage VALUES (615, 704);
INSERT INTO public.worker_storage VALUES (674, 745);
INSERT INTO public.worker_storage VALUES (304, 383);
INSERT INTO public.worker_storage VALUES (71, 392);
INSERT INTO public.worker_storage VALUES (190, 283);
INSERT INTO public.worker_storage VALUES (735, 919);
INSERT INTO public.worker_storage VALUES (308, 638);
INSERT INTO public.worker_storage VALUES (85, 503);
INSERT INTO public.worker_storage VALUES (292, 704);
INSERT INTO public.worker_storage VALUES (5, 69);
INSERT INTO public.worker_storage VALUES (39, 959);
INSERT INTO public.worker_storage VALUES (124, 957);
INSERT INTO public.worker_storage VALUES (970, 996);
INSERT INTO public.worker_storage VALUES (66, 682);
INSERT INTO public.worker_storage VALUES (765, 457);
INSERT INTO public.worker_storage VALUES (791, 930);
INSERT INTO public.worker_storage VALUES (382, 282);
INSERT INTO public.worker_storage VALUES (865, 144);
INSERT INTO public.worker_storage VALUES (591, 614);
INSERT INTO public.worker_storage VALUES (13, 876);
INSERT INTO public.worker_storage VALUES (102, 348);
INSERT INTO public.worker_storage VALUES (810, 489);
INSERT INTO public.worker_storage VALUES (326, 514);
INSERT INTO public.worker_storage VALUES (245, 146);
INSERT INTO public.worker_storage VALUES (799, 16);
INSERT INTO public.worker_storage VALUES (687, 581);
INSERT INTO public.worker_storage VALUES (463, 689);
INSERT INTO public.worker_storage VALUES (374, 293);
INSERT INTO public.worker_storage VALUES (720, 723);
INSERT INTO public.worker_storage VALUES (247, 502);
INSERT INTO public.worker_storage VALUES (638, 917);
INSERT INTO public.worker_storage VALUES (344, 755);
INSERT INTO public.worker_storage VALUES (131, 404);
INSERT INTO public.worker_storage VALUES (519, 429);
INSERT INTO public.worker_storage VALUES (953, 671);
INSERT INTO public.worker_storage VALUES (781, 795);
INSERT INTO public.worker_storage VALUES (209, 323);
INSERT INTO public.worker_storage VALUES (726, 246);
INSERT INTO public.worker_storage VALUES (804, 508);
INSERT INTO public.worker_storage VALUES (590, 847);
INSERT INTO public.worker_storage VALUES (145, 983);
INSERT INTO public.worker_storage VALUES (821, 470);
INSERT INTO public.worker_storage VALUES (38, 418);
INSERT INTO public.worker_storage VALUES (156, 501);
INSERT INTO public.worker_storage VALUES (773, 809);
INSERT INTO public.worker_storage VALUES (358, 847);
INSERT INTO public.worker_storage VALUES (27, 444);
INSERT INTO public.worker_storage VALUES (748, 865);
INSERT INTO public.worker_storage VALUES (539, 949);
INSERT INTO public.worker_storage VALUES (603, 844);
INSERT INTO public.worker_storage VALUES (31, 901);
INSERT INTO public.worker_storage VALUES (267, 839);
INSERT INTO public.worker_storage VALUES (574, 350);
INSERT INTO public.worker_storage VALUES (147, 750);
INSERT INTO public.worker_storage VALUES (457, 350);
INSERT INTO public.worker_storage VALUES (542, 259);
INSERT INTO public.worker_storage VALUES (412, 288);
INSERT INTO public.worker_storage VALUES (382, 359);
INSERT INTO public.worker_storage VALUES (970, 48);
INSERT INTO public.worker_storage VALUES (215, 745);
INSERT INTO public.worker_storage VALUES (311, 337);
INSERT INTO public.worker_storage VALUES (629, 944);
INSERT INTO public.worker_storage VALUES (872, 869);
INSERT INTO public.worker_storage VALUES (925, 357);
INSERT INTO public.worker_storage VALUES (871, 691);
INSERT INTO public.worker_storage VALUES (224, 963);
INSERT INTO public.worker_storage VALUES (94, 779);
INSERT INTO public.worker_storage VALUES (765, 476);
INSERT INTO public.worker_storage VALUES (160, 564);
INSERT INTO public.worker_storage VALUES (316, 904);
INSERT INTO public.worker_storage VALUES (228, 259);
INSERT INTO public.worker_storage VALUES (913, 206);
INSERT INTO public.worker_storage VALUES (95, 349);
INSERT INTO public.worker_storage VALUES (596, 740);
INSERT INTO public.worker_storage VALUES (732, 582);
INSERT INTO public.worker_storage VALUES (323, 478);
INSERT INTO public.worker_storage VALUES (769, 100);
INSERT INTO public.worker_storage VALUES (221, 341);
INSERT INTO public.worker_storage VALUES (391, 878);
INSERT INTO public.worker_storage VALUES (71, 100);
INSERT INTO public.worker_storage VALUES (494, 69);
INSERT INTO public.worker_storage VALUES (354, 868);
INSERT INTO public.worker_storage VALUES (616, 410);
INSERT INTO public.worker_storage VALUES (383, 408);
INSERT INTO public.worker_storage VALUES (531, 893);
INSERT INTO public.worker_storage VALUES (754, 470);
INSERT INTO public.worker_storage VALUES (138, 562);
INSERT INTO public.worker_storage VALUES (735, 356);
INSERT INTO public.worker_storage VALUES (638, 26);
INSERT INTO public.worker_storage VALUES (249, 660);
INSERT INTO public.worker_storage VALUES (697, 94);
INSERT INTO public.worker_storage VALUES (778, 652);
INSERT INTO public.worker_storage VALUES (248, 422);
INSERT INTO public.worker_storage VALUES (927, 219);
INSERT INTO public.worker_storage VALUES (506, 899);
INSERT INTO public.worker_storage VALUES (521, 278);
INSERT INTO public.worker_storage VALUES (767, 393);
INSERT INTO public.worker_storage VALUES (928, 502);
INSERT INTO public.worker_storage VALUES (309, 400);
INSERT INTO public.worker_storage VALUES (265, 161);
INSERT INTO public.worker_storage VALUES (836, 57);
INSERT INTO public.worker_storage VALUES (243, 278);
INSERT INTO public.worker_storage VALUES (664, 756);
INSERT INTO public.worker_storage VALUES (50, 560);
INSERT INTO public.worker_storage VALUES (333, 26);
INSERT INTO public.worker_storage VALUES (865, 212);
INSERT INTO public.worker_storage VALUES (584, 274);
INSERT INTO public.worker_storage VALUES (714, 875);
INSERT INTO public.worker_storage VALUES (656, 423);
INSERT INTO public.worker_storage VALUES (812, 860);
INSERT INTO public.worker_storage VALUES (624, 546);
INSERT INTO public.worker_storage VALUES (388, 333);
INSERT INTO public.worker_storage VALUES (485, 430);
INSERT INTO public.worker_storage VALUES (510, 680);
INSERT INTO public.worker_storage VALUES (926, 380);
INSERT INTO public.worker_storage VALUES (767, 945);
INSERT INTO public.worker_storage VALUES (850, 597);
INSERT INTO public.worker_storage VALUES (395, 889);
INSERT INTO public.worker_storage VALUES (759, 615);
INSERT INTO public.worker_storage VALUES (3, 476);
INSERT INTO public.worker_storage VALUES (619, 736);
INSERT INTO public.worker_storage VALUES (706, 176);
INSERT INTO public.worker_storage VALUES (31, 360);
INSERT INTO public.worker_storage VALUES (424, 745);
INSERT INTO public.worker_storage VALUES (865, 963);
INSERT INTO public.worker_storage VALUES (630, 440);
INSERT INTO public.worker_storage VALUES (778, 425);
INSERT INTO public.worker_storage VALUES (33, 393);
INSERT INTO public.worker_storage VALUES (158, 705);
INSERT INTO public.worker_storage VALUES (21, 373);
INSERT INTO public.worker_storage VALUES (706, 517);
INSERT INTO public.worker_storage VALUES (148, 913);
INSERT INTO public.worker_storage VALUES (950, 183);
INSERT INTO public.worker_storage VALUES (718, 950);
INSERT INTO public.worker_storage VALUES (585, 301);
INSERT INTO public.worker_storage VALUES (256, 923);
INSERT INTO public.worker_storage VALUES (229, 459);
INSERT INTO public.worker_storage VALUES (544, 592);
INSERT INTO public.worker_storage VALUES (905, 567);
INSERT INTO public.worker_storage VALUES (915, 865);
INSERT INTO public.worker_storage VALUES (627, 214);
INSERT INTO public.worker_storage VALUES (212, 75);
INSERT INTO public.worker_storage VALUES (350, 87);
INSERT INTO public.worker_storage VALUES (656, 4);
INSERT INTO public.worker_storage VALUES (875, 799);
INSERT INTO public.worker_storage VALUES (767, 723);
INSERT INTO public.worker_storage VALUES (410, 312);
INSERT INTO public.worker_storage VALUES (856, 557);
INSERT INTO public.worker_storage VALUES (538, 855);
INSERT INTO public.worker_storage VALUES (395, 356);
INSERT INTO public.worker_storage VALUES (536, 917);
INSERT INTO public.worker_storage VALUES (30, 336);
INSERT INTO public.worker_storage VALUES (358, 483);
INSERT INTO public.worker_storage VALUES (332, 917);
INSERT INTO public.worker_storage VALUES (940, 301);
INSERT INTO public.worker_storage VALUES (695, 196);
INSERT INTO public.worker_storage VALUES (663, 927);
INSERT INTO public.worker_storage VALUES (651, 750);
INSERT INTO public.worker_storage VALUES (173, 94);
INSERT INTO public.worker_storage VALUES (985, 315);
INSERT INTO public.worker_storage VALUES (776, 832);
INSERT INTO public.worker_storage VALUES (870, 957);
INSERT INTO public.worker_storage VALUES (109, 47);
INSERT INTO public.worker_storage VALUES (647, 125);
INSERT INTO public.worker_storage VALUES (488, 269);
INSERT INTO public.worker_storage VALUES (611, 122);
INSERT INTO public.worker_storage VALUES (80, 818);
INSERT INTO public.worker_storage VALUES (34, 42);
INSERT INTO public.worker_storage VALUES (812, 523);
INSERT INTO public.worker_storage VALUES (748, 83);
INSERT INTO public.worker_storage VALUES (257, 405);
INSERT INTO public.worker_storage VALUES (718, 796);
INSERT INTO public.worker_storage VALUES (507, 104);
INSERT INTO public.worker_storage VALUES (672, 724);
INSERT INTO public.worker_storage VALUES (640, 909);
INSERT INTO public.worker_storage VALUES (288, 87);
INSERT INTO public.worker_storage VALUES (915, 808);
INSERT INTO public.worker_storage VALUES (498, 602);
INSERT INTO public.worker_storage VALUES (793, 228);
INSERT INTO public.worker_storage VALUES (195, 932);
INSERT INTO public.worker_storage VALUES (484, 487);


--
-- Data for Name: workers; Type: TABLE DATA; Schema: public; Owner: postgres
--

INSERT INTO public.workers VALUES (1, 'Rjgrtoac', 'Feximqgit', '1965-06-23', 'Hhjphtddon,Nkxt 38', '+50071860761544', 'ics@rjt.hug', 224366, 513);
INSERT INTO public.workers VALUES (2, 'Uiwvt', 'Mjkdv', '1981-07-12', 'Axghkoq,Lpplmyr 10', '+42562152858', 'ynjnsf@no.asa', 165629, 928);
INSERT INTO public.workers VALUES (3, 'Hexfngckbl', 'Lssh', '1973-02-02', 'Diyrwajpj,Iqxv 187', '+33438775632462', 'swfkshh@xp.wou', 208866, 801);
INSERT INTO public.workers VALUES (4, 'Capugtsraq', 'Umptvnp', '1983-11-16', 'Xtwumgtje,Ukyml 124', '+764776411507', 'rohbuifhu@pt.wp', 165973, 525);
INSERT INTO public.workers VALUES (5, 'Nfhui', 'Vybasuvqaw', '1957-07-04', 'Gecgactni,Gbuxi 29', '+52527314324', 'ywkbt@ggu.edn', 196920, 752);
INSERT INTO public.workers VALUES (6, 'Ytyfowtr', 'Vyjnmj', '1979-06-23', 'Kejwmhlk,Edoa 63', '+1783330606745361', 'skdcgbuqy@tf.ft', 214462, 693);
INSERT INTO public.workers VALUES (7, 'Upnqswmj', 'Nscfj', '1954-11-16', 'Opsbdyxyo,Ymbqt 57', '+371807284467', 'ixr@yb.kry', 221315, 257);
INSERT INTO public.workers VALUES (8, 'Tyobqwkbbm', 'Cfhe', '1979-09-17', 'Aubsroar,Qarye 150', '+8345277508816', 'iuxef@rek.rk', 192652, 778);
INSERT INTO public.workers VALUES (9, 'Shlr', 'Mswex', '1964-04-04', 'Bdpurf,Daufnxf 143', '+41623163563623', 'oiwfde@cv.rb', 161362, 450);
INSERT INTO public.workers VALUES (10, 'Ljufdudyu', 'Xkyeehtdtb', '1966-02-07', 'Gsljjjnm,Nltc 70', '+23200114803315208', 'srmrrk@foo.fo', 268927, 786);
INSERT INTO public.workers VALUES (11, 'Nsbf', 'Qoytbutevs', '1984-06-07', 'Jppymmwax,Nkaws 1', '+422675505203041', 'gqu@kqw.pqu', 195000, 800);
INSERT INTO public.workers VALUES (12, 'Mwhvdufqi', 'Lxtik', '1998-04-26', 'Tilesbexyg,Goud 140', '+0081143651706', 'jeqf@wk.vg', 289045, 667);
INSERT INTO public.workers VALUES (13, 'Vgpcpqryly', 'Jmxbyc', '1985-06-12', 'Jvrdjof,Ooac 183', '+2138677271603', 'gjskwoutr@ow.xui', 140623, 64);
INSERT INTO public.workers VALUES (14, 'Jmkhbkge', 'Jbdwrdrc', '1972-09-06', 'Llkdorje,Yogrobj 61', '+1188048471363', 'kyrywb@hkq.roe', 289580, 254);
INSERT INTO public.workers VALUES (15, 'Dgrq', 'Nkyrcutp', '1978-10-29', 'Hlbpgmuiq,Lsgmgx 141', '+25506552162', 'uhwee@qfe.rgc', 235256, 316);
INSERT INTO public.workers VALUES (16, 'Djggpp', 'Ghklikty', '1999-03-13', 'Aforxneqf,Hqiq 189', '+50073435736160', 'objuxiqm@ldy.ddq', 130254, 795);
INSERT INTO public.workers VALUES (17, 'Gqku', 'Hkuc', '1976-08-02', 'Oqgwxe,Tpkqi 62', '+113524136151', 'fmtpei@vdf.wiu', 253192, 143);
INSERT INTO public.workers VALUES (18, 'Tpjyjlrtde', 'Pfpoiaaxd', '1982-01-11', 'Mhoodphpb,Lbool 162', '+1388276808153', 'wvbblmesr@ot.ihh', 202617, 920);
INSERT INTO public.workers VALUES (19, 'Eqmsgp', 'Nxcocgqnfg', '1970-10-07', 'Mplfrtrebq,Pqgo 27', '+60210420025', 'scgeyojj@aah.aip', 292234, 351);
INSERT INTO public.workers VALUES (20, 'Qehf', 'Yeblvs', '1962-03-24', 'Jawxyhuab,Vdiu 48', '+14143856043822', 'mkbwv@eu.ixs', 294661, 158);
INSERT INTO public.workers VALUES (21, 'Aurrhtn', 'Egmgxq', '1963-09-01', 'Jbjvxm,Arqrwku 60', '+172625726737125', 'bbnadwxru@fto.br', 278385, 797);
INSERT INTO public.workers VALUES (22, 'Lwtxe', 'Nciqnxvegp', '1962-03-28', 'Ejkwiprf,Jpwr 162', '+62824703670', 'bobx@xhr.cm', 103728, 297);
INSERT INTO public.workers VALUES (23, 'Qdmtniu', 'Scqptryeb', '1980-03-10', 'Gjwhjom,Lbovj 163', '+31747505773', 'vsndsijwp@rpg.wu', 125070, 791);
INSERT INTO public.workers VALUES (24, 'Yhujkca', 'Lesniw', '1999-02-08', 'Secqrxhsvx,Njro 23', '+421215030516662', 'defumokvd@ogw.kcp', 264748, 783);
INSERT INTO public.workers VALUES (25, 'Fulml', 'Vtjskcjyyh', '1987-02-16', 'Fwliwxmy,Qdtuyeo 111', '+851841687658713', 'ffruopu@nyr.dvp', 159227, 241);
INSERT INTO public.workers VALUES (26, 'Lbxfvo', 'Syimatl', '1975-11-17', 'Lxcwosgq,Vtcwylp 28', '+34775081384', 'nopi@ipf.iwa', 209374, 84);
INSERT INTO public.workers VALUES (27, 'Xcrrhtebec', 'Ltypdwko', '1965-08-09', 'Lirvhwguy,Kipyy 89', '+6705820430187567', 'tyxcyuq@yic.dok', 210194, 634);
INSERT INTO public.workers VALUES (28, 'Tfsoxiljy', 'Bdgp', '1986-07-23', 'Uptbrl,Hajp 52', '+42431447272250', 'nrciy@qcn.yg', 197362, 946);
INSERT INTO public.workers VALUES (29, 'Fabtg', 'Suhnaapsm', '1969-11-16', 'Xkiqibrb,Agpx 109', '+1638476440511060', 'agixuds@qj.tit', 278973, 900);
INSERT INTO public.workers VALUES (30, 'Iifjghyl', 'Ecjsjo', '1955-10-26', 'Bdxcgbss,Nlavf 143', '+882807238861', 'fpktiuun@glo.wmg', 295837, 991);
INSERT INTO public.workers VALUES (31, 'Sstkjcfcc', 'Npjbulxol', '1963-09-01', 'Alavakpn,Bfjfjd 150', '+016416151723', 'pypxislrt@du.teq', 107883, 227);
INSERT INTO public.workers VALUES (32, 'Nhabyf', 'Ftoiivg', '1991-02-22', 'Nefnnre,Kydi 44', '+2566077627714', 'kwcpnip@vn.rw', 115599, 419);
INSERT INTO public.workers VALUES (33, 'Hndxvs', 'Coggvsde', '1978-10-25', 'Pvucbsevgd,Fvqibg 71', '+1057605537717510', 'mey@dtn.et', 248097, 482);
INSERT INTO public.workers VALUES (34, 'Xuxuevyr', 'Cxipjprf', '1994-02-28', 'Pfffhofxdd,Ypfbm 162', '+03786703517056', 'blnupo@ms.nc', 100658, 718);
INSERT INTO public.workers VALUES (35, 'Opagievvkd', 'Qcuolmyhww', '1965-08-20', 'Egaeywwjx,Nyabe 75', '+76808263506760', 'nvhdp@nv.yrm', 273752, 12);
INSERT INTO public.workers VALUES (36, 'Ssvte', 'Adeqcqi', '1994-07-23', 'Pcbytif,Qioh 53', '+62667803810226065', 'uykti@gg.mp', 279865, 710);
INSERT INTO public.workers VALUES (37, 'Oapmkxks', 'Fanqt', '2000-06-15', 'Jtvmgkxrlm,Uefo 145', '+374786264763', 'tuvv@shc.su', 237892, 370);
INSERT INTO public.workers VALUES (38, 'Apppw', 'Vgpxbtfk', '1997-09-29', 'Flxcmwmkk,Cwdiqrj 85', '+51351315842855', 'fsfwc@uw.lnm', 173645, 150);
INSERT INTO public.workers VALUES (39, 'Aliy', 'Cxvhoxxyw', '2000-02-28', 'Fyevdigss,Clhh 10', '+3076526801583', 'gasxfonuf@wq.ap', 282336, 442);
INSERT INTO public.workers VALUES (40, 'Cmah', 'Alpc', '1997-09-15', 'Dkrvkrdu,Xaxnko 192', '+57308523202', 'exnpfob@el.gl', 243705, 873);
INSERT INTO public.workers VALUES (41, 'Daywn', 'Ynexmepl', '1974-04-27', 'Smngvbn,Purtn 43', '+85533424186455145', 'ioaldh@ytk.ed', 211131, 497);
INSERT INTO public.workers VALUES (42, 'Kgjotqbxqw', 'Glfxneed', '1990-10-14', 'Dmsmkn,Ejtrkfe 33', '+73371356122308', 'hnmb@dx.dud', 297780, 248);
INSERT INTO public.workers VALUES (43, 'Pjpfyibkyb', 'Andlqo', '1996-05-04', 'Qqelrcwfut,Nlaeua 56', '+18041626000343016', 'txon@wf.aa', 146479, 182);
INSERT INTO public.workers VALUES (44, 'Cesmpvl', 'Ciejhmt', '1968-04-14', 'Wjyopybr,Dblrr 129', '+02643631760585164', 'wpnuwsn@cl.rlw', 246440, 841);
INSERT INTO public.workers VALUES (45, 'Xfevmjai', 'Utkluuaq', '1979-11-14', 'Lovlejfsmi,Ffuwgp 180', '+51760148654017250', 'baeadejc@dv.hsq', 263911, 149);
INSERT INTO public.workers VALUES (46, 'Ebrqsccai', 'Brsuvk', '1994-05-15', 'Jkoevi,Jbdl 75', '+87261866462358332', 'haeyeq@vbf.ovd', 290857, 441);
INSERT INTO public.workers VALUES (47, 'Jixnmyf', 'Qgsxmuwf', '2000-11-13', 'Yuflpvjyc,Wgacp 90', '+7261828740838645', 'tiywmo@ri.py', 220020, 664);
INSERT INTO public.workers VALUES (48, 'Tuvbjulhs', 'Lrtwqra', '1983-08-15', 'Alfckwtfyd,Tgmeru 74', '+141726763808', 'pgkt@uh.enx', 235557, 634);
INSERT INTO public.workers VALUES (49, 'Tocpj', 'Ttvmeufu', '1988-05-21', 'Tynqaun,Htbrfg 155', '+388270001660767', 'otrjqugx@wpf.thb', 134492, 127);
INSERT INTO public.workers VALUES (50, 'Utqyf', 'Kiulh', '1983-09-02', 'Wnovqimu,Sxdsmp 18', '+3456310780505456', 'yoh@xwu.uc', 135629, 597);
INSERT INTO public.workers VALUES (51, 'Qmghnxxyvi', 'Oftb', '1967-01-16', 'Cwvbgowy,Gdrvv 165', '+86171413474032125', 'shkody@wtl.md', 142893, 192);
INSERT INTO public.workers VALUES (52, 'Xhipg', 'Vllf', '1983-03-09', 'Exdpowgegy,Xlcbv 21', '+41708461044430883', 'gbjdsbsdm@crx.dw', 166405, 276);
INSERT INTO public.workers VALUES (53, 'Kvdcsxalos', 'Bnxgdtnby', '1982-05-21', 'Cxwwgxta,Hhooxk 5', '+21478047776', 'euxwgwv@gx.ur', 229951, 95);
INSERT INTO public.workers VALUES (54, 'Jfgfpuv', 'Qjfdr', '1986-06-06', 'Llglxahofp,Npjcrk 198', '+2725654714514313', 'mrv@qs.vps', 107340, 340);
INSERT INTO public.workers VALUES (55, 'Omjbao', 'Cbhitkr', '1973-11-25', 'Rvnjynj,Xhpk 179', '+34387134527', 'wohw@ju.nf', 175010, 517);
INSERT INTO public.workers VALUES (56, 'Fxdnfo', 'Fxsifepvf', '1970-05-20', 'Edystkdj,Gfgf 61', '+60806586437172', 'bgtxg@uf.bml', 223643, 689);
INSERT INTO public.workers VALUES (57, 'Adbxl', 'Tklhjvgrh', '1983-11-08', 'Eiiucg,Pncql 20', '+10233503653', 'vhtyjgu@fe.wic', 204963, 301);
INSERT INTO public.workers VALUES (58, 'Yhhyluioxq', 'Taipp', '1999-07-10', 'Lhovolloyf,Rlfbx 198', '+73580863811', 'rbdkxj@mdi.gtf', 159627, 184);
INSERT INTO public.workers VALUES (59, 'Ruhmiwmu', 'Ocmxxmu', '1994-01-03', 'Amwktdi,Flqpssj 79', '+33540481838584551', 'qpn@kj.uio', 122594, 544);
INSERT INTO public.workers VALUES (60, 'Pfqpdabbhp', 'Miogjl', '1989-03-12', 'Empxyhj,Vnfpjr 55', '+887461545233', 'ikuopsnk@bgh.tl', 195299, 202);
INSERT INTO public.workers VALUES (61, 'Vqoofol', 'Mroxb', '1955-02-20', 'Tnelfpi,Plrf 67', '+517702226720', 'whndqlgw@yyf.dos', 268762, 48);
INSERT INTO public.workers VALUES (62, 'Jeapfasgev', 'Osvlbergsr', '1984-08-17', 'Biitmtm,Jovj 151', '+3200250860528228', 'turxo@yw.jmn', 232991, 625);
INSERT INTO public.workers VALUES (63, 'Mstgdyobd', 'Idjhcljype', '1980-10-11', 'Olwecjyt,Gwyxr 185', '+131484523583', 'qlmaaxwg@xru.tk', 202019, 583);
INSERT INTO public.workers VALUES (64, 'Squndew', 'Jeminagxr', '1989-06-19', 'Vdtsjxt,Xsutlv 162', '+022201451508', 'vfeb@yca.nkj', 218338, 271);
INSERT INTO public.workers VALUES (65, 'Emongk', 'Xevl', '1966-07-11', 'Rnmxisom,Nagyqpo 10', '+1062670358832403', 'vbuiwtd@ft.ed', 255209, 474);
INSERT INTO public.workers VALUES (66, 'Qblqtuueak', 'Obkqxycw', '1967-10-28', 'Eywkcvtv,Yttitgp 121', '+85342443665668874', 'pjjld@hfd.tdb', 223473, 172);
INSERT INTO public.workers VALUES (67, 'Mefcsgvmd', 'Ldngcfqn', '1969-08-18', 'Imvyxiqp,Pnlay 170', '+782845366507534', 'wjvdlpvjb@kuh.pon', 156041, 436);
INSERT INTO public.workers VALUES (68, 'Aaoulgbmey', 'Jxddxye', '1970-05-18', 'Cdqcgjnfo,Ydri 184', '+3227127072688866', 'wepukst@qf.yom', 119300, 291);
INSERT INTO public.workers VALUES (69, 'Fncjhnr', 'Vmua', '1976-07-14', 'Igwurroada,Xxasfty 56', '+650130884308', 'fxppdl@eq.vld', 243235, 927);
INSERT INTO public.workers VALUES (70, 'Fxaw', 'Futk', '1985-05-02', 'Abnavbdv,Hpjj 90', '+72264460370052448', 'hvdhfkmqp@sqq.lw', 110268, 107);
INSERT INTO public.workers VALUES (71, 'Pmpsl', 'Nyqvib', '1979-09-04', 'Inhljx,Yuee 50', '+7246743074822', 'afkty@wpr.jsx', 172500, 609);
INSERT INTO public.workers VALUES (72, 'Kslmycwjd', 'Dyvp', '1956-07-15', 'Biaqto,Fhlcyf 89', '+56066245106771', 'lusoaee@fu.ccp', 123480, 854);
INSERT INTO public.workers VALUES (73, 'Scykln', 'Islljh', '1954-11-22', 'Ftfkios,Ahxihb 93', '+501462077380588', 'vnku@ou.gyo', 269085, 491);
INSERT INTO public.workers VALUES (74, 'Kgfudw', 'Aylsysdyk', '1987-09-09', 'Rhpoykrx,Vfsdq 59', '+8664125286037', 'adhmabi@thn.uu', 227316, 574);
INSERT INTO public.workers VALUES (75, 'Xkhx', 'Lpcwdq', '1983-10-13', 'Uapcifpvpj,Snwgtm 99', '+36350356180761', 'onpxjfsn@vt.is', 162234, 774);
INSERT INTO public.workers VALUES (76, 'Tbfuoelkjw', 'Pxhlmhfc', '1960-03-18', 'Esjwih,Fjjyfs 74', '+44045226441784718', 'lhiowfawq@yyd.ai', 150450, 142);
INSERT INTO public.workers VALUES (77, 'Bpgxpq', 'Cpisshdt', '1995-11-26', 'Efxrnmw,Yssinq 156', '+146128203566546', 'wkyippss@wuq.yh', 281459, 729);
INSERT INTO public.workers VALUES (78, 'Emqsygnn', 'Jhkgelfp', '1967-08-09', 'Dnhogqy,Fmeeoqr 38', '+630550300380170', 'remenkc@yb.csb', 284103, 163);
INSERT INTO public.workers VALUES (79, 'Ymwmuwjv', 'Jhyrcqfmik', '1974-11-01', 'Lssdggm,Ltah 101', '+275247017635', 'ulomtymmt@vj.bt', 159080, 342);
INSERT INTO public.workers VALUES (80, 'Sinlgtcshr', 'Pxjfvv', '1969-01-26', 'Altyubhj,Bagubf 86', '+20115156270368', 'vdq@aks.wi', 185939, 878);
INSERT INTO public.workers VALUES (81, 'Jbktdsdw', 'Isae', '1968-02-10', 'Vxeagatoh,Ctkkx 7', '+65705866126634', 'vxtmv@ho.wtd', 164042, 325);
INSERT INTO public.workers VALUES (82, 'Aqxr', 'Ecfrn', '1975-07-12', 'Tbhdoy,Kthyfbk 135', '+2585282808661342', 'tlqthocp@qui.wa', 278995, 658);
INSERT INTO public.workers VALUES (83, 'Rhkclcxowd', 'Yxnpfypjw', '1991-01-26', 'Dgywmgvjgi,Ltadrvn 190', '+73403300255652603', 'ceoyntwn@phq.akt', 111685, 777);
INSERT INTO public.workers VALUES (84, 'Ivnlpbf', 'Crkqytw', '1981-03-13', 'Qnthxykenl,Vbouwxy 11', '+055002353451341', 'wmi@qmt.wo', 132625, 705);
INSERT INTO public.workers VALUES (85, 'Niwnq', 'Yxcbhnfsb', '1984-04-21', 'Ranycuhut,Oxlxnv 188', '+76234321587460744', 'onjqy@hg.ry', 166133, 500);
INSERT INTO public.workers VALUES (86, 'Yjvaxmml', 'Homcysbjf', '1957-10-10', 'Cxxiksww,Cbjosah 76', '+30405320047', 'bpdyu@fw.ab', 282493, 910);
INSERT INTO public.workers VALUES (87, 'Mclyfj', 'Lvmwu', '1955-04-19', 'Rqxafk,Adsoj 11', '+45452674536655016', 'uplsv@cvy.ln', 256350, 679);
INSERT INTO public.workers VALUES (88, 'Eoktjbu', 'Afhcgict', '1961-01-12', 'Gtrhkkt,Yytls 124', '+062482801716', 'tlw@iys.eki', 197785, 108);
INSERT INTO public.workers VALUES (89, 'Rdnym', 'Bhyq', '1954-07-25', 'Bwtksciw,Kcmuao 103', '+158637653553', 'hhya@vi.ea', 176150, 386);
INSERT INTO public.workers VALUES (90, 'Kyvscjgf', 'Mwsgxscdf', '1969-07-06', 'Probhj,Ntuw 13', '+0515815476648', 'khp@qts.ysn', 235835, 371);
INSERT INTO public.workers VALUES (91, 'Dxhuokqqvj', 'Ijndwapi', '1982-06-08', 'Rqxklu,Hbytpq 190', '+425172367677143', 'wirrdiyup@bki.bcr', 184174, 20);
INSERT INTO public.workers VALUES (92, 'Anlcgd', 'Fasnwi', '1972-10-29', 'Gsukyixm,Pefpyfg 49', '+47616185204635484', 'oqtniagy@mi.yq', 223951, 577);
INSERT INTO public.workers VALUES (93, 'Lgdiq', 'Qivrguukvy', '1960-07-01', 'Ginpibpovu,Afblt 133', '+4650018267563', 'nomry@mo.djw', 258513, 109);
INSERT INTO public.workers VALUES (94, 'Whlvpxgjg', 'Xkqm', '1995-01-24', 'Fjdiolwya,Hfnf 141', '+22520526380', 'bbey@xsm.wrc', 232647, 572);
INSERT INTO public.workers VALUES (95, 'Txmrhgdo', 'Ltwmwnejip', '1980-01-28', 'Ilsyuxc,Vwpn 63', '+45823214860', 'phq@dd.ym', 112573, 720);
INSERT INTO public.workers VALUES (96, 'Aqnvudso', 'Olrsrmoqsl', '1991-09-04', 'Nmfqdviox,Tbjhl 36', '+632865014701', 'erdvxhgaa@ph.cs', 283871, 430);
INSERT INTO public.workers VALUES (97, 'Bdsm', 'Pyakvdgaf', '1980-09-03', 'Cmhtugev,Ubenpnn 185', '+32681631401385176', 'uyfsxytcv@ic.ufc', 128685, 550);
INSERT INTO public.workers VALUES (98, 'Fiqvrwdw', 'Bxaoarhwv', '1956-04-29', 'Kxyutpdgg,Nsayd 109', '+354440571834310', 'bjo@sal.iy', 200047, 685);
INSERT INTO public.workers VALUES (99, 'Wrfnxjiyd', 'Avuytxft', '1990-06-05', 'Ndxscyjjn,Lkbhvx 51', '+088161527182', 'tcbwjaia@rpv.fd', 175793, 872);
INSERT INTO public.workers VALUES (100, 'Ihfphyjdk', 'Ylljpd', '1985-06-13', 'Vnobnnpdi,Tgbnk 124', '+75456186662', 'fnrtqeibk@ngg.okp', 232702, 968);
INSERT INTO public.workers VALUES (101, 'Hxbjx', 'Xdkuxabv', '1989-04-03', 'Jmjdvhfvcp,Wulj 75', '+81608716148873', 'eye@hl.iq', 220124, 755);
INSERT INTO public.workers VALUES (102, 'Iamny', 'Ifrnf', '1967-08-28', 'Owgtvtq,Twae 172', '+52141471447430', 'uvl@dn.kfg', 128447, 499);
INSERT INTO public.workers VALUES (103, 'Yqfg', 'Dhieiymvk', '1976-09-16', 'Ilyywaiey,Vlneipk 197', '+6778288237005357', 'dmvewmyt@eje.sl', 203619, 595);
INSERT INTO public.workers VALUES (104, 'Escdu', 'Iifi', '1999-08-20', 'Lbduxwfxtx,Dvvrudt 154', '+83071185207', 'rycrdem@yy.vc', 231745, 924);
INSERT INTO public.workers VALUES (105, 'Vbmtbsmee', 'Rytcnssr', '1957-11-02', 'Pmxiaxdtlb,Okapeig 158', '+535651034168', 'wtauagbb@uyb.nj', 108826, 646);
INSERT INTO public.workers VALUES (106, 'Vscyt', 'Qjfvstja', '1977-03-27', 'Lnmgwnk,Nlrabgm 88', '+372520023414', 'esffxxal@ckf.yox', 134111, 278);
INSERT INTO public.workers VALUES (107, 'Jffeigincd', 'Bsvlorq', '1976-07-19', 'Twjyknx,Hgup 61', '+8864652311764', 'uojwprjf@aix.ukk', 250955, 952);
INSERT INTO public.workers VALUES (108, 'Vdsndscty', 'Gfysv', '1983-04-05', 'Hjohaugaw,Cubma 54', '+88702273231', 'itmexp@wm.rgq', 195278, 107);
INSERT INTO public.workers VALUES (109, 'Dutrxob', 'Nybdfutja', '1987-07-10', 'Wpqtvc,Khje 193', '+748022075803328', 'rfmbnop@riy.pmr', 182752, 613);
INSERT INTO public.workers VALUES (110, 'Abvtuye', 'Ejswmgx', '1980-05-03', 'Dfkvpwmv,Rlwf 95', '+3865416404472872', 'ncogyy@pbs.nw', 249798, 50);
INSERT INTO public.workers VALUES (111, 'Wxfuf', 'Btvpdq', '1982-01-22', 'Tnkmvqnhm,Xxqvimp 156', '+66838411828054834', 'axtcvlt@ku.kvx', 179364, 411);
INSERT INTO public.workers VALUES (112, 'Aaoxglssul', 'Shpmoqk', '1972-07-24', 'Tgouvnp,Lajw 60', '+5731326325020275', 'qxdm@nh.ta', 175006, 467);
INSERT INTO public.workers VALUES (113, 'Cnbnokvd', 'Aprwrol', '1961-01-07', 'Tsgsjauvh,Yfxmdh 25', '+73711256563028', 'blngtciue@lgh.eqp', 136635, 819);
INSERT INTO public.workers VALUES (114, 'Saekylmn', 'Hsaeopw', '1978-11-22', 'Yaijhgk,Dclwx 129', '+6573612687144750', 'oyccs@ec.fow', 213990, 995);
INSERT INTO public.workers VALUES (115, 'Uobd', 'Wwshlx', '1999-04-29', 'Ssbbdokj,Iwoyx 91', '+1480241687518', 'ivqis@ube.uk', 130754, 726);
INSERT INTO public.workers VALUES (116, 'Mheefujeg', 'Exeleeu', '1967-09-21', 'Ouhadkhvh,Ogeubhy 36', '+63208430630462', 'njrk@xg.jrw', 122397, 289);
INSERT INTO public.workers VALUES (117, 'Dlitdjh', 'Ghbbdysrym', '1979-11-03', 'Hfuxelmi,Modn 148', '+40427182857685121', 'yuvnyuqi@qt.aou', 223567, 351);
INSERT INTO public.workers VALUES (118, 'Qosvsak', 'Acguwlv', '1993-10-22', 'Avsmvgoyfs,Qoijsew 44', '+5474083838810246', 'rhgwt@ck.rv', 216327, 43);
INSERT INTO public.workers VALUES (119, 'Pxjrpw', 'Jnueakqrjk', '1989-11-23', 'Emxvmto,Mmkr 159', '+88773543805112', 'pyaicroum@hdv.wv', 139812, 946);
INSERT INTO public.workers VALUES (120, 'Naxrbkuvq', 'Gote', '1992-09-21', 'Ujtufdm,Heot 114', '+33146853207510', 'blulhh@gu.xr', 137163, 1);
INSERT INTO public.workers VALUES (121, 'Ckxw', 'Awnjuoxtu', '1955-01-13', 'Bqyrht,Jdhcmel 190', '+083544464728', 'kgqsxtyv@ky.fhl', 170672, 259);
INSERT INTO public.workers VALUES (122, 'Lvravshwqf', 'Cwgeingg', '1962-11-15', 'Lvqoje,Npmy 83', '+14127423236450', 'cum@qdw.xoj', 170940, 741);
INSERT INTO public.workers VALUES (123, 'Srlp', 'Edycmroq', '1978-04-23', 'Xrhlaynes,Rokl 82', '+88207774023', 'siopmjac@kbg.sqw', 284499, 219);
INSERT INTO public.workers VALUES (124, 'Ifwgxqfgd', 'Aihs', '1956-08-29', 'Ktqvfdo,Rmfc 124', '+83401478880068508', 'ljk@yur.eg', 208111, 910);
INSERT INTO public.workers VALUES (125, 'Qggqppc', 'Bfdirlsy', '1985-01-20', 'Pbiwuqmwxr,Gmglp 187', '+1711735113507855', 'ourlpwv@iw.jr', 174584, 596);
INSERT INTO public.workers VALUES (126, 'Rtatdj', 'Qmihxolp', '1992-03-18', 'Wgxuyyh,Ishbr 156', '+3205868702816304', 'gcamdkna@ed.ek', 295183, 395);
INSERT INTO public.workers VALUES (127, 'Pnfbbh', 'Xxcfhr', '1954-01-11', 'Aunrwkl,Fghcobl 54', '+22675378868175387', 'wcti@bv.hg', 136747, 514);
INSERT INTO public.workers VALUES (128, 'Xaarsgktp', 'Hfmemsrt', '1992-02-02', 'Dcvdsje,Rspg 77', '+352425603671177', 'hxedgqt@uew.uq', 299192, 319);
INSERT INTO public.workers VALUES (129, 'Mnga', 'Yvjmb', '1955-02-20', 'Xomcvm,Gbbyjn 69', '+23287114414887', 'biaitk@bbc.uim', 125893, 406);
INSERT INTO public.workers VALUES (130, 'Puaicom', 'Skwv', '1979-02-06', 'Ibqdtofgpj,Ncwv 146', '+754446333165', 'lnsd@fd.ckh', 298906, 775);
INSERT INTO public.workers VALUES (131, 'Ajyj', 'Pdxohmsjtp', '1969-09-25', 'Vqjjafxr,Khbnrya 135', '+4283626084014', 'gquwquvj@il.gf', 216828, 711);
INSERT INTO public.workers VALUES (132, 'Wekwowpvu', 'Smpjnixly', '1959-03-28', 'Fcopuf,Lgbia 48', '+1405475530268', 'iipqkoytg@buj.yfu', 292463, 762);
INSERT INTO public.workers VALUES (133, 'Rshn', 'Hjxlph', '1976-10-12', 'Qioavaoe,Cisysh 7', '+707653372535', 'pkbfo@ftp.lj', 154761, 738);
INSERT INTO public.workers VALUES (134, 'Qarprauch', 'Wggcwnj', '1968-03-25', 'Kvdjshaj,Nllof 162', '+760623076288', 'hfpdgh@od.sf', 235066, 683);
INSERT INTO public.workers VALUES (135, 'Rryahqbbr', 'Qsalqsjtmj', '1989-04-08', 'Hlkotw,Rayxg 125', '+36626515657886', 'bfy@iqp.dt', 183095, 874);
INSERT INTO public.workers VALUES (136, 'Ussqnntl', 'Qndetmb', '1982-09-13', 'Nwdqkjkhx,Jmsbmxm 124', '+72876162254282458', 'kpxg@nhq.uk', 252973, 323);
INSERT INTO public.workers VALUES (137, 'Sleqwnip', 'Mggrpxikdr', '1954-09-18', 'Fnohsmi,Lomnxvq 52', '+22384151031363', 'teagrti@gdu.lx', 216518, 621);
INSERT INTO public.workers VALUES (138, 'Iiyg', 'Besjk', '1996-07-17', 'Kltrkcmet,Ntcpa 108', '+01002461044142080', 'ied@fwd.pl', 125848, 167);
INSERT INTO public.workers VALUES (139, 'Yavfqrf', 'Pbucmkww', '1960-06-06', 'Jkrfwijyr,Gjhjuv 184', '+75008737548', 'cha@ivl.ds', 104318, 616);
INSERT INTO public.workers VALUES (140, 'Liostcuqy', 'Qyitlvbmp', '1998-07-14', 'Qquduq,Rrmyyse 67', '+71585362067116037', 'lepur@gq.vkf', 289601, 317);
INSERT INTO public.workers VALUES (141, 'Cibogjfng', 'Gkvlm', '1996-10-09', 'Rtwlnyir,Vcrg 39', '+75327357515431074', 'wyah@rge.jsh', 205397, 743);
INSERT INTO public.workers VALUES (142, 'Fqvfvn', 'Aacxku', '1978-10-10', 'Wdfyrs,Kadyj 143', '+755057505148410', 'ksopghmsu@jsq.yyn', 178267, 280);
INSERT INTO public.workers VALUES (143, 'Nomydfue', 'Slycwmge', '1999-07-09', 'Obqrbxwvd,Qgsdxdl 199', '+58805122427', 'blruht@wyb.jq', 132263, 352);
INSERT INTO public.workers VALUES (144, 'Jnfihet', 'Eevigo', '1975-04-21', 'Gkrthm,Yldrmh 53', '+57276757751821377', 'qsw@bqs.arq', 294182, 691);
INSERT INTO public.workers VALUES (145, 'Unvticdp', 'Phnbti', '1974-09-19', 'Anhkong,Mshneb 80', '+327136178541455', 'iyofjmhkc@ab.sdd', 210830, 704);
INSERT INTO public.workers VALUES (146, 'Kscaev', 'Dybpjgsv', '1983-07-03', 'Gcuhbg,Bkiorac 27', '+821582384045073', 'wfskkvw@tt.so', 212673, 387);
INSERT INTO public.workers VALUES (147, 'Msink', 'Tlkq', '1958-07-15', 'Wxyqyea,Acko 81', '+15488145757', 'hpl@pqb.cps', 148953, 450);
INSERT INTO public.workers VALUES (148, 'Daunmntnn', 'Idplepgkjk', '1998-03-05', 'Olyqegbe,Smbhvt 110', '+825044734083048', 'uoaxf@bbt.oek', 145061, 181);
INSERT INTO public.workers VALUES (149, 'Yoqxi', 'Xkyuxl', '1958-06-23', 'Bhjvgxmliv,Mxcfjxc 23', '+56101148332', 'cqgftfscr@nsa.jg', 185353, 923);
INSERT INTO public.workers VALUES (150, 'Nunbbqmel', 'Bbxfiyrk', '1954-09-19', 'Lreeaarxg,Fekf 119', '+7611418610688577', 'lbhi@yi.et', 103273, 926);
INSERT INTO public.workers VALUES (151, 'Pxffk', 'Tpnl', '1974-03-09', 'Egrnnee,Ihart 28', '+66335832628783', 'iudouy@hfo.cw', 132063, 755);
INSERT INTO public.workers VALUES (152, 'Ynrks', 'Wpckcdu', '1965-01-14', 'Bmddvyirxu,Bcdubhu 135', '+34711601646', 'hjlleiddh@yk.xv', 246426, 65);
INSERT INTO public.workers VALUES (153, 'Vgbgnosto', 'Telngdm', '1980-01-11', 'Olissw,Ijhshk 35', '+1056131077447581', 'iodb@qn.tb', 116820, 203);
INSERT INTO public.workers VALUES (154, 'Ofuaprgdd', 'Aekwfpkm', '1984-02-07', 'Yimiafovl,Tkro 37', '+2227073042106', 'kklyd@hun.dcu', 134669, 872);
INSERT INTO public.workers VALUES (155, 'Hxwktqc', 'Ydygfbiid', '1984-02-03', 'Yybwtgyxer,Baesrj 58', '+384215457832867', 'kuysnmn@uf.wvw', 178790, 192);
INSERT INTO public.workers VALUES (156, 'Sqcymy', 'Cfykx', '1962-01-09', 'Usqcqw,Qphyl 162', '+4061484273461326', 'utkgdcp@uo.ub', 224516, 235);
INSERT INTO public.workers VALUES (157, 'Frmlxdphc', 'Ocllld', '1990-03-23', 'Ojqgvaall,Uuchj 92', '+4154046061318', 'fbhtkqu@bs.vf', 154774, 143);
INSERT INTO public.workers VALUES (158, 'Yfegrtuwkp', 'Htjyswys', '1962-11-28', 'Ylyiioso,Kcjfiu 83', '+07611334186851065', 'oqkftsai@vtu.glh', 182419, 256);
INSERT INTO public.workers VALUES (159, 'Kvcm', 'Pxtvg', '1968-02-11', 'Edngdyh,Ioyhqf 149', '+431750074613584', 'iqtea@grm.cfh', 252170, 79);
INSERT INTO public.workers VALUES (160, 'Pihc', 'Pynluwwai', '1984-11-21', 'Jtrgndaey,Prkwgx 4', '+717264188372745', 'rirsh@knt.tjk', 293422, 761);
INSERT INTO public.workers VALUES (161, 'Kcofhyw', 'Kipppea', '1955-05-09', 'Gbxcqiws,Hxroksa 41', '+8405506723738080', 'pwmqn@mxb.tqr', 137573, 306);
INSERT INTO public.workers VALUES (162, 'Bpuwr', 'Kwdlqurct', '1975-07-18', 'Tgxesggsfu,Agrllk 56', '+2542403055863021', 'oqhx@bap.fbf', 211227, 986);
INSERT INTO public.workers VALUES (163, 'Wcxkgsmg', 'Vmje', '1970-04-12', 'Vvolag,Ircyfv 9', '+068721457811665', 'txjksvbqt@wab.cko', 250156, 8);
INSERT INTO public.workers VALUES (164, 'Awocndlg', 'Boairfos', '1969-05-01', 'Jqklxsju,Emlcdq 21', '+6145087537318', 'gqyejvb@tyr.nsn', 203654, 140);
INSERT INTO public.workers VALUES (165, 'Xpffbbqdv', 'Dcisppqtmd', '1956-01-05', 'Benioors,Rvoidap 1', '+31013855522548', 'yuanfcf@ilc.avj', 118523, 941);
INSERT INTO public.workers VALUES (166, 'Rmwmig', 'Uwss', '1998-09-17', 'Rqcmrwbvvs,Klkd 122', '+11787726136422240', 'jmrxxxt@ohh.ip', 226521, 288);
INSERT INTO public.workers VALUES (167, 'Fwvpsy', 'Yuvedohx', '1978-09-03', 'Gqvdcxuih,Xndtx 185', '+481164525718', 'vlcjnv@qw.lj', 120909, 595);
INSERT INTO public.workers VALUES (168, 'Oepkh', 'Hrpwn', '1987-03-10', 'Lvtjhdtox,Uajntau 40', '+26262480086180805', 'lmxjuqiu@rqw.ryq', 173608, 856);
INSERT INTO public.workers VALUES (169, 'Hjlvbtnvtu', 'Ljjvyietb', '1990-07-19', 'Sflgvm,Cjgpsp 6', '+71271674564632', 'iwto@cmg.utx', 119420, 909);
INSERT INTO public.workers VALUES (170, 'Eusrbc', 'Pbsdp', '1954-01-22', 'Xcpselk,Rkama 59', '+047610281846', 'kuye@twc.if', 176649, 528);
INSERT INTO public.workers VALUES (171, 'Dqwootxyt', 'Eevgtgo', '1978-04-01', 'Umnimrnxc,Xijwow 144', '+222164311866163', 'aanvircau@kr.snj', 283950, 99);
INSERT INTO public.workers VALUES (172, 'Npgrv', 'Pjvsqh', '1994-11-11', 'Qupeuyi,Ouwf 164', '+142755074047', 'lyjnce@nld.fl', 265853, 703);
INSERT INTO public.workers VALUES (173, 'Nrgsgqjc', 'Kboicc', '1965-09-17', 'Dbqigx,Jrve 38', '+05418240817', 'efcjv@rp.co', 187968, 202);
INSERT INTO public.workers VALUES (174, 'Hhfghcre', 'Xrwq', '1988-10-18', 'Wqsnjjh,Tysh 157', '+1860727224738304', 'oillqvy@yw.won', 235385, 769);
INSERT INTO public.workers VALUES (175, 'Xsgwmf', 'Rhtvukp', '1960-10-23', 'Xbkascoxte,Tsdlw 196', '+715222228152183', 'hefg@ht.nj', 267060, 889);
INSERT INTO public.workers VALUES (176, 'Vymssymk', 'Hjidxwa', '1981-04-25', 'Esadckikvh,Qbglkuq 170', '+13513112011187455', 'tkqwarqcv@vte.aw', 237582, 651);
INSERT INTO public.workers VALUES (177, 'Epaekj', 'Ieksmwwfe', '1996-04-25', 'Odgkesequb,Gatjbj 40', '+0830268767756070', 'egrbsuy@pu.rxu', 188961, 723);
INSERT INTO public.workers VALUES (178, 'Wkpptos', 'Mdofqqs', '2000-06-20', 'Qxnjgcpx,Asnoein 69', '+550386721504', 'lqgcgll@am.qk', 231953, 164);
INSERT INTO public.workers VALUES (179, 'Gblfrhhg', 'Sddquoovk', '1993-08-03', 'Ynccukncic,Tysloj 157', '+8267005328020', 'snvdj@jj.in', 114693, 405);
INSERT INTO public.workers VALUES (180, 'Djkkfbpik', 'Rpjjko', '1968-10-06', 'Addooywjqh,Nfmoxe 120', '+241184515141303', 'tfqte@ysi.kj', 162469, 738);
INSERT INTO public.workers VALUES (181, 'Dbifcpgo', 'Bfntbjrtuf', '1995-01-08', 'Exodkteket,Locf 158', '+5134663503250803', 'qonmeih@qrx.xw', 226734, 414);
INSERT INTO public.workers VALUES (182, 'Ontjknxax', 'Hgcuvypgeu', '1982-04-13', 'Mcepqihvgb,Sswqc 168', '+86572066531', 'vprwj@xq.knq', 258220, 451);
INSERT INTO public.workers VALUES (183, 'Segesnqekr', 'Ckwpsm', '1987-09-04', 'Skcrknd,Pinp 98', '+51848418081162146', 'luuv@pbp.avg', 107578, 102);
INSERT INTO public.workers VALUES (184, 'Aauqfhpngm', 'Xtstnpoigu', '1992-05-23', 'Njhdymhj,Fxdum 84', '+13681660155716', 'vxstsblhj@jx.rad', 239050, 551);
INSERT INTO public.workers VALUES (185, 'Wgoaq', 'Kcucoxh', '1956-05-13', 'Jemfwivovh,Ynyiu 172', '+63622566162102832', 'fjodanh@dpj.ug', 165725, 260);
INSERT INTO public.workers VALUES (186, 'Hrrywdequ', 'Flrsrhcjgn', '1973-04-11', 'Nlbtfvt,Nxldtrj 109', '+137704286525337', 'ntcyl@kxb.ap', 206599, 814);
INSERT INTO public.workers VALUES (187, 'Qkygnrc', 'Khjh', '1992-05-15', 'Itdyscwor,Eiak 119', '+4624648888303', 'khmgamdc@at.gv', 250504, 370);
INSERT INTO public.workers VALUES (188, 'Vvbwbk', 'Cbljl', '1997-11-16', 'Ddjtlwxff,Sfqc 177', '+620410540062', 'ggdpmrenm@qi.xuy', 204878, 582);
INSERT INTO public.workers VALUES (189, 'Rwpmupt', 'Pimmlej', '1964-04-09', 'Eymjhxyt,Qnrwa 167', '+42627555807347355', 'evhx@hxj.hov', 285631, 836);
INSERT INTO public.workers VALUES (190, 'Idtdogwh', 'Qrrlcbqj', '1963-03-05', 'Hlmdpo,Byiic 81', '+2482140486318', 'ddoksn@jnd.cl', 182546, 155);
INSERT INTO public.workers VALUES (191, 'Nbluaumt', 'Otgdnvhg', '1973-01-17', 'Rcyipu,Lapa 161', '+57164282480', 'icijffq@dq.oot', 246676, 415);
INSERT INTO public.workers VALUES (192, 'Iifkujbit', 'Nscitn', '1958-07-08', 'Nsyttkyh,Smvju 104', '+0867147072667476', 'ypgave@mg.oyr', 227661, 996);
INSERT INTO public.workers VALUES (193, 'Ayiqg', 'Vaawilkrja', '1982-09-18', 'Outjex,Hrcx 45', '+7746627361010', 'kwaos@uc.dh', 181422, 315);
INSERT INTO public.workers VALUES (194, 'Ngmilruy', 'Mdhy', '1974-05-14', 'Pumhqny,Cidyosx 80', '+1151424574566', 'thbonwnr@amg.it', 161248, 545);
INSERT INTO public.workers VALUES (195, 'Jxqnlqcta', 'Fncqui', '1990-07-25', 'Agknsg,Mobbrq 29', '+5342554447178622', 'widsh@bi.nqv', 140544, 956);
INSERT INTO public.workers VALUES (196, 'Usxkcguyco', 'Ccuhrvrvr', '1974-11-10', 'Fncyjfqjpt,Cudtsqd 138', '+02175337507265', 'yamq@vx.hvw', 186836, 276);
INSERT INTO public.workers VALUES (197, 'Fvvussmyt', 'Rlxahpvmy', '1960-08-09', 'Bdlugel,Vqmuxby 197', '+07688313020378167', 'trxt@rp.sa', 101493, 486);
INSERT INTO public.workers VALUES (198, 'Oanrl', 'Chdxs', '1997-05-26', 'Ofuwjq,Sqmgy 139', '+46733704742888727', 'get@tp.le', 142993, 158);
INSERT INTO public.workers VALUES (199, 'Jolmhgv', 'Jbqojgdc', '1965-09-16', 'Tqsxdh,Rsdoovh 167', '+80851656066876556', 'rtyrg@vdn.fn', 296377, 207);
INSERT INTO public.workers VALUES (200, 'Dsic', 'Yuiog', '1991-03-25', 'Ujlbqyapd,Eutsva 34', '+1285020887518', 'wwgao@cge.che', 241193, 61);
INSERT INTO public.workers VALUES (201, 'Okwflxyfo', 'Nxpfmqrsw', '1981-08-15', 'Ibyjpaac,Fnciml 130', '+1331547745786168', 'dogdqcl@pyi.mbv', 123561, 921);
INSERT INTO public.workers VALUES (202, 'Knsernx', 'Idklyjnupd', '1973-06-07', 'Vmioowkpe,Qogont 125', '+384462564315376', 'vfweil@ce.xpx', 157572, 164);
INSERT INTO public.workers VALUES (203, 'Mqfwx', 'Bhfgq', '1999-01-10', 'Hasomyrkd,Irjlfj 168', '+26008485651186411', 'pbbr@jdk.soe', 288436, 508);
INSERT INTO public.workers VALUES (204, 'Lvwijxcjrc', 'Yfdiauflu', '1976-09-03', 'Ckpgsmqv,Bycwcje 49', '+15300415781645', 'pdyxiyime@srp.vx', 230911, 991);
INSERT INTO public.workers VALUES (205, 'Gkjgg', 'Fusiinwbdo', '1999-09-09', 'Lnllwvpu,Kuogg 23', '+8843462342422', 'thgsmypvl@xay.xwl', 268233, 349);
INSERT INTO public.workers VALUES (206, 'Yhxdhutgp', 'Tdwlanyw', '1962-05-24', 'Fowmsfiq,Wkum 101', '+687787604658463', 'qvpcpdwxc@jb.gis', 127141, 497);
INSERT INTO public.workers VALUES (207, 'Wxnioxlqa', 'Safuj', '1994-05-08', 'Kcmmbkj,Lmlqn 199', '+105531412851084', 'vnnkxpemh@eh.jn', 248967, 533);
INSERT INTO public.workers VALUES (208, 'Oranjocjm', 'Vgvuard', '1988-04-08', 'Xdbdgxx,Dcnts 51', '+8424824026476214', 'yip@quq.sl', 247988, 873);
INSERT INTO public.workers VALUES (209, 'Jdooqaaien', 'Befda', '1961-03-05', 'Oqnaoppqmp,Hfbf 12', '+53706175366325616', 'esxhs@xl.smq', 175808, 365);
INSERT INTO public.workers VALUES (210, 'Lnoymgb', 'Sqwn', '1979-04-07', 'Eibhaqrv,Wdisfh 4', '+67434088104081', 'gqveet@jrh.nwu', 193094, 867);
INSERT INTO public.workers VALUES (211, 'Xkvqxcx', 'Ekjwkwyo', '1971-06-17', 'Utsdlctu,Bxvss 49', '+535805084486224', 'ldbcvep@ss.dy', 296285, 958);
INSERT INTO public.workers VALUES (212, 'Aygeswio', 'Jidboenmri', '1975-08-08', 'Nxvtgepxx,Just 78', '+1605327524503', 'ajudt@lrb.xip', 159170, 938);
INSERT INTO public.workers VALUES (213, 'Xpgpvrw', 'Sqsin', '1969-05-01', 'Qyujueiwxb,Crlmcq 138', '+42606024754004', 'ywdwfy@ktr.fx', 133972, 734);
INSERT INTO public.workers VALUES (214, 'Ajoom', 'Opflldvhh', '1986-06-24', 'Iwjigqhxf,Pevpb 40', '+838155766685503', 'depfmcrtm@bv.nrf', 194409, 810);
INSERT INTO public.workers VALUES (215, 'Klseuwbme', 'Fcja', '1988-04-25', 'Iucgge,Flkedg 70', '+58408508375166756', 'yssslu@dxi.ptg', 126603, 606);
INSERT INTO public.workers VALUES (216, 'Yvdghklu', 'Fotgqrler', '1981-04-04', 'Mnwwni,Oqhe 34', '+3725705412056', 'iug@iyf.ir', 178433, 637);
INSERT INTO public.workers VALUES (217, 'Essmaiei', 'Pwdpi', '1981-05-01', 'Nmdomf,Prgq 67', '+6217780405427803', 'bkhif@bca.jjc', 281153, 637);
INSERT INTO public.workers VALUES (218, 'Muxpngqbi', 'Rguqsujr', '1994-05-21', 'Rkiaxgkev,Wxwut 69', '+26810117771271517', 'anur@pv.rr', 157049, 820);
INSERT INTO public.workers VALUES (219, 'Psmwp', 'Ptcq', '1955-01-12', 'Qukmcbv,Nkhxck 43', '+161221204361', 'dqxfkfgck@ac.of', 282975, 209);
INSERT INTO public.workers VALUES (220, 'Hdthrp', 'Fownwxmb', '1960-09-22', 'Ybdacni,Ofqv 108', '+404614242544473', 'gdqbooil@ohq.lco', 248343, 794);
INSERT INTO public.workers VALUES (221, 'Gwpphowwm', 'Bxaija', '1981-10-21', 'Bygtffea,Jlwd 192', '+735670377843468', 'ymm@tyu.ee', 192320, 316);
INSERT INTO public.workers VALUES (222, 'Kixf', 'Mtkwt', '1993-08-17', 'Qrgobvyi,Rctjkjq 154', '+100334223747', 'fwwhog@pd.jm', 176398, 534);
INSERT INTO public.workers VALUES (223, 'Pqmspvy', 'Fvfpspk', '1958-04-13', 'Hafisvitde,Xeeix 21', '+176638375712', 'tbanyc@jl.had', 114904, 902);
INSERT INTO public.workers VALUES (224, 'Maad', 'Frerhp', '1973-09-14', 'Pkvvpgeg,Iive 192', '+667585134174', 'xawhcfp@rc.er', 144631, 492);
INSERT INTO public.workers VALUES (225, 'Nabnrxx', 'Tgvbwb', '1966-09-23', 'Drrnvh,Mfadnjs 174', '+30306054028830', 'ycctm@vi.ew', 142312, 925);
INSERT INTO public.workers VALUES (226, 'Fpkfhpfo', 'Fsxfjwbb', '1955-07-13', 'Kthgpyaemd,Evxp 195', '+0826134558584', 'fahqtko@dy.kj', 205349, 357);
INSERT INTO public.workers VALUES (227, 'Nixutnbf', 'Skmkctjdm', '1975-07-22', 'Owelxqeyp,Hrbqnl 100', '+73781436238520730', 'djw@va.pau', 102736, 371);
INSERT INTO public.workers VALUES (228, 'Ihfitcb', 'Nfotgx', '1988-02-28', 'Khewaq,Nbsnnn 110', '+20130125050478', 'kkb@fx.ocs', 201187, 606);
INSERT INTO public.workers VALUES (229, 'Umrur', 'Glxygd', '1985-08-02', 'Lltwbqy,Vuytdc 180', '+1885472726874864', 'hhc@kh.wr', 253551, 866);
INSERT INTO public.workers VALUES (230, 'Bulk', 'Btjk', '1983-11-07', 'Emgcqk,Stcn 120', '+27572421674', 'jyckuxdnx@lh.qes', 270465, 770);
INSERT INTO public.workers VALUES (231, 'Lutb', 'Extwavs', '1957-02-05', 'Fqkxvhky,Huhn 25', '+27410065842', 'wudr@kma.rt', 104937, 405);
INSERT INTO public.workers VALUES (232, 'Pgwb', 'Bqfudm', '1956-06-29', 'Kcnjvpnw,Tpius 141', '+70573308321', 'xlv@mtv.wha', 293701, 232);
INSERT INTO public.workers VALUES (233, 'Shlmjr', 'Gtxtqfcbus', '1981-07-23', 'Qelggweh,Rdkkq 51', '+46446847181684060', 'mran@whl.aw', 211231, 119);
INSERT INTO public.workers VALUES (234, 'Ocppasdp', 'Itvfe', '1977-11-18', 'Eltudmyel,Qjoh 89', '+15663434420006442', 'whqcnkqpw@lj.olj', 167005, 90);
INSERT INTO public.workers VALUES (235, 'Kksh', 'Rdsip', '1982-04-07', 'Jkkvjqsk,Btismd 168', '+8055274424248', 'cqjrmen@yvm.cmh', 267813, 198);
INSERT INTO public.workers VALUES (236, 'Agqmpoi', 'Pgjkurd', '1965-04-06', 'Irdfnskh,Tige 110', '+8017181884167326', 'isdjsjwe@byk.uj', 200228, 357);
INSERT INTO public.workers VALUES (237, 'Haix', 'Fulmqlpi', '1990-07-24', 'Usomkgk,Yrolt 41', '+76888011684631348', 'waqbdls@qif.cin', 167840, 985);
INSERT INTO public.workers VALUES (238, 'Gdrc', 'Lfnvpx', '1994-01-06', 'Tevxlhh,Khyxar 149', '+1262182702540', 'nks@ch.saw', 211032, 859);
INSERT INTO public.workers VALUES (239, 'Hqwrhkfknd', 'Kpxp', '1957-07-15', 'Frcnlcio,Wjlwpkt 163', '+715814873535631', 'owcojfjef@xa.uf', 154255, 409);
INSERT INTO public.workers VALUES (240, 'Sqeyqdr', 'Pyhyoxf', '1966-07-14', 'Okyixo,Afqu 129', '+58743674110440364', 'qvbhe@br.ocx', 234360, 175);
INSERT INTO public.workers VALUES (241, 'Egqnpp', 'Downmhsbrs', '1997-02-16', 'Yuwfgkv,Hnjw 146', '+066727253471388', 'fjeyqda@iag.eas', 102757, 306);
INSERT INTO public.workers VALUES (242, 'Eqqjtvxsf', 'Pnjdmub', '1963-02-12', 'Ycolnoxe,Prib 43', '+058433867774105', 'sahcu@tu.ys', 244970, 643);
INSERT INTO public.workers VALUES (243, 'Hlsaq', 'Xqistudyi', '1976-08-09', 'Pronnfvsj,Pxrc 176', '+0810726254251', 'fmi@mh.cd', 195786, 303);
INSERT INTO public.workers VALUES (244, 'Egjvvedekk', 'Apunqy', '1958-07-01', 'Eimogxvnm,Bknme 161', '+125107844065', 'cduk@ufl.jns', 145001, 807);
INSERT INTO public.workers VALUES (245, 'Vnuohpyros', 'Wqxdg', '1957-11-14', 'Fbahcxl,Ajayqpq 85', '+15267472237', 'moqm@rh.qs', 140432, 672);
INSERT INTO public.workers VALUES (246, 'Inwvmqgf', 'Drekhgpiu', '1984-09-19', 'Leudiob,Rbuteka 92', '+1061325583878827', 'gsgovi@gqg.bfd', 235286, 433);
INSERT INTO public.workers VALUES (247, 'Iiuvrbcdy', 'Jjdyhjac', '1998-07-19', 'Fdmxofef,Okfcaom 35', '+72228236782685078', 'avftu@un.wm', 128905, 381);
INSERT INTO public.workers VALUES (248, 'Fifewgfa', 'Gmrdhifiq', '1997-07-26', 'Vufrywbdw,Qkaitu 184', '+844873113370032', 'duoal@ssb.hmr', 129480, 381);
INSERT INTO public.workers VALUES (249, 'Oiqxq', 'Mppr', '1984-02-16', 'Mbpyrjbif,Jvmghpr 121', '+84051683848570', 'uiudyu@wr.wr', 287845, 893);
INSERT INTO public.workers VALUES (250, 'Aqeh', 'Xoqxgffmh', '1968-03-24', 'Fsfkxtps,Ptpa 24', '+7885014846715', 'nxusani@nck.nnb', 106930, 798);
INSERT INTO public.workers VALUES (251, 'Wkenxmpvma', 'Feqguh', '1962-07-28', 'Hmprgooulj,Tbxfbt 121', '+4427684221456163', 'plgbofl@ftt.ia', 293350, 953);
INSERT INTO public.workers VALUES (252, 'Sjfvt', 'Wndtsuaggm', '1975-11-10', 'Ybxiyctvs,Dweoih 73', '+132377668705771', 'uetdpkhm@rur.gi', 175732, 53);
INSERT INTO public.workers VALUES (253, 'Wvofnu', 'Jcvkaph', '1962-03-28', 'Xlsklhbetn,Wxmnk 48', '+051166367277', 'dmyh@oi.hlr', 145572, 848);
INSERT INTO public.workers VALUES (254, 'Kbupupfd', 'Eqmdfdtt', '1968-03-07', 'Ljcpiu,Mdgdqf 84', '+454538135023', 'fnabrx@hh.ne', 251544, 172);
INSERT INTO public.workers VALUES (255, 'Qfkbw', 'Uqwtypcy', '1965-06-19', 'Hufayovnfq,Pjnf 91', '+84264300345026705', 'oqwq@hk.as', 193128, 248);
INSERT INTO public.workers VALUES (256, 'Rfinejq', 'Wcduxu', '1970-02-20', 'Qriuqanhqa,Sridn 146', '+4464266637686', 'jbyai@cy.djq', 268792, 616);
INSERT INTO public.workers VALUES (257, 'Hjslyqbvdk', 'Cuxpv', '1954-01-04', 'Guypfrf,Qbdkfp 84', '+4203876262013040', 'pkigp@psv.hy', 119623, 332);
INSERT INTO public.workers VALUES (258, 'Ktrp', 'Ocagkrkay', '1994-06-23', 'Mnfwqk,Mkxd 35', '+08872758186', 'bch@bwy.kgv', 126670, 633);
INSERT INTO public.workers VALUES (259, 'Nsvtrrcs', 'Jcdikmt', '1963-03-09', 'Pgglpwnq,Ibevx 186', '+78125284627', 'qfe@xq.hx', 104303, 277);
INSERT INTO public.workers VALUES (260, 'Xymgva', 'Wkno', '1995-09-07', 'Ekucsqbul,Ktaih 35', '+4203031678330586', 'njtno@umw.lyy', 159505, 739);
INSERT INTO public.workers VALUES (261, 'Tqrwfqou', 'Pgsy', '1999-07-20', 'Afgpvfphu,Eocgb 77', '+76571016073227', 'qtc@cg.ttu', 278655, 544);
INSERT INTO public.workers VALUES (262, 'Wsjxtvobwc', 'Ysfmaintrb', '1977-05-15', 'Djexqglbmq,Cvjmcxd 134', '+75438201538432', 'omxll@id.ef', 265684, 828);
INSERT INTO public.workers VALUES (263, 'Ajlplbbw', 'Xcqqwhugo', '1994-11-17', 'Tmeibn,Wtdp 40', '+030485260328702', 'bdbliv@ie.dk', 164316, 826);
INSERT INTO public.workers VALUES (264, 'Gnputxf', 'Ywkenpem', '1969-10-28', 'Sfpjqmxjsu,Clhw 166', '+610138635817468', 'vvcgvso@whp.xha', 202219, 951);
INSERT INTO public.workers VALUES (265, 'Lshm', 'Bcounrx', '1973-01-04', 'Jbdcpptiv,Hwodxn 164', '+4082035877205332', 'likuymwcn@nhe.sc', 193339, 327);
INSERT INTO public.workers VALUES (266, 'Npofwrixk', 'Tldtvvmrhj', '1959-05-22', 'Yovceksi,Tstjy 1', '+574403705704', 'xegnugfv@irs.knl', 279528, 808);
INSERT INTO public.workers VALUES (267, 'Jokgxoept', 'Ubbt', '1997-05-21', 'Qdjojp,Bixulyx 155', '+45856187035186', 'rvwjgjs@itg.uo', 178888, 504);
INSERT INTO public.workers VALUES (268, 'Jcdsxk', 'Fcjiydsl', '1973-11-06', 'Khnyadalty,Ylrk 125', '+40658733064630108', 'ierfcw@urq.bt', 187927, 723);
INSERT INTO public.workers VALUES (269, 'Oelnqb', 'Qnim', '1981-02-27', 'Rfmxkeeowp,Mtvswmh 116', '+12005524344465', 'wlaxje@du.dt', 181720, 451);
INSERT INTO public.workers VALUES (270, 'Uucnsoku', 'Srhj', '1982-02-25', 'Tfjvoy,Jdkuaft 136', '+3381174254284', 'etbwbc@fqj.yd', 178492, 190);
INSERT INTO public.workers VALUES (271, 'Anoycwwsqg', 'Kiho', '1961-06-02', 'Ppisjtpf,Vfoxdr 140', '+8831577467078', 'kvn@ec.bxc', 262687, 669);
INSERT INTO public.workers VALUES (272, 'Eewjvgf', 'Aycrf', '1980-10-08', 'Kxprmwr,Nhahj 64', '+13430022181175630', 'ljjjexhi@ovo.ywy', 218340, 461);
INSERT INTO public.workers VALUES (273, 'Ntdh', 'Lsifce', '1986-03-23', 'Hetqupujk,Nwvvw 109', '+55252876084436468', 'vpreujp@nq.gvk', 260595, 677);
INSERT INTO public.workers VALUES (274, 'Aeqdirxurs', 'Tpbbf', '1999-05-26', 'Hudrghoq,Iqonkxw 12', '+484230440022', 'kjswpmfab@at.aap', 234016, 973);
INSERT INTO public.workers VALUES (275, 'Ekjvjft', 'Erqfexyyl', '1955-04-20', 'Anjrqki,Veqqk 58', '+7427253625871', 'awo@fxv.icb', 199266, 483);
INSERT INTO public.workers VALUES (276, 'Uibyrxknen', 'Flac', '1996-09-22', 'Wgsfol,Untoht 79', '+81657101711106650', 'vjvbsayp@hhg.sw', 177468, 407);
INSERT INTO public.workers VALUES (277, 'Elclfbd', 'Vqqsjs', '1973-11-29', 'Pucfufe,Pluqu 97', '+868174520767577', 'xcpvxvm@qnd.pf', 192125, 975);
INSERT INTO public.workers VALUES (278, 'Jqskvwluc', 'Emgbgcvbnd', '1991-07-14', 'Giwoemoyxc,Xdyo 140', '+3724858016657370', 'qttojikc@wik.ugp', 176021, 192);
INSERT INTO public.workers VALUES (279, 'Xnwpucsw', 'Fjwkro', '1971-01-13', 'Qxjswtf,Nbdh 126', '+0436530177182', 'xvgbvka@ee.tjy', 166109, 295);
INSERT INTO public.workers VALUES (280, 'Xsarx', 'Jdlbkby', '1962-01-02', 'Cvmbdwu,Utkyuhw 70', '+4583156553730855', 'jlpapy@bg.ik', 256545, 354);
INSERT INTO public.workers VALUES (281, 'Lingfvj', 'Letdlvxq', '1996-08-27', 'Kvhimhsgok,Hsklcdc 17', '+88875827651', 'rxsxi@rt.vn', 184466, 821);
INSERT INTO public.workers VALUES (282, 'Iorp', 'Itbrtudsu', '2000-04-27', 'Bvdcmwm,Weipwa 27', '+403804847158', 'qjoygh@av.un', 268962, 90);
INSERT INTO public.workers VALUES (283, 'Bnyv', 'Vnjhlni', '1975-07-05', 'Psownowpo,Vokuhth 182', '+74733426785552', 'dkqb@bd.ur', 161160, 995);
INSERT INTO public.workers VALUES (284, 'Tddpstio', 'Yfmnfqn', '1971-11-03', 'Colkdot,Mflpuo 163', '+0575521027638', 'wqne@rsc.vj', 168540, 817);
INSERT INTO public.workers VALUES (285, 'Dqsi', 'Fbuluiqm', '1995-09-01', 'Dinnxnanus,Auypul 123', '+61051666308237207', 'mhb@agc.lam', 198752, 427);
INSERT INTO public.workers VALUES (286, 'Jqfrcvg', 'Hxxfreymk', '1985-08-18', 'Vlaedxxg,Tkbblvb 58', '+81265518484', 'ipco@jn.twx', 220048, 487);
INSERT INTO public.workers VALUES (287, 'Sdaqf', 'Hadyliy', '1966-02-25', 'Awporccgr,Vnft 172', '+215141725764464', 'tgvct@vco.bfe', 280058, 802);
INSERT INTO public.workers VALUES (288, 'Lsghhpkl', 'Ubex', '1967-09-19', 'Ykqvhsqs,Lefd 119', '+86834024168485', 'hnccoblq@kq.ow', 194154, 757);
INSERT INTO public.workers VALUES (289, 'Lvsvast', 'Mbbpgfhgsd', '1966-04-02', 'Kljidq,Grnkjt 21', '+86206640725', 'ejpiy@tmk.ivg', 220744, 600);
INSERT INTO public.workers VALUES (290, 'Luaptqnnl', 'Umjao', '1956-01-14', 'Favnnlqv,Hpia 159', '+7563541555846', 'kvchbrjw@hue.ydo', 192524, 496);
INSERT INTO public.workers VALUES (291, 'Dnuwdurp', 'Cwhndbssos', '1970-04-03', 'Dxwfihft,Jmiekp 67', '+8723641731171', 'uplsyotjl@uyy.sc', 161120, 403);
INSERT INTO public.workers VALUES (292, 'Thcdtnpvc', 'Nvsgjqr', '1957-05-13', 'Xkkoof,Omswq 94', '+7236575558753257', 'xoamclew@dvh.bid', 266663, 841);
INSERT INTO public.workers VALUES (293, 'Iebcwrgxru', 'Kllun', '1973-03-03', 'Opvcwy,Psyqvrc 187', '+472440774685', 'ged@gor.lc', 158243, 317);
INSERT INTO public.workers VALUES (294, 'Sswca', 'Dveoqujtx', '1971-11-11', 'Deppjhmovk,Ihbopq 148', '+54241246858032', 'cvf@mr.rs', 151064, 794);
INSERT INTO public.workers VALUES (295, 'Btqkkuxj', 'Ksmky', '1980-01-06', 'Dshkiryg,Iyvsmb 103', '+77140032755', 'yxe@pkp.sa', 176918, 625);
INSERT INTO public.workers VALUES (296, 'Gftmjq', 'Gkvdbr', '1997-02-20', 'Kfgqkl,Chpo 38', '+0677343371308701', 'ekdwynqot@th.otg', 186368, 101);
INSERT INTO public.workers VALUES (297, 'Idcnps', 'Oimtwat', '1975-10-03', 'Sslproew,Ormlwa 4', '+14640626110156521', 'jiasdg@enn.vy', 261966, 824);
INSERT INTO public.workers VALUES (298, 'Sltmfgxwj', 'Flxwj', '1959-01-20', 'Svmbxu,Slwbg 102', '+8352133670871568', 'kla@je.mib', 234105, 91);
INSERT INTO public.workers VALUES (299, 'Xbpg', 'Qaesqpp', '1961-01-18', 'Vjywmoa,Nawiiv 87', '+72510386844362162', 'qkaf@sby.tas', 296118, 547);
INSERT INTO public.workers VALUES (300, 'Uooxac', 'Aycqrdb', '1994-08-04', 'Npmwmxwgc,Plcyqmv 108', '+21064846756441564', 'miy@ulx.kfb', 235426, 975);
INSERT INTO public.workers VALUES (301, 'Qflpcx', 'Btlx', '2000-03-11', 'Cfdwgnu,Wbjlbt 170', '+671311212241648', 'npoafgw@bsc.ljr', 132438, 374);
INSERT INTO public.workers VALUES (302, 'Uekumjcipi', 'Yfkhxxfm', '1976-08-08', 'Pjxexs,Qoli 29', '+5867217427126203', 'xdr@eg.dlf', 113373, 212);
INSERT INTO public.workers VALUES (303, 'Ihtclnreo', 'Kmfxqskx', '1960-08-20', 'Veqmvfonoj,Esiyse 49', '+278821517785638', 'tjt@ocj.en', 160642, 95);
INSERT INTO public.workers VALUES (304, 'Gxuougqehw', 'Hreihxfim', '1991-10-06', 'Oelksxexnp,Gvaga 88', '+113202744005', 'dji@gnq.bg', 239216, 519);
INSERT INTO public.workers VALUES (305, 'Gvqquofjy', 'Ystrgvtxrm', '1995-07-25', 'Txkfvopskc,Nygq 177', '+84175527858286', 'btuk@dt.pki', 158781, 772);
INSERT INTO public.workers VALUES (306, 'Duphxfp', 'Kruud', '1962-10-18', 'Ofmhfje,Ivynmb 22', '+3868771284453', 'wycw@yts.sqv', 129250, 714);
INSERT INTO public.workers VALUES (307, 'Kfmlk', 'Ranuewdx', '1962-10-02', 'Xiotnhb,Thwkqy 23', '+7266836846641617', 'bdd@fi.kn', 127696, 896);
INSERT INTO public.workers VALUES (308, 'Ynwooh', 'Mkmw', '1956-11-07', 'Uanmrni,Icpv 71', '+73442822008763', 'ymadq@rhw.tqc', 215402, 156);
INSERT INTO public.workers VALUES (309, 'Vwniuh', 'Gfcwusssvi', '1967-06-05', 'Ksbduipuv,Sqfek 155', '+53855285541526', 'igrqxwhmb@fl.onb', 261920, 857);
INSERT INTO public.workers VALUES (310, 'Esskxspmwd', 'Uxknuj', '1967-11-04', 'Dqhmekpw,Eeco 134', '+05133305502280', 'iatiao@orr.rt', 142985, 370);
INSERT INTO public.workers VALUES (311, 'Wlxu', 'Iimmnhij', '1958-02-08', 'Eomjqwnqad,Kkkiui 180', '+4635032371481', 'xwhf@prn.vs', 142336, 989);
INSERT INTO public.workers VALUES (312, 'Lqbpa', 'Kvahrybd', '1976-04-04', 'Xxgjtc,Sgwm 15', '+654085087523', 'gypj@lvq.hu', 242371, 942);
INSERT INTO public.workers VALUES (313, 'Lcvqbl', 'Dxanjrqd', '1963-02-28', 'Kfdjudbbh,Rbdp 198', '+78541351015', 'fgxjpsbv@ca.lky', 248218, 796);
INSERT INTO public.workers VALUES (314, 'Tlgn', 'Gukdfoed', '1958-04-22', 'Kmvqlxvxe,Txafrwi 134', '+52883371268215044', 'sda@vdb.gp', 200681, 14);
INSERT INTO public.workers VALUES (315, 'Rumldipbor', 'Rgrao', '1966-07-19', 'Lsmwyh,Xgmp 50', '+57026605602247336', 'joiplknfd@io.ev', 101786, 505);
INSERT INTO public.workers VALUES (316, 'Xpwifq', 'Dnikesxt', '1970-10-25', 'Ngwcfv,Mjhnfga 149', '+277652188877', 'rrimjyau@lig.cay', 216179, 619);
INSERT INTO public.workers VALUES (317, 'Dbiqx', 'Ttyadciie', '1975-06-16', 'Euijeiplc,Emsvtf 197', '+0778534711215', 'yet@mu.pe', 149103, 525);
INSERT INTO public.workers VALUES (318, 'Rilkyoa', 'Ivhucom', '1972-03-13', 'Pfmjgqpihl,Mjbyb 187', '+58012152055', 'chnwxqem@vb.rp', 258862, 89);
INSERT INTO public.workers VALUES (319, 'Ejdtvb', 'Vwpoogggb', '1983-03-04', 'Oqivqo,Alwco 123', '+3574067100333', 'ubx@xmp.fh', 270118, 477);
INSERT INTO public.workers VALUES (320, 'Hhhsqo', 'Rdmnganad', '1981-08-03', 'Ilrngkxsj,Hpnq 172', '+23723568541217', 'susaye@rwn.gyi', 139648, 567);
INSERT INTO public.workers VALUES (321, 'Whskb', 'Wuincxvf', '1960-09-24', 'Tlsypymc,Ysvfdwy 98', '+34875550714338530', 'jvlpqbjgg@vvf.gwt', 164992, 96);
INSERT INTO public.workers VALUES (322, 'Bypope', 'Smrqh', '1971-10-22', 'Sxlaue,Eaxg 139', '+218334157540732', 'pmsdrof@fgc.qu', 282967, 606);
INSERT INTO public.workers VALUES (323, 'Uwlc', 'Mgxmkfcsnv', '1956-10-23', 'Pcxwah,Gcjwka 156', '+40072811007138763', 'rel@jk.kmu', 282743, 233);
INSERT INTO public.workers VALUES (324, 'Osckrafx', 'Crdtretcu', '1990-09-05', 'Msxpki,Nckm 82', '+5040804364006', 'ggudti@nw.xm', 226378, 783);
INSERT INTO public.workers VALUES (325, 'Seisdpebia', 'Jkrxguhhy', '1962-01-27', 'Lydpmjk,Luge 87', '+5078455134262351', 'ypjfh@sb.cc', 194125, 472);
INSERT INTO public.workers VALUES (326, 'Nnxdoocf', 'Tyxba', '1956-11-02', 'Tdyoqemte,Ebdxsfk 10', '+20711175205', 'fixwr@olv.rh', 168469, 283);
INSERT INTO public.workers VALUES (327, 'Oiaoocakg', 'Ejsq', '1982-05-12', 'Jioygjh,Vvqsc 140', '+664401841580568', 'kbmsdqrpb@nx.po', 250783, 503);
INSERT INTO public.workers VALUES (328, 'Pijxc', 'Inlffnlu', '1977-09-22', 'Amhtkwghox,Mvrddr 9', '+42036445164', 'oows@lf.iif', 213869, 924);
INSERT INTO public.workers VALUES (329, 'Pygf', 'Wlnhsxou', '1999-05-08', 'Tpjkmaynht,Jltnyw 160', '+3168376726170825', 'mbor@bu.yna', 295971, 733);
INSERT INTO public.workers VALUES (330, 'Trprm', 'Gpfbxxdcr', '1983-06-21', 'Mhwtjkias,Lyjnl 178', '+7633126066567652', 'qecwmpm@kw.oth', 243872, 916);
INSERT INTO public.workers VALUES (331, 'Vnox', 'Pgumtwglwt', '1986-05-22', 'Siygyv,Ogyqr 88', '+37785357460126822', 'imubx@upe.yom', 239180, 380);
INSERT INTO public.workers VALUES (332, 'Dmfpfkl', 'Hledtevu', '1978-05-20', 'Puhphfmp,Cuxwt 20', '+28815388106673126', 'toh@cqi.uc', 217596, 681);
INSERT INTO public.workers VALUES (333, 'Jscjbqmad', 'Mlhvo', '1995-09-13', 'Sqdbuut,Kbaditk 16', '+3758741845867358', 'lrk@kf.vp', 255865, 921);
INSERT INTO public.workers VALUES (334, 'Kjidmmyft', 'Yqnl', '1956-04-06', 'Bchdgu,Qrmut 90', '+5538213684066', 'uvjul@ly.vwv', 102164, 555);
INSERT INTO public.workers VALUES (335, 'Hwrkgjq', 'Gnjrhfrti', '1963-01-15', 'Exeubbx,Husalw 116', '+701822581352045', 'lxfbfbk@oc.aww', 173929, 445);
INSERT INTO public.workers VALUES (336, 'Xjea', 'Gninh', '1968-05-05', 'Rogekqg,Ygpfexp 161', '+72186837540786076', 'gagvba@vj.bdj', 299014, 771);
INSERT INTO public.workers VALUES (337, 'Drfkuybiva', 'Fmebm', '1959-02-07', 'Ufajyip,Dqunqei 173', '+027788801636', 'yidjmra@svc.up', 112608, 461);
INSERT INTO public.workers VALUES (338, 'Xyeomu', 'Iptstrn', '1960-11-18', 'Gxjlooy,Fsokrvp 43', '+5434884338174264', 'jyohrlkdn@aal.rj', 283140, 92);
INSERT INTO public.workers VALUES (339, 'Ocochrwtni', 'Dicomoie', '1999-06-18', 'Yqgvgnug,Ltfbgxl 83', '+44342752546372065', 'isfipvc@sr.ko', 278029, 945);
INSERT INTO public.workers VALUES (340, 'Iodvhcgt', 'Qsqm', '1995-08-05', 'Vjywwqhup,Loqfivu 71', '+824345213018', 'rduutt@utb.ps', 146431, 568);
INSERT INTO public.workers VALUES (341, 'Xwuo', 'Igmkefb', '1981-02-28', 'Wptucn,Uemqw 187', '+751456252641783', 'jfxxkm@irt.yit', 101522, 862);
INSERT INTO public.workers VALUES (342, 'Kxwynqido', 'Helhsrgu', '1988-06-07', 'Oqvmabs,Xmjkad 94', '+226280452074446', 'srg@og.trf', 211270, 957);
INSERT INTO public.workers VALUES (343, 'Wntn', 'Cdxmtd', '1995-02-15', 'Eqdwhc,Pjmrj 60', '+18257852774508330', 'hoejk@hni.byj', 203989, 135);
INSERT INTO public.workers VALUES (344, 'Cfrin', 'Qutgijoaj', '1993-05-27', 'Xxicrabry,Ibih 62', '+72433708063', 'wyf@fbm.hy', 236788, 676);
INSERT INTO public.workers VALUES (345, 'Xfsjap', 'Iipqtpbj', '1969-02-14', 'Emrutu,Qxwu 23', '+0074060240012', 'otplnwjx@cck.xp', 125516, 557);
INSERT INTO public.workers VALUES (346, 'Bdpysbv', 'Elhrsuw', '1961-01-26', 'Gqacdo,Ipbp 97', '+445752248453', 'kkins@vef.oe', 150519, 332);
INSERT INTO public.workers VALUES (347, 'Pxmbd', 'Prdfscthn', '1991-09-13', 'Rncbdvtppg,Oraqx 26', '+04704617233467040', 'rvyr@fco.jad', 252711, 750);
INSERT INTO public.workers VALUES (348, 'Lkijymc', 'Auuhymoq', '1977-09-28', 'Jbcfakou,Wuqwpyt 75', '+13485484630652542', 'jyew@dpd.rq', 118985, 805);
INSERT INTO public.workers VALUES (349, 'Joibwhji', 'Iyhivbsseg', '1978-06-05', 'Nwlxtdpek,Ajke 76', '+26305288462836', 'vomxasyyd@qh.ftd', 113361, 270);
INSERT INTO public.workers VALUES (350, 'Ihmyt', 'Safblerd', '1996-02-14', 'Porqicwje,Ylgrr 89', '+277106825333', 'bcff@ofp.ox', 149443, 201);
INSERT INTO public.workers VALUES (351, 'Yfcphvoouq', 'Pjdnqbtov', '1971-11-04', 'Gqpyngngur,Keujorv 17', '+86731830373831', 'lydke@nns.wp', 247133, 81);
INSERT INTO public.workers VALUES (352, 'Qsovyvix', 'Nbvm', '1983-03-01', 'Lydfnrwdmc,Vnqbl 117', '+84851772108350321', 'goetu@wxt.oxa', 142730, 636);
INSERT INTO public.workers VALUES (353, 'Olmi', 'Koqdmyvby', '1968-11-02', 'Hylycorq,Crowwc 119', '+2283877754842178', 'ehpjq@xy.tqe', 166423, 343);
INSERT INTO public.workers VALUES (354, 'Hmpkfwc', 'Hemnhfqgai', '2000-11-02', 'Dmpafay,Wjik 104', '+8802382648234746', 'ovrrfum@lm.ku', 192310, 326);
INSERT INTO public.workers VALUES (355, 'Fqupmoiq', 'Jdylu', '1974-04-26', 'Hmcdngujf,Mmdsicc 181', '+13110028604', 'weccskjh@uqx.flp', 118822, 634);
INSERT INTO public.workers VALUES (356, 'Slplkyjkl', 'Sxlswexk', '1988-01-07', 'Rfajub,Qevh 187', '+7551050832827', 'kqvf@ftc.wa', 179473, 78);
INSERT INTO public.workers VALUES (357, 'Deftbusv', 'Qldpioisf', '1959-02-14', 'Vkcqounhyw,Ejdqre 138', '+027280558680', 'hvqru@qo.ef', 261443, 505);
INSERT INTO public.workers VALUES (358, 'Pavpencagc', 'Nhhpecvij', '1975-02-16', 'Qubficc,Ymhqfgi 172', '+28772022761', 'qlvtq@rri.fsa', 186349, 146);
INSERT INTO public.workers VALUES (359, 'Qkwagejgl', 'Qiuy', '1956-11-02', 'Nqplwsbk,Lnmmtcl 179', '+02564362312640', 'lowrvdgx@gs.mj', 188524, 681);
INSERT INTO public.workers VALUES (360, 'Cgsus', 'Opsforbgl', '1964-05-29', 'Ouewapu,Pfyf 190', '+3646570636436552', 'qjaydmxhf@ok.ka', 271504, 803);
INSERT INTO public.workers VALUES (361, 'Keougfi', 'Ojrnfvqmx', '1995-03-27', 'Kulyrwkn,Tddgweb 134', '+782635342643418', 'tvyykk@ok.is', 277760, 285);
INSERT INTO public.workers VALUES (362, 'Cpuppl', 'Jlecfjvq', '1954-10-04', 'Ydvvjnmffw,Yajhpm 26', '+84361640603783246', 'ukcrf@bkd.ui', 180444, 708);
INSERT INTO public.workers VALUES (363, 'Uxvxomu', 'Hvcyvkn', '1971-06-15', 'Wsbttli,Qpfdkb 155', '+54813088378370045', 'ijd@ay.ptl', 268037, 531);
INSERT INTO public.workers VALUES (364, 'Vsngtni', 'Dujjskcnju', '1974-02-02', 'Mgwsgcsfk,Ocjdgou 167', '+1008230148085', 'necpoqkq@ye.qo', 147903, 206);
INSERT INTO public.workers VALUES (365, 'Meswbfsul', 'Awlbemidh', '1997-07-12', 'Bmrmlumfqe,Mxlrs 116', '+058261823180445', 'eskx@mx.hm', 237217, 998);
INSERT INTO public.workers VALUES (366, 'Rkbuckeo', 'Dnhmtwaaj', '1966-05-25', 'Yqqelcjlxc,Jehxi 78', '+852866086532', 'vpp@pv.gs', 162278, 250);
INSERT INTO public.workers VALUES (367, 'Ixgir', 'Gjfbwkto', '1962-06-26', 'Hwvlehetm,Nvqxdm 39', '+36870572342', 'qwwsnsi@gt.crb', 291841, 570);
INSERT INTO public.workers VALUES (368, 'Lwvqss', 'Mrxwfwmar', '1966-11-23', 'Eyanxdsjdc,Vdhrw 11', '+88358255258121830', 'ittqgwsjq@aps.cl', 238482, 988);
INSERT INTO public.workers VALUES (369, 'Gobkpcb', 'Wgjwiao', '2000-01-27', 'Wppwjydlj,Guqy 119', '+3776868077225030', 'qblyqgrcn@byg.cu', 246714, 543);
INSERT INTO public.workers VALUES (370, 'Svalpbgumb', 'Cortpadg', '2000-09-06', 'Sxmdyqdl,Crcrn 171', '+06452132113738', 'mgbwyofe@op.ly', 258016, 68);
INSERT INTO public.workers VALUES (371, 'Ffyof', 'Yjswdvba', '1997-09-03', 'Mdsdkqwf,Qjafvud 61', '+4564318030120', 'sttx@fpx.vbh', 181836, 389);
INSERT INTO public.workers VALUES (372, 'Wwwba', 'Etyrqpcx', '1983-04-10', 'Unwhsekw,Qcspd 16', '+0577712045501846', 'fcxsngy@hex.pj', 102096, 295);
INSERT INTO public.workers VALUES (373, 'Wqvauhlur', 'Xiodxavu', '1961-02-09', 'Aassnu,Sqsp 161', '+420043255006681', 'norxivnw@lan.eu', 261586, 322);
INSERT INTO public.workers VALUES (374, 'Mlmvkkqevw', 'Dgiff', '1992-08-03', 'Viicxo,Iktho 153', '+220277422883', 'jkc@yhk.im', 184644, 245);
INSERT INTO public.workers VALUES (375, 'Grluabh', 'Pnqvp', '1972-06-10', 'Vtdcvuskif,Kosj 83', '+38158161755664', 'ddby@cco.sj', 219284, 577);
INSERT INTO public.workers VALUES (376, 'Tedenw', 'Ocitsdyxec', '1986-09-21', 'Iixcihcle,Fnivkw 165', '+3445714526045533', 'rqm@oj.sr', 298203, 219);
INSERT INTO public.workers VALUES (377, 'Jrjdked', 'Mtbqlo', '1973-04-05', 'Kolugmoin,Dcwsx 142', '+872220086133750', 'tpntmrel@tp.whk', 267435, 900);
INSERT INTO public.workers VALUES (378, 'Ypwledoeu', 'Xqsdrdebud', '1968-07-20', 'Frekkt,Mpxoljd 24', '+705286848801133', 'wokesmhe@yj.ifo', 246504, 889);
INSERT INTO public.workers VALUES (379, 'Rpixeen', 'Dqynrv', '1993-07-28', 'Dbacvnq,Bifvt 177', '+38401083657400', 'xienqy@eyo.wy', 226269, 65);
INSERT INTO public.workers VALUES (380, 'Gdurmvxvnj', 'Nyfn', '1957-08-11', 'Gcvncqjuyk,Fgral 68', '+462486535367', 'khbtivife@rty.ncu', 146005, 486);
INSERT INTO public.workers VALUES (381, 'Lwma', 'Smbkurf', '1978-02-24', 'Lkygswvkv,Bpspcd 116', '+27302515420545', 'rnnpliq@xg.xma', 172040, 283);
INSERT INTO public.workers VALUES (382, 'Buubsdk', 'Twskbfpd', '1970-02-16', 'Hijtuoowvp,Gcwkjml 188', '+07131270318158123', 'rantx@kcl.mm', 217172, 661);
INSERT INTO public.workers VALUES (383, 'Vubvvlt', 'Ebimog', '1973-08-26', 'Kwivxk,Lgtqsf 117', '+04524513115', 'plvfgjce@mc.ppu', 126743, 830);
INSERT INTO public.workers VALUES (384, 'Dkxggakh', 'Ebasfvn', '1999-07-25', 'Cgsnjmw,Hfxblp 111', '+0246048105742', 'splkykgi@dt.bgd', 268255, 522);
INSERT INTO public.workers VALUES (385, 'Nagoqwdta', 'Vqcecaw', '1965-01-21', 'Fniccxu,Mpmf 120', '+3015077575020137', 'jfqfaqydx@ge.mgo', 149626, 378);
INSERT INTO public.workers VALUES (386, 'Qtgxiy', 'Oxwvxriatl', '1957-08-25', 'Nukvpbkvt,Qtdrftg 125', '+5114287541712', 'krxmbou@owl.kg', 292824, 723);
INSERT INTO public.workers VALUES (387, 'Dmoevr', 'Egmy', '1986-06-05', 'Bvotkkrsxi,Loosgbn 27', '+475732208450', 'mvo@ykb.ft', 132520, 450);
INSERT INTO public.workers VALUES (388, 'Docanihhbh', 'Mwicyr', '1955-01-13', 'Pchfxyqls,Qorq 79', '+81362361225187426', 'kdpgq@bi.gf', 241934, 877);
INSERT INTO public.workers VALUES (389, 'Pcmbsgwqp', 'Iojv', '1991-11-10', 'Cmrghgywoe,Gpjgv 170', '+53464866164', 'futmi@lme.rux', 157891, 100);
INSERT INTO public.workers VALUES (390, 'Dgiqxh', 'Kqdygp', '1982-08-01', 'Tespgdbp,Tsbobn 178', '+424302586766226', 'ipsmsadh@qxj.qy', 253641, 513);
INSERT INTO public.workers VALUES (391, 'Pvjje', 'Lsxdvicy', '1996-05-12', 'Wbuigo,Wuft 71', '+42504705517002', 'ghq@vqi.ta', 276883, 230);
INSERT INTO public.workers VALUES (392, 'Ggbcegmd', 'Temxuemgcw', '1977-06-14', 'Npeiqj,Msaa 196', '+63421622560302', 'wpgrrf@udn.kfv', 181018, 463);
INSERT INTO public.workers VALUES (393, 'Dmoykkl', 'Kqpysrnml', '1960-02-04', 'Aywuasv,Vkadaso 190', '+81704053850136', 'dej@ibi.ckk', 235976, 555);
INSERT INTO public.workers VALUES (394, 'Ntulbv', 'Frbnkhal', '1976-09-21', 'Kbjfwsfa,Kqkovsi 28', '+74465173053540', 'ywoocrg@jqu.jly', 131625, 810);
INSERT INTO public.workers VALUES (395, 'Qhmmlb', 'Smfmvl', '1999-02-27', 'Aehnupluy,Nihwmy 91', '+5534441887854776', 'llerryuve@brc.cwc', 204214, 704);
INSERT INTO public.workers VALUES (396, 'Agwixanirm', 'Yofp', '1957-01-10', 'Pqohsr,Dqaoc 174', '+3516675838710', 'ipeym@udl.yjd', 128227, 537);
INSERT INTO public.workers VALUES (397, 'Byrhrssgua', 'Xqplnxxysw', '1966-10-23', 'Rvgllcp,Tfwjoym 141', '+678147803744', 'ofdd@vyn.yur', 141914, 702);
INSERT INTO public.workers VALUES (398, 'Uxeax', 'Iddfgal', '1980-07-04', 'Yxcqmcqsli,Qntflyp 122', '+78561355881148', 'agquj@qhn.dt', 265743, 831);
INSERT INTO public.workers VALUES (399, 'Weclne', 'Xhluueo', '1978-01-23', 'Pkmhniqego,Nvoxh 130', '+24785373140258505', 'aat@dmn.emb', 159389, 313);
INSERT INTO public.workers VALUES (400, 'Sbqbqwsbxc', 'Yblxbbellr', '1979-03-07', 'Yurjmhe,Swqndb 159', '+57212570117275', 'kxpsisrno@cc.mn', 130191, 128);
INSERT INTO public.workers VALUES (401, 'Qvjr', 'Vmflbautl', '1988-09-26', 'Vmeiwmpa,Cfnrbky 148', '+07035818557510111', 'aco@va.ems', 162920, 586);
INSERT INTO public.workers VALUES (402, 'Gxqm', 'Uhtnswa', '1987-07-04', 'Mitbuif,Iqotx 118', '+5418347733330', 'ahygfir@afb.qam', 162208, 758);
INSERT INTO public.workers VALUES (403, 'Qhskrwalbv', 'Vcobdhjrv', '1972-09-12', 'Btdqtxnbd,Ucend 65', '+228326308875320', 'djqm@dmd.kf', 252916, 770);
INSERT INTO public.workers VALUES (404, 'Snjuju', 'Pchpwfdwsf', '1972-10-21', 'Eepgkhoeh,Fiqdhqf 67', '+66763182355271', 'pwjjtqbj@sd.fpv', 149983, 853);
INSERT INTO public.workers VALUES (405, 'Bpfvkq', 'Vsmpws', '1964-07-12', 'Yotnvduplx,Adrvq 10', '+575328026250533', 'wiha@ce.as', 115997, 267);
INSERT INTO public.workers VALUES (406, 'Biim', 'Xlecin', '1972-04-18', 'Janwbsok,Xqrsay 120', '+22464430182205516', 'bsujj@kt.kcr', 247883, 506);
INSERT INTO public.workers VALUES (407, 'Rcbbt', 'Abfmccpuaa', '1976-04-25', 'Dacuxbqpyx,Ckme 69', '+456500651405468', 'tfr@jy.yn', 150388, 111);
INSERT INTO public.workers VALUES (408, 'Geru', 'Afjad', '1969-08-19', 'Xtlpvgms,Bpcf 88', '+4523222404306326', 'hycoe@mlh.alc', 106626, 186);
INSERT INTO public.workers VALUES (409, 'Nmhyqbdn', 'Vcfpd', '1999-01-23', 'Hfvsocqtw,Oisrei 88', '+87732607051631', 'sda@iyw.jua', 290618, 274);
INSERT INTO public.workers VALUES (410, 'Pxew', 'Oehftsxy', '1962-01-12', 'Fxblowaw,Ykphn 42', '+8381572761620854', 'ltf@bk.fkk', 148456, 134);
INSERT INTO public.workers VALUES (411, 'Wwsnpt', 'Uhuclcb', '1976-03-06', 'Bnjhwmop,Wvqyn 81', '+70124332101270617', 'ptyjb@qbk.rl', 222526, 519);
INSERT INTO public.workers VALUES (412, 'Rvjwykjti', 'Gbkadc', '1969-04-21', 'Oarebdin,Lsvesj 103', '+54301614546573', 'vtcbp@qlw.cbs', 211988, 361);
INSERT INTO public.workers VALUES (413, 'Hqgqjtyc', 'Bmhmdyhl', '1998-04-08', 'Ckqybksw,Rrsdcy 93', '+3431152511273', 'xjthpavco@tb.ka', 203135, 37);
INSERT INTO public.workers VALUES (414, 'Ccfggqfrw', 'Bgffetve', '1965-06-27', 'Mkpfludrtq,Scjqq 44', '+63840573065', 'rgppf@hp.uq', 293125, 87);
INSERT INTO public.workers VALUES (415, 'Fariniyd', 'Fwbqn', '1971-10-16', 'Tvqiau,Rpnu 146', '+82813571262087', 'rlpmsbqn@rjt.kl', 165232, 27);
INSERT INTO public.workers VALUES (416, 'Xadkl', 'Ssmbj', '1977-05-15', 'Ywqbesu,Hstma 186', '+76745406883', 'muyiqsjo@iu.ltv', 104856, 584);
INSERT INTO public.workers VALUES (417, 'Efvxna', 'Sliekiqvd', '1974-11-21', 'Pqcdhtxd,Oprbum 59', '+12432666006413448', 'itu@ht.tch', 288570, 695);
INSERT INTO public.workers VALUES (418, 'Objon', 'Mmahgae', '1966-06-12', 'Cfxnwiytj,Etgkj 67', '+870020852628', 'qdlnpkrre@pjw.kps', 164253, 428);
INSERT INTO public.workers VALUES (419, 'Swoy', 'Nomoatid', '1997-11-16', 'Evdsjwuxo,Couwrq 103', '+4037517800724372', 'ltvmha@ay.co', 278180, 900);
INSERT INTO public.workers VALUES (420, 'Xlwnpdnpv', 'Yeebesfw', '1970-04-24', 'Sxincjiu,Ipaanu 85', '+0008038854235810', 'lojg@tvt.xkr', 118380, 353);
INSERT INTO public.workers VALUES (421, 'Drdlaq', 'Debp', '1978-03-21', 'Rquayoncj,Apkybch 11', '+08264083814', 'tsqom@bpv.vfy', 281555, 467);
INSERT INTO public.workers VALUES (422, 'Prjmpt', 'Btsod', '1968-11-15', 'Nbgauap,Jwdfghe 169', '+77508384812', 'ctfsnwwhp@rbg.oh', 164142, 397);
INSERT INTO public.workers VALUES (423, 'Uqidxglxv', 'Gwgafk', '1972-05-23', 'Qytqjje,Xnogmj 121', '+82356071114', 'beepusar@jvy.sq', 175718, 87);
INSERT INTO public.workers VALUES (424, 'Sedpy', 'Tygoqppsgr', '1958-11-22', 'Joarnxpjk,Lrullph 90', '+0725716624300447', 'geh@hw.hcg', 224755, 80);
INSERT INTO public.workers VALUES (425, 'Uhcva', 'Gvjesq', '1988-03-13', 'Ielevdmsqx,Asul 115', '+46815330653286', 'gcq@fij.exk', 156562, 731);
INSERT INTO public.workers VALUES (426, 'Hbyjn', 'Henvqqy', '1970-05-05', 'Wiomjs,Jcaxkd 193', '+106153632382', 'ekhdvvgr@sf.fb', 188096, 730);
INSERT INTO public.workers VALUES (427, 'Ksbpldus', 'Qwfibja', '1973-02-10', 'Abnpjulpp,Hlib 97', '+125572342805', 'jmeow@jw.yn', 114169, 119);
INSERT INTO public.workers VALUES (428, 'Ommg', 'Qkxemoapf', '1959-07-16', 'Scnudnb,Llflck 95', '+530508531302', 'ffooyge@gb.ty', 124461, 18);
INSERT INTO public.workers VALUES (429, 'Amtnuol', 'Dmbe', '1965-09-28', 'Ydviwn,Mewntmp 187', '+10680563243367477', 'nsqsww@nkl.vy', 283488, 874);
INSERT INTO public.workers VALUES (430, 'Mkvjbwov', 'Eufkubn', '1960-04-15', 'Mwbcgsjcs,Obgil 123', '+5153483560032216', 'oolyp@plq.cob', 120630, 907);
INSERT INTO public.workers VALUES (431, 'Raxchrx', 'Vdib', '1987-06-23', 'Otilhrofyu,Movncfu 67', '+03482824647', 'hrv@er.iu', 226918, 106);
INSERT INTO public.workers VALUES (432, 'Jmweo', 'Elietit', '1964-03-06', 'Dffeckjp,Rvhr 164', '+35776374203526', 'iufoqjx@tfm.ej', 262550, 116);
INSERT INTO public.workers VALUES (433, 'Aiarwtvg', 'Qdxshnfeir', '1991-07-08', 'Uweyhdcx,Ghjtfqn 76', '+15236275653206101', 'bjou@ag.vfk', 105386, 900);
INSERT INTO public.workers VALUES (434, 'Kehm', 'Vflqaesvi', '1982-02-21', 'Xrublceyuq,Fxko 182', '+837335370238872', 'qpm@sux.tin', 120269, 676);
INSERT INTO public.workers VALUES (435, 'Phowmrimqp', 'Llrqcvn', '1994-04-13', 'Vategdv,Pnuks 186', '+40662504760', 'mhuwnobsg@tyj.ck', 153371, 613);
INSERT INTO public.workers VALUES (436, 'Vmkl', 'Unbg', '1966-08-26', 'Bcounsjac,Yversu 3', '+5347248753030', 'qvhgah@upp.xg', 256160, 994);
INSERT INTO public.workers VALUES (437, 'Lphdkcrk', 'Nwkkxyh', '1988-08-19', 'Lbyflglpo,Fovhio 75', '+8743435035840163', 'niolcj@bnb.xt', 124298, 11);
INSERT INTO public.workers VALUES (438, 'Fgal', 'Ofrtatka', '1964-07-05', 'Oswfua,Hucdn 153', '+3515847638750', 'chcc@tgl.ck', 104115, 501);
INSERT INTO public.workers VALUES (439, 'Anrkegbbnv', 'Nyyks', '1984-05-22', 'Rvsisswkf,Wpde 192', '+6083411177203', 'exr@ji.xu', 285089, 468);
INSERT INTO public.workers VALUES (440, 'Wlgu', 'Rvgpfjek', '1967-02-18', 'Wnpodosqy,Babili 2', '+6802620400471438', 'iigmltq@bm.uj', 214611, 870);
INSERT INTO public.workers VALUES (441, 'Xbhomasgw', 'Gqpmno', '1972-07-14', 'Euqrngosc,Wbicxa 50', '+56410707070511', 'vjdxhk@of.vao', 201165, 249);
INSERT INTO public.workers VALUES (442, 'Onxafsnjcj', 'Decf', '1978-07-08', 'Amysqetx,Mbyatvx 124', '+6534440715348', 'nfc@ru.wkq', 243073, 160);
INSERT INTO public.workers VALUES (443, 'Ndubjcc', 'Wlcyqubdk', '1997-02-11', 'Hbhriyp,Qgjs 70', '+5531068254645', 'jrwvsdc@vj.gck', 116501, 757);
INSERT INTO public.workers VALUES (444, 'Pmyxnefjyv', 'Cumnidyr', '1963-03-01', 'Wafmnyrgc,Xxgcr 100', '+82550836364288806', 'fneioaue@hpf.aa', 179649, 260);
INSERT INTO public.workers VALUES (445, 'Xepfukn', 'Tkvmwo', '1999-01-12', 'Aodfgbjnaw,Gqkt 197', '+10105074434710', 'bvt@rb.uld', 268771, 288);
INSERT INTO public.workers VALUES (446, 'Bdutw', 'Aovulg', '1989-07-01', 'Volxfehv,Kbejb 131', '+1050113636485', 'tdnypnlb@jif.fpw', 294765, 625);
INSERT INTO public.workers VALUES (447, 'Hbljdg', 'Bcqqdf', '1983-06-17', 'Ybqatrvyad,Kcirg 194', '+47260668414665180', 'xvqwdjcw@exv.cj', 140310, 923);
INSERT INTO public.workers VALUES (448, 'Ckvxyrgle', 'Tlfvrx', '1997-11-28', 'Ehphnolj,Bpxwclw 111', '+281483027655', 'oixkk@ku.glk', 289382, 175);
INSERT INTO public.workers VALUES (449, 'Xuavvjtias', 'Klpfyn', '1976-06-24', 'Tbqpfpgd,Yjnubi 134', '+812318047364180', 'kcgg@fv.pk', 178419, 594);
INSERT INTO public.workers VALUES (450, 'Dorlvrlrj', 'Utvb', '1969-01-01', 'Mgkndxuo,Nsfu 198', '+05570862673831064', 'vfoyiu@ct.br', 258044, 416);
INSERT INTO public.workers VALUES (451, 'Mrbujthqf', 'Sprfs', '1977-04-09', 'Jyedjh,Fcvjia 19', '+471025646788546', 'gylndsjr@jax.afc', 113746, 493);
INSERT INTO public.workers VALUES (452, 'Kmxpxj', 'Jcmynlkybu', '1997-02-23', 'Aggwglyajw,Iylt 113', '+45210763447782151', 'attwjtids@gma.yf', 246256, 138);
INSERT INTO public.workers VALUES (453, 'Bwiiblb', 'Ionei', '1991-10-28', 'Cnmoek,Egfiq 130', '+6225327682685', 'ysup@udd.buk', 214630, 884);
INSERT INTO public.workers VALUES (454, 'Rxfweu', 'Jbwutcn', '1964-04-11', 'Iqsmvgi,Ffdllvt 161', '+0254610467028412', 'qpb@ox.flx', 170667, 494);
INSERT INTO public.workers VALUES (455, 'Qpwx', 'Tsib', '2000-07-09', 'Lpvksne,Jdquqvb 63', '+113375515282360', 'eyurrj@wfn.lo', 171115, 959);
INSERT INTO public.workers VALUES (456, 'Txctbsiu', 'Fnllldbqer', '1981-04-26', 'Bxctaoctv,Uhvrpy 84', '+5827583272884617', 'dkgpifsm@ebg.ht', 290914, 494);
INSERT INTO public.workers VALUES (457, 'Fbhcvmfngt', 'Qqnatuqkxk', '1969-04-16', 'Hsqeermpe,Gvrlj 138', '+37232752118', 'ftuhcjvte@pxu.rqf', 195796, 97);
INSERT INTO public.workers VALUES (458, 'Btuly', 'Vjfhnbju', '1966-01-13', 'Hbmenorv,Scchlw 40', '+25387552153', 'ksamynk@iuo.jw', 178765, 726);
INSERT INTO public.workers VALUES (459, 'Tkjjdu', 'Hdteif', '1977-03-06', 'Wvbkfambt,Wdik 9', '+065638224184', 'afyydjijl@pw.wwn', 262897, 999);
INSERT INTO public.workers VALUES (460, 'Huqgunlg', 'Hxkvofrkeh', '1969-07-05', 'Tinusl,Llmwdah 167', '+0437630127257', 'eswrivdhn@cdl.ahi', 281323, 736);
INSERT INTO public.workers VALUES (461, 'Rrwfjpur', 'Gsqesdhtp', '1978-10-10', 'Ukoehvm,Eilf 52', '+63181752632262', 'pajgob@rh.bs', 271423, 205);
INSERT INTO public.workers VALUES (462, 'Rnsamnwdn', 'Mgpudy', '1970-03-06', 'Wsnmufj,Ijuipw 83', '+52862676831810171', 'mfajgwyfi@rkc.fwi', 131115, 930);
INSERT INTO public.workers VALUES (463, 'Afcwctpmck', 'Ivcgio', '1978-10-28', 'Kpxemiavae,Xiheb 181', '+07458871641', 'quvfbkpun@nrk.gc', 250514, 733);
INSERT INTO public.workers VALUES (464, 'Lpnb', 'Djjygvgkwr', '1989-02-28', 'Ynjjhxcoh,Dmutjo 151', '+23205581012317', 'goakco@vat.ufg', 286898, 537);
INSERT INTO public.workers VALUES (465, 'Jdsprjjgkc', 'Csdmwr', '1968-02-15', 'Tisime,Hdylxl 135', '+8408835336770', 'iiuyu@bng.dyn', 231995, 941);
INSERT INTO public.workers VALUES (466, 'Tenxjrxp', 'Gbtgrvt', '1991-04-19', 'Qglydlasbv,Jqsbe 122', '+1845507843181812', 'fieca@kbt.tsy', 189213, 282);
INSERT INTO public.workers VALUES (467, 'Qftu', 'Liiuju', '1985-01-19', 'Tndlylu,Tyyiefc 72', '+53842354120800582', 'rckipcg@iv.kti', 135952, 809);
INSERT INTO public.workers VALUES (468, 'Mwfljcpvsn', 'Axfeifatcd', '1982-02-16', 'Vxnjrugkak,Tllnm 125', '+17348150237575', 'gtrlipqh@gq.ab', 140842, 175);
INSERT INTO public.workers VALUES (469, 'Aivlurt', 'Ietokqrnq', '1993-08-25', 'Gfqdvunng,Uslvw 59', '+43113677471', 'kxqegqocb@ug.eq', 227113, 788);
INSERT INTO public.workers VALUES (470, 'Hpyxcn', 'Ubhimmjudw', '2000-04-13', 'Uucutosih,Vumfa 32', '+4308776232561', 'ujha@cd.da', 196241, 968);
INSERT INTO public.workers VALUES (471, 'Eswn', 'Pesnln', '1965-06-18', 'Nvynolob,Nxgs 9', '+2482387151642467', 'igrpcustx@vue.gtk', 117492, 819);
INSERT INTO public.workers VALUES (472, 'Mijla', 'Tqexjrfuc', '1976-11-22', 'Vfdsghqfr,Bigro 34', '+60234714663288', 'phm@ijh.htl', 106414, 217);
INSERT INTO public.workers VALUES (473, 'Uksnlad', 'Qbovts', '1963-09-27', 'Mrguqw,Sksuoxl 45', '+1065452346128543', 'jpsp@gh.qy', 109038, 487);
INSERT INTO public.workers VALUES (474, 'Tbpexktfk', 'Mjod', '1975-10-20', 'Relruc,Eoog 102', '+01754637627708132', 'njnu@tg.ofj', 125171, 762);
INSERT INTO public.workers VALUES (475, 'Pjjx', 'Bjdthuvx', '1958-07-01', 'Jgobawa,Ydbfju 182', '+8161064053150322', 'hryeyulh@ft.nfm', 288209, 943);
INSERT INTO public.workers VALUES (476, 'Bhioetx', 'Aollr', '1957-07-22', 'Sxckxyjhyt,Jwspwl 34', '+1087324622302', 'rqorodtu@xk.os', 284245, 577);
INSERT INTO public.workers VALUES (477, 'Eptvpyne', 'Lfadddglkl', '1981-11-16', 'Iicpnlqscl,Gtesql 24', '+440855836380', 'dcfs@pse.qnt', 205722, 200);
INSERT INTO public.workers VALUES (478, 'Jimhtrg', 'Ncvud', '1973-02-15', 'Ghssapg,Upjbttg 78', '+6500315126444078', 'uwwjnjdg@db.lay', 280886, 70);
INSERT INTO public.workers VALUES (479, 'Ojhndcxa', 'Lmxi', '1977-06-17', 'Axfwubwuj,Wesrqaw 84', '+38365173084', 'pejnq@miw.aho', 266785, 620);
INSERT INTO public.workers VALUES (480, 'Sospd', 'Pmhi', '1997-03-29', 'Hssmsalvae,Quqab 126', '+7713250320776520', 'isrquegcv@gwp.avc', 111621, 939);
INSERT INTO public.workers VALUES (481, 'Hydpe', 'Bfmsnj', '1999-08-08', 'Lgduvq,Rixkn 198', '+11446458746503', 'hawkmig@vye.pmr', 148547, 442);
INSERT INTO public.workers VALUES (482, 'Fhglvnrsgd', 'Xdjqfihl', '2000-01-15', 'Lctotrcccy,Okmowcp 83', '+63648887507036207', 'khdvnjwey@su.gfu', 201942, 630);
INSERT INTO public.workers VALUES (483, 'Amvd', 'Ncfkqsswdw', '1985-09-08', 'Ylgomycpxb,Qskj 87', '+342528774300', 'iwxrmya@qb.dpx', 246465, 650);
INSERT INTO public.workers VALUES (484, 'Pggi', 'Gqwdumgg', '1956-10-13', 'Xmhrmtlfj,Nnabyoy 42', '+521063366046', 'rasebegx@xab.fe', 110691, 569);
INSERT INTO public.workers VALUES (485, 'Rijuv', 'Ttcgmr', '1970-11-25', 'Ddkxslh,Fhisj 55', '+46856576768', 'jdudkq@wu.vw', 176155, 664);
INSERT INTO public.workers VALUES (486, 'Xqcnmuca', 'Tlbdfnn', '1955-04-25', 'Dtvwjmlwqb,Yfdo 181', '+707377430641675', 'ysgbh@wpr.ln', 219799, 301);
INSERT INTO public.workers VALUES (487, 'Eglowb', 'Fhvro', '1975-09-25', 'Ahtkft,Ipms 14', '+678222002115203', 'kyjva@jg.mqq', 202633, 599);
INSERT INTO public.workers VALUES (488, 'Vcgalrujxj', 'Xuhpd', '1957-04-04', 'Upvilrnau,Egrkp 147', '+0055634228153', 'yxra@khl.vuc', 263489, 587);
INSERT INTO public.workers VALUES (489, 'Jyrbw', 'Rooqvhkem', '1966-11-15', 'Obcccl,Oradk 142', '+553777354251425', 'mlbwwt@jsj.oc', 224976, 509);
INSERT INTO public.workers VALUES (490, 'Qsnknxwmtf', 'Rgpobrmsk', '1990-07-24', 'Xfehvitoc,Rtkdcw 190', '+376646625065', 'sfnrd@pqx.wl', 232253, 381);
INSERT INTO public.workers VALUES (491, 'Bisb', 'Fndlae', '1965-07-28', 'Ifwpdci,Edcqhp 134', '+048668218484', 'jpffo@hk.nba', 210849, 376);
INSERT INTO public.workers VALUES (492, 'Cmofrglejb', 'Vnbiy', '1997-07-09', 'Yqxxlmmxo,Yujfjn 122', '+70422134782420212', 'ivvcdpd@ke.fhd', 202033, 307);
INSERT INTO public.workers VALUES (493, 'Rcjty', 'Ycbhht', '1991-08-06', 'Sgwcprnnyl,Ghjlnnu 30', '+515316777751', 'pnahbarky@rbn.tnn', 127253, 734);
INSERT INTO public.workers VALUES (494, 'Eivaywovt', 'Ihwfkvg', '1974-05-02', 'Tgkncbyjg,Csjgt 98', '+77815281501333', 'krbgraqqo@lrc.vhg', 225907, 801);
INSERT INTO public.workers VALUES (495, 'Efwebp', 'Dbbmromgh', '1973-03-05', 'Aptkmkb,Bbpnt 25', '+612378887215', 'vux@kx.fpd', 247268, 161);
INSERT INTO public.workers VALUES (496, 'Gbychab', 'Onecyhnb', '1957-04-07', 'Rtukesbabe,Tyxyim 198', '+140435657562385', 'soxnb@we.qfe', 110218, 183);
INSERT INTO public.workers VALUES (497, 'Hxcpqvwcx', 'Vupfks', '1989-03-04', 'Dyvunysogx,Clcojj 193', '+6220344707188714', 'xenhti@qt.byf', 210533, 107);
INSERT INTO public.workers VALUES (498, 'Brcrqdqco', 'Gnbt', '1974-01-01', 'Yvgfeyqq,Sfkaj 136', '+2813050705766', 'xkwcvnpkn@kty.ed', 264196, 863);
INSERT INTO public.workers VALUES (499, 'Wign', 'Vugl', '1970-01-07', 'Anlovnsut,Gpfcd 134', '+72873816084315', 'xrl@etd.up', 240534, 693);
INSERT INTO public.workers VALUES (500, 'Cmjkvpvxnb', 'Pmpyuybehg', '1962-11-01', 'Uqwvamoag,Pyvlc 59', '+42752671537435', 'ouvdty@pyb.vm', 193987, 597);
INSERT INTO public.workers VALUES (501, 'Knougc', 'Akjrxjlpem', '1963-06-01', 'Iqwmjps,Ikpwvkm 130', '+7641717386821346', 'vkhfvmdw@dj.tfr', 164319, 784);
INSERT INTO public.workers VALUES (502, 'Xficpdd', 'Llogcphnds', '1967-07-23', 'Fgvwogv,Stuil 54', '+1060184225044', 'harkgu@otn.mo', 215197, 650);
INSERT INTO public.workers VALUES (503, 'Xomopfloq', 'Atmjikthb', '1989-03-10', 'Uudoxrn,Vaqun 75', '+717843861627', 'wdhqu@dsn.gu', 153087, 22);
INSERT INTO public.workers VALUES (504, 'Lknx', 'Vverqg', '1956-04-22', 'Xvfpufe,Qpuccd 135', '+37013431548266', 'vdjv@xl.at', 225597, 249);
INSERT INTO public.workers VALUES (505, 'Jaclnrok', 'Ufrknftywj', '1999-10-22', 'Bybqrmjyfu,Psqvxye 22', '+84075225168813452', 'uwc@we.rts', 102546, 66);
INSERT INTO public.workers VALUES (506, 'Sglpkewqaf', 'Uberkohouk', '1961-01-27', 'Exqpjsgpc,Mynfred 22', '+54464448864631', 'nbuedbhjm@sq.ipg', 136394, 823);
INSERT INTO public.workers VALUES (507, 'Xfvemn', 'Pmitggsb', '2000-03-27', 'Tddsygogyl,Ajxswle 166', '+150757835574472', 'bpve@ed.ck', 134973, 859);
INSERT INTO public.workers VALUES (508, 'Kntdxybe', 'Csgccil', '1997-10-15', 'Ibshda,Celrwd 125', '+702107087658', 'cbufbjb@kk.cm', 141513, 901);
INSERT INTO public.workers VALUES (509, 'Dvgqysnwu', 'Hmgeoycsfr', '1995-01-25', 'Lfewtd,Gbiwb 183', '+781431111036055', 'cwh@ah.nhw', 133389, 292);
INSERT INTO public.workers VALUES (510, 'Blql', 'Syfa', '1984-09-19', 'Hytlsrjvv,Nlhbu 1', '+76587316763568', 'ujsy@nhx.amx', 223350, 496);
INSERT INTO public.workers VALUES (511, 'Atmn', 'Fkkumgn', '1987-05-02', 'Gwnorcy,Mhdgoi 65', '+4050655733240478', 'shiubmi@aub.lmh', 185828, 221);
INSERT INTO public.workers VALUES (512, 'Fdrv', 'Xdcjtq', '1962-11-24', 'Ibwqkl,Urqg 102', '+0588506460640', 'jor@nrl.div', 226674, 466);
INSERT INTO public.workers VALUES (513, 'Sntgeep', 'Snwkkvy', '1986-03-15', 'Wmhvrhlk,Rfol 49', '+85314482350370011', 'qluyaedti@bb.emh', 119015, 458);
INSERT INTO public.workers VALUES (514, 'Yrupgdy', 'Ewcl', '1968-10-15', 'Yiqwskcoif,Hfjq 133', '+54045784531360166', 'ucvmcja@llh.wb', 119052, 248);
INSERT INTO public.workers VALUES (515, 'Jkwpfvvr', 'Llqfegk', '1994-07-24', 'Obhdys,Trec 67', '+76020108376', 'ujmbar@sll.gw', 229667, 574);
INSERT INTO public.workers VALUES (516, 'Qrxtmqphl', 'Dhawdnrmv', '1991-01-05', 'Ajxacxl,Uojy 3', '+01666816840185241', 'jjxicoep@oca.fv', 165541, 462);
INSERT INTO public.workers VALUES (517, 'Wvvgaknt', 'Jrffykekk', '1986-03-07', 'Wbnurc,Wlus 46', '+48785536057773', 'njveryqmu@ggt.ss', 124758, 491);
INSERT INTO public.workers VALUES (518, 'Mjgbh', 'Apviqafsnf', '1981-04-11', 'Nwpbvyyxjg,Wegiydy 31', '+6676847223178', 'xxf@nov.clg', 203143, 156);
INSERT INTO public.workers VALUES (519, 'Rrwtunaqhd', 'Tfpcyo', '1968-06-07', 'Iruoekauqu,Pmqgia 36', '+30081223827766614', 'viavf@ln.gxh', 227837, 181);
INSERT INTO public.workers VALUES (520, 'Ghgfic', 'Levkiwgn', '1995-06-01', 'Sfkykbku,Tesj 105', '+83765630563162', 'anavkirgy@dwm.od', 293766, 112);
INSERT INTO public.workers VALUES (521, 'Suknhtl', 'Ioeduoday', '1973-04-27', 'Getiqsda,Wcsxbcc 6', '+753308814685', 'mvtgixyyg@jd.bpq', 185674, 518);
INSERT INTO public.workers VALUES (522, 'Emvi', 'Epcythq', '1982-01-16', 'Wfuyojdsj,Hdjcbap 47', '+32131724088154', 'wnjb@mth.yr', 100752, 132);
INSERT INTO public.workers VALUES (523, 'Jxwlhc', 'Ohrrwmxu', '1962-02-09', 'Mkuafpl,Nrmwuh 124', '+10574405857', 'fgspw@bt.iye', 289486, 706);
INSERT INTO public.workers VALUES (524, 'Gvuuu', 'Alhqktscty', '1989-07-19', 'Mhvuuydhk,Oljc 184', '+20830560300', 'evrpreag@dd.vn', 187512, 87);
INSERT INTO public.workers VALUES (525, 'Wpsddibtd', 'Yyufcq', '1970-05-10', 'Uqototref,Glxxcyk 47', '+54866276238440516', 'kuvygm@bdf.uhy', 179828, 319);
INSERT INTO public.workers VALUES (526, 'Bfwlgch', 'Apembkby', '1954-04-17', 'Riayjqtu,Ewwlvgh 15', '+5526154160812854', 'trdpss@mt.rr', 148766, 844);
INSERT INTO public.workers VALUES (527, 'Beljq', 'Pxsva', '1989-04-01', 'Vnfhxnooip,Wigbjg 34', '+1460417600863721', 'kiyf@enm.gdj', 208714, 156);
INSERT INTO public.workers VALUES (528, 'Yhibhva', 'Jtihfeglf', '1999-06-13', 'Kcoent,Rlpqxh 192', '+2842366706686212', 'lvtec@rld.ajg', 151210, 676);
INSERT INTO public.workers VALUES (529, 'Erlqtf', 'Rdmab', '1979-08-15', 'Kaauxqcnx,Ftuprgv 136', '+318112062088437', 'tesbppt@dnv.vh', 220854, 74);
INSERT INTO public.workers VALUES (530, 'Wjgkmx', 'Rnol', '1981-02-18', 'Mxoeln,Lohjks 154', '+747702408216', 'ogj@ip.vvo', 113055, 429);
INSERT INTO public.workers VALUES (531, 'Habsj', 'Ghjuqcfta', '1956-09-25', 'Ulttmji,Qrjbacg 44', '+4601848662020', 'ucqtbswhr@ki.rs', 259342, 289);
INSERT INTO public.workers VALUES (532, 'Qjggnesh', 'Tajrvuxhpr', '1994-02-11', 'Ugojxi,Qvopbyr 190', '+4123788356670783', 'npxuprn@wqa.wj', 259889, 574);
INSERT INTO public.workers VALUES (533, 'Xcwlwvub', 'Pwfqf', '1974-01-15', 'Iygdnikxi,Djanuw 42', '+212425051633024', 'iand@rwa.bgl', 157362, 408);
INSERT INTO public.workers VALUES (534, 'Aktb', 'Kwwx', '1991-11-06', 'Wuluqr,Jyein 37', '+470870201410105', 'cvjixlxws@rs.fx', 169438, 362);
INSERT INTO public.workers VALUES (535, 'Hvif', 'Gjhug', '1957-10-27', 'Agyoqqxn,Qtjpya 117', '+2585863711726668', 'keigmt@ync.xw', 272721, 335);
INSERT INTO public.workers VALUES (536, 'Ydvmcy', 'Fhrln', '1965-11-27', 'Qxdciwn,Xsoeo 98', '+64366580220660', 'ugqmovqow@jn.wsf', 266778, 7);
INSERT INTO public.workers VALUES (537, 'Syryxe', 'Geiarxbd', '1960-09-03', 'Brdvkmjsmi,Wynu 103', '+17182702586', 'ixsqwfvon@gxr.bj', 186363, 32);
INSERT INTO public.workers VALUES (538, 'Fmphehdah', 'Ctalevohs', '1975-11-20', 'Oxltlighaq,Kvfn 159', '+37365868318747061', 'lcetx@rrv.tdh', 275037, 438);
INSERT INTO public.workers VALUES (539, 'Vcwcvuv', 'Kebfqgkf', '1957-02-13', 'Stpbsk,Heyvyb 108', '+46040205665221', 'jdtughj@ci.ica', 282567, 535);
INSERT INTO public.workers VALUES (540, 'Wojo', 'Fmvoeiif', '1959-11-24', 'Xishfww,Ddlhgc 1', '+32245142645816212', 'ghjvby@cdj.ykw', 204014, 535);
INSERT INTO public.workers VALUES (541, 'Esvwiawosl', 'Lnqrreawo', '1954-05-09', 'Wuhlgppbul,Kdnvhtk 175', '+8466876608768804', 'feoeku@cyb.veu', 211756, 285);
INSERT INTO public.workers VALUES (542, 'Lofc', 'Dnkwux', '1957-10-26', 'Wfvipe,Hmjyfxy 137', '+1070715555052382', 'amyfjpdp@lw.yx', 204412, 957);
INSERT INTO public.workers VALUES (543, 'Wkyougqbn', 'Pckddmptj', '1989-07-11', 'Gfjgwam,Nkiwkmy 173', '+0614002837873', 'bqovrgnpl@ep.gei', 165631, 278);
INSERT INTO public.workers VALUES (544, 'Pftueirt', 'Lmnubopfq', '1980-03-03', 'Yclmjrg,Viwmp 196', '+643265345610', 'vbhcx@nqp.bky', 260834, 784);
INSERT INTO public.workers VALUES (545, 'Tyfjcqbnec', 'Tqcdfguqww', '1975-07-09', 'Cjwgva,Rwwtxk 12', '+1772250534020', 'ksah@kgu.nat', 190295, 782);
INSERT INTO public.workers VALUES (546, 'Ajde', 'Glehflbm', '1958-07-20', 'Opcdbkmgoj,Uakwqs 134', '+05026358836', 'anmywcc@lrr.mj', 285246, 109);
INSERT INTO public.workers VALUES (547, 'Gcra', 'Vjgtp', '1969-03-01', 'Uqqcvskd,Jlfer 136', '+6766715743663', 'pdxhkayb@qlr.xu', 172633, 954);
INSERT INTO public.workers VALUES (548, 'Iriuybvb', 'Jblnfhijd', '1990-01-16', 'Jhrsavprdy,Nghj 75', '+0840035458724', 'ihkef@xp.ybq', 298307, 995);
INSERT INTO public.workers VALUES (549, 'Cxobv', 'Asmqqb', '1983-04-26', 'Aufunyjqjv,Oivwte 124', '+80422763574544253', 'thjojgfpr@cmw.qse', 210691, 398);
INSERT INTO public.workers VALUES (550, 'Wprdvjwiad', 'Oahubt', '1990-08-06', 'Vqsripvm,Llel 135', '+163588582427', 'mxcldxild@xv.eka', 150453, 944);
INSERT INTO public.workers VALUES (551, 'Nstglhubfg', 'Phqkxptupw', '1982-05-07', 'Hojvtgp,Qpuxocj 149', '+6157713305710876', 'uwmreeg@sq.pdl', 130521, 425);
INSERT INTO public.workers VALUES (552, 'Ggwt', 'Gkaq', '1954-01-10', 'Baawanww,Rift 11', '+2732552338877', 'fgbuourgq@li.xy', 101636, 63);
INSERT INTO public.workers VALUES (553, 'Umoh', 'Uuwgsgg', '1954-09-15', 'Dvudsk,Ofttro 188', '+5607258720648', 'nhhmkf@he.pq', 227363, 91);
INSERT INTO public.workers VALUES (554, 'Auoksmvnvj', 'Hpsqevjrrn', '1974-05-01', 'Stnoefvyo,Qdwd 45', '+132532484776483', 'sdxjeli@oh.eu', 164743, 651);
INSERT INTO public.workers VALUES (555, 'Qhdcpvl', 'Mgwelkqck', '1985-08-01', 'Vkbxhxrf,Lflc 45', '+848588241727705', 'xym@ge.ewf', 296504, 612);
INSERT INTO public.workers VALUES (556, 'Fwyuvdxdtx', 'Vdtxpwchs', '1996-03-17', 'Iijimqddwk,Ydsgipn 108', '+46700417361644', 'vgir@xa.cxh', 122616, 119);
INSERT INTO public.workers VALUES (557, 'Dckianf', 'Hmbfxfrunt', '1967-04-11', 'Nwqxxybjpu,Xrei 69', '+07476662655545433', 'vxhlsuwr@hb.gm', 298115, 282);
INSERT INTO public.workers VALUES (558, 'Dwgqdiw', 'Jlrrtlbn', '1972-01-17', 'Gyclcfyb,Lytxur 103', '+1584421440884', 'xfub@fa.ir', 181646, 681);
INSERT INTO public.workers VALUES (559, 'Stemhy', 'Higqkakpk', '1977-08-23', 'Isidoopyum,Ksidmhu 80', '+4663042513713767', 'xvrugtku@bs.wod', 269117, 386);
INSERT INTO public.workers VALUES (560, 'Sounfbcsl', 'Errxtlw', '1976-08-11', 'Ypkgihpgg,Kwmdt 149', '+777440078488', 'xgdvy@jb.rx', 118261, 456);
INSERT INTO public.workers VALUES (561, 'Rwbd', 'Lnkh', '1995-07-10', 'Pxjsqm,Dvxy 46', '+2153438017050131', 'ghn@el.xo', 243900, 942);
INSERT INTO public.workers VALUES (562, 'Pmwdfedqe', 'Cnavc', '1998-11-07', 'Drtehtl,Ahjjwp 7', '+8055215153120046', 'tsp@pq.cy', 183415, 568);
INSERT INTO public.workers VALUES (563, 'Xyumat', 'Reuwywegdu', '1980-09-20', 'Seliilhi,Nctt 140', '+3874667883078', 'amrsbgnkq@kn.peb', 207422, 51);
INSERT INTO public.workers VALUES (564, 'Wchl', 'Lbxcyucie', '1956-09-06', 'Belbhs,Shnt 26', '+0552208053324244', 'iewocnf@mb.sch', 170913, 901);
INSERT INTO public.workers VALUES (565, 'Rxwut', 'Cspk', '1980-02-15', 'Cspcfrboix,Eiprh 76', '+23438025303780', 'oyft@yqd.kk', 124558, 11);
INSERT INTO public.workers VALUES (566, 'Hyqj', 'Hqiq', '1978-11-07', 'Nmunxyyak,Lhiq 106', '+614265516788655', 'sxkt@oax.pt', 174531, 965);
INSERT INTO public.workers VALUES (567, 'Ahdfgvo', 'Ouibnkxtk', '1978-03-17', 'Hlmtfuv,Jnlb 24', '+0140758471553', 'xhb@wib.edl', 206615, 843);
INSERT INTO public.workers VALUES (568, 'Lkabnrld', 'Wsaebhmmwb', '1985-03-10', 'Yesubm,Oywpka 195', '+77262852084664', 'fujeal@yu.gry', 162711, 966);
INSERT INTO public.workers VALUES (569, 'Cwbvbf', 'Ownjahjk', '1983-03-09', 'Qvfsrvecod,Wopdtti 92', '+22444057617', 'voyrkcdvo@wnk.kb', 117871, 368);
INSERT INTO public.workers VALUES (570, 'Mhdfya', 'Hjvmfky', '1988-10-09', 'Seygwuml,Tffqnk 97', '+64714068664732283', 'vfyawgc@bo.xh', 276384, 404);
INSERT INTO public.workers VALUES (571, 'Yjipqo', 'Tgkmq', '2000-03-23', 'Ysqskjie,Ctqgkcg 120', '+3650707184783', 'kuprlcxsx@daa.ve', 278238, 332);
INSERT INTO public.workers VALUES (572, 'Gmaltkdkb', 'Okyflmpyhl', '1987-05-25', 'Homqufugfe,Bapht 57', '+651124527312466', 'kxgy@kv.hrp', 290411, 959);
INSERT INTO public.workers VALUES (573, 'Ugrtbp', 'Skrgfuxha', '1993-04-24', 'Vdyefvj,Kecwi 27', '+732655075288280', 'eor@qvf.ks', 285878, 979);
INSERT INTO public.workers VALUES (574, 'Vhlracjja', 'Actrlviog', '1970-06-26', 'Wxdjdajy,Cdwqcsd 121', '+574361467370245', 'vxwbcir@xv.hg', 271590, 748);
INSERT INTO public.workers VALUES (575, 'Ghrhnbs', 'Kyignmy', '1980-06-27', 'Olfoeurw,Avwfp 62', '+35070875330676158', 'krc@mls.wq', 171117, 85);
INSERT INTO public.workers VALUES (576, 'Arjyft', 'Mwulh', '1973-11-19', 'Ycpeamndaq,Rywgcih 82', '+42713217837', 'qalbx@og.oiu', 260554, 791);
INSERT INTO public.workers VALUES (577, 'Fvkqdd', 'Cmbufbf', '1978-08-05', 'Liesggt,Bbwj 104', '+438876002506525', 'cpnkfvrng@bla.tna', 111771, 699);
INSERT INTO public.workers VALUES (578, 'Icgnadpua', 'Vbmllwnd', '1964-09-14', 'Sdummjryp,Fgbsa 26', '+6523882435623172', 'eslwakkj@qdi.jwb', 263741, 673);
INSERT INTO public.workers VALUES (579, 'Eager', 'Pmnymgg', '1990-08-03', 'Asvqqslyve,Pbclpf 116', '+8638648707306577', 'dct@bdy.ch', 114930, 240);
INSERT INTO public.workers VALUES (580, 'Hshb', 'Dqrh', '1971-06-18', 'Muquqgltps,Hxqnkrv 143', '+40647745715336', 'afbysspyf@nyx.kn', 158922, 633);
INSERT INTO public.workers VALUES (581, 'Absqchl', 'Yhaormhwla', '1995-09-15', 'Cvctucgc,Xfcuinj 167', '+523850246125', 'fdnpttna@qjy.gm', 288428, 996);
INSERT INTO public.workers VALUES (582, 'Kueertaj', 'Hhobelluqp', '1995-04-22', 'Mfjebhibk,Gpur 7', '+52324245024073452', 'xabipx@til.njs', 181420, 833);
INSERT INTO public.workers VALUES (583, 'Rxqmallcnl', 'Hmjynyr', '1999-03-28', 'Svuhqiewkr,Cprbqch 146', '+6486367641642', 'odakfovdh@sd.vl', 130102, 431);
INSERT INTO public.workers VALUES (584, 'Tggeax', 'Gkodqlinmq', '1971-03-16', 'Qlxufkp,Pevhqc 79', '+316012744243', 'sqmm@lq.rra', 125809, 934);
INSERT INTO public.workers VALUES (585, 'Gklnwvpxe', 'Uykdatpbpl', '1996-05-27', 'Tcbrqthlrc,Sspynp 141', '+337511304402', 'ffwo@kj.ic', 291440, 446);
INSERT INTO public.workers VALUES (586, 'Vabhw', 'Flbcxtiar', '1966-03-29', 'Vbbasit,Ykfams 183', '+231025874070413', 'rlkk@ti.lt', 242989, 140);
INSERT INTO public.workers VALUES (587, 'Kcmcbsomh', 'Blyvgvwmmc', '1986-05-17', 'Aosjmrjv,Aigtkb 179', '+07238757400002847', 'ebydqko@ml.ctx', 121321, 375);
INSERT INTO public.workers VALUES (588, 'Itdcso', 'Mbdvkbgpjb', '1970-11-14', 'Gxqpjkfem,Icqd 36', '+8751615738064', 'dyhf@sxw.sih', 107670, 783);
INSERT INTO public.workers VALUES (589, 'Snevwnn', 'Tgowiocjmh', '1984-04-14', 'Oncebcxaek,Ldycya 123', '+1120618152000', 'kdixq@ppd.ay', 126223, 651);
INSERT INTO public.workers VALUES (590, 'Uavu', 'Ndyxt', '1994-05-24', 'Lhsmgimmn,Atkh 79', '+1664287510236600', 'tbijgqqnx@yje.nwi', 175000, 541);
INSERT INTO public.workers VALUES (591, 'Fdsty', 'Uyax', '1959-09-13', 'Cnvnums,Jgixbh 163', '+2462541512884', 'etpct@ng.dvq', 251594, 342);
INSERT INTO public.workers VALUES (592, 'Hepon', 'Owokegqm', '1998-06-07', 'Cylgdlth,Rsjdbpu 13', '+35277066656120', 'tiiermdrk@iaa.xry', 209845, 510);
INSERT INTO public.workers VALUES (593, 'Wgpfq', 'Giysesiyft', '1965-05-15', 'Iktskyj,Mgywhg 85', '+207527110764', 'luyeo@jl.ph', 279371, 380);
INSERT INTO public.workers VALUES (594, 'Spdhimyrp', 'Epdvhapb', '1994-08-22', 'Vexonnwv,Jdirgg 103', '+67833305830262035', 'lijon@ie.vsd', 201032, 832);
INSERT INTO public.workers VALUES (595, 'Pymehkc', 'Qyhficjooh', '1973-02-01', 'Gxapqlarj,Bwko 14', '+77426356587882038', 'shcer@ccn.qq', 233660, 519);
INSERT INTO public.workers VALUES (596, 'Lhagxkocbd', 'Dadnqn', '1996-05-27', 'Wdntom,Bprgcdn 6', '+73602685157', 'epvqfmywf@uxi.dv', 116845, 82);
INSERT INTO public.workers VALUES (597, 'Gajhpql', 'Ovlbbex', '1995-05-20', 'Vkvwsvin,Erkb 137', '+23808120860671417', 'hqcpxoqx@edu.dp', 253943, 758);
INSERT INTO public.workers VALUES (598, 'Bursiop', 'Rgmqr', '1985-07-02', 'Jplthiaqpq,Pbjgnqs 30', '+875821633267743', 'bxg@pkn.ew', 212987, 866);
INSERT INTO public.workers VALUES (599, 'Gxyshsryl', 'Fssf', '1985-11-16', 'Cnpysn,Pgme 39', '+000435875866233', 'aii@ror.kqd', 278376, 944);
INSERT INTO public.workers VALUES (600, 'Xprllwbbfj', 'Mqwsboqg', '1973-03-11', 'Lskvitj,Phbtw 197', '+530843643333', 'ybi@cbq.ajg', 265894, 767);
INSERT INTO public.workers VALUES (601, 'Raycqdp', 'Evrgjgskuy', '1993-04-14', 'Eaersxvd,Bjmnc 108', '+75374025348201', 'bbiayaw@wnj.oqs', 212538, 879);
INSERT INTO public.workers VALUES (602, 'Rxqcoswwlx', 'Mrpute', '1980-03-23', 'Numcngxkn,Fuqabhs 125', '+748551511713135', 'jlhgkouhb@ql.el', 206892, 367);
INSERT INTO public.workers VALUES (603, 'Sbjdoaigkn', 'Ufaeosgqy', '1997-09-22', 'Hupyosjpx,Nuubms 118', '+34815375267', 'kvpj@iqv.tak', 201708, 166);
INSERT INTO public.workers VALUES (604, 'Eicyhsf', 'Rbnkory', '1955-01-06', 'Hegbyb,Fexm 3', '+22456323528183058', 'aysv@cb.wh', 112935, 916);
INSERT INTO public.workers VALUES (605, 'Nwohikoncx', 'Qenyg', '1977-10-19', 'Xoguxwyk,Jhgr 26', '+18776060735748581', 'hhdqr@fo.ob', 238157, 23);
INSERT INTO public.workers VALUES (606, 'Imqcio', 'Laec', '1982-09-20', 'Lpdjqicbq,Trewan 174', '+453200524523722', 'goc@ka.py', 149292, 476);
INSERT INTO public.workers VALUES (607, 'Frxulbtjhl', 'Uodaer', '1987-10-16', 'Qfskje,Isnvfdi 62', '+7488435044750', 'rfutotka@utu.giy', 145500, 190);
INSERT INTO public.workers VALUES (608, 'Jxotopmu', 'Hdcejvr', '1997-10-19', 'Cltlfa,Gkqf 140', '+28087823103', 'bswpehl@gw.fw', 194819, 552);
INSERT INTO public.workers VALUES (609, 'Kcfevwgajk', 'Inguc', '1997-03-27', 'Jxsslry,Oseap 150', '+38264207382506531', 'tqrn@ruv.ux', 105226, 9);
INSERT INTO public.workers VALUES (610, 'Qfraynsuq', 'Crcvjrc', '1967-06-29', 'Tfvehq,Rqitve 45', '+368214834752861', 'sdxo@unh.bae', 167828, 508);
INSERT INTO public.workers VALUES (611, 'Qywqsahlw', 'Hwyfcimend', '1989-07-27', 'Okxxrmy,Xjlju 45', '+664487014282', 'aju@nm.dg', 212196, 328);
INSERT INTO public.workers VALUES (612, 'Umiqjg', 'Xgoywltwa', '1990-04-12', 'Rspqawch,Jchr 92', '+02417203331', 'ojsj@fec.yoi', 144141, 380);
INSERT INTO public.workers VALUES (613, 'Vbsh', 'Hybvqbaiw', '1992-05-16', 'Igylylp,Nwvgla 83', '+5601520558624', 'avrduibga@fl.rda', 174801, 510);
INSERT INTO public.workers VALUES (614, 'Havshgl', 'Yvxgovrivh', '1977-10-09', 'Mwoukh,Lsfhnc 26', '+55237655613', 'llekrjyye@vnn.fcw', 216638, 695);
INSERT INTO public.workers VALUES (615, 'Cvmmqck', 'Khkavcwxdl', '1979-05-04', 'Wdurxolk,Fhokew 122', '+4343825036632', 'tbcdnxrso@sdo.nk', 102255, 212);
INSERT INTO public.workers VALUES (616, 'Jodumoqthe', 'Hyvljsxrmt', '1979-01-25', 'Wjxpjfggq,Hhnoiun 23', '+227505640866670', 'rhajq@nud.syg', 249434, 557);
INSERT INTO public.workers VALUES (617, 'Fqicss', 'Eiqd', '1997-05-23', 'Rqhrbvx,Vnoq 125', '+1684041133317', 'oai@cw.vbu', 233849, 921);
INSERT INTO public.workers VALUES (618, 'Lvwxlteig', 'Cypilxvlr', '1993-01-22', 'Lkegleoiy,Otqw 100', '+07575011213', 'pcy@clm.pqw', 270890, 834);
INSERT INTO public.workers VALUES (619, 'Kevlc', 'Aiyosmkstm', '2000-10-16', 'Agaepcw,Iwxqaa 191', '+525124580810', 'klxqcqwqn@rbu.if', 121770, 475);
INSERT INTO public.workers VALUES (620, 'Dbqdqs', 'Hidppdx', '1973-01-24', 'Eksckuhboc,Wdmt 86', '+674487703204', 'kgjqk@iw.ad', 172679, 488);
INSERT INTO public.workers VALUES (621, 'Hsyvjhh', 'Dhcx', '1969-11-18', 'Vnurvr,Ndivh 28', '+568180524352205', 'fiurwmdn@jc.jy', 256906, 559);
INSERT INTO public.workers VALUES (622, 'Thruxk', 'Eefktjdu', '1985-01-04', 'Hfobemycs,Dsbwxgr 59', '+3374380185541', 'npdvtbuns@qg.sb', 275248, 321);
INSERT INTO public.workers VALUES (623, 'Yvsa', 'Eyhicft', '1967-02-22', 'Wivvruy,Tlqpoyr 93', '+6522563857256417', 'nacimmiv@anp.fay', 175061, 932);
INSERT INTO public.workers VALUES (624, 'Ibvqur', 'Shrymu', '1957-02-09', 'Fgnqcsxi,Ryuyeti 106', '+505880046150045', 'nvrarjyc@fsc.gv', 171317, 19);
INSERT INTO public.workers VALUES (625, 'Fyithow', 'Yklqb', '1993-03-23', 'Qkihcdais,Hrctnnn 129', '+6640216744661', 'jebjnpxnm@lyt.lih', 214009, 960);
INSERT INTO public.workers VALUES (626, 'Bthgeyd', 'Vhsxd', '1992-05-14', 'Pfvwkprbs,Lxvtgx 9', '+3211253220313868', 'hvyhiek@lo.gld', 220327, 672);
INSERT INTO public.workers VALUES (627, 'Csiujotcll', 'Fatqcuyv', '1959-08-12', 'Saglxg,Gpnl 1', '+61336388117026', 'cijqs@ws.jxf', 164370, 59);
INSERT INTO public.workers VALUES (628, 'Cull', 'Duowmscnyu', '1972-11-02', 'Hbylsivno,Sfcqgoh 55', '+171464635043', 'petnyesfp@abe.dv', 132390, 63);
INSERT INTO public.workers VALUES (629, 'Ahcfmnv', 'Yhspwyn', '1960-05-23', 'Qtubrdeo,Ajdb 40', '+51320602862038', 'qycsma@ju.uhw', 228584, 801);
INSERT INTO public.workers VALUES (630, 'Mbeixvjayi', 'Cijxqsgl', '1995-05-16', 'Oruvam,Dhmwt 120', '+07862076282675', 'hibafuxk@tho.mly', 135451, 327);
INSERT INTO public.workers VALUES (631, 'Kidwf', 'Kixbux', '1973-06-27', 'Dtycmpudn,Roksl 84', '+3517817554611864', 'snxv@qxw.rc', 199372, 151);
INSERT INTO public.workers VALUES (632, 'Jeruv', 'Leysyv', '1978-11-10', 'Lyfpdnmpd,Ewfe 169', '+1563407017335152', 'wbblfaqd@hx.ywv', 236020, 670);
INSERT INTO public.workers VALUES (633, 'Lhyebmx', 'Ycedhr', '1984-07-07', 'Klgswmpnw,Xpvqwf 31', '+80313850452106688', 'fswgsddf@vkb.mq', 117905, 993);
INSERT INTO public.workers VALUES (634, 'Fjpaye', 'Sattl', '1975-09-04', 'Bggoob,Itbv 107', '+337226203808', 'fxlawd@pu.mu', 224982, 38);
INSERT INTO public.workers VALUES (635, 'Utym', 'Nelvxdgw', '1967-05-18', 'Kogpmtmq,Lrvbufu 175', '+7871187862200', 'ojej@wv.ty', 247942, 798);
INSERT INTO public.workers VALUES (636, 'Hcmiianaf', 'Ihkvkmre', '1978-06-29', 'Quhyrhhqau,Xgjio 167', '+40544865614', 'aixihe@jch.bj', 273461, 771);
INSERT INTO public.workers VALUES (637, 'Xcya', 'Advil', '1972-05-15', 'Cffhvtpiuj,Ycrh 32', '+17860735173730526', 'hyrby@tqy.pad', 178390, 574);
INSERT INTO public.workers VALUES (638, 'Tqmqjomayk', 'Xtph', '1969-02-10', 'Wsvqos,Cjyug 69', '+255513886820716', 'awarenr@uwa.fmn', 283584, 883);
INSERT INTO public.workers VALUES (639, 'Pjsttfy', 'Dqjbyt', '1999-11-17', 'Cgutaqr,Aigkvd 199', '+216034842501058', 'tfjdndt@yb.st', 235755, 722);
INSERT INTO public.workers VALUES (640, 'Dalixw', 'Mvcejip', '1982-06-16', 'Srfpdini,Cyqpjjt 11', '+44111005002', 'rioeeq@ief.wp', 288330, 863);
INSERT INTO public.workers VALUES (641, 'Rcrvwmdu', 'Vywfnixwry', '1965-01-01', 'Rcoqoss,Gyosf 75', '+45087467517842802', 'fccvnv@aur.uk', 257486, 674);
INSERT INTO public.workers VALUES (642, 'Cxpf', 'Hakkstmshv', '1967-04-06', 'Bgstpg,Ufufwy 69', '+2762808224550', 'vqe@obu.vns', 252701, 507);
INSERT INTO public.workers VALUES (643, 'Xwtqblor', 'Rcnfy', '1983-06-26', 'Uyocaarvf,Mktkncy 115', '+68323465161371', 'uchrpjv@ju.qdg', 246207, 424);
INSERT INTO public.workers VALUES (644, 'Najwsjud', 'Vorcfq', '1972-10-17', 'Gmhyjtiqon,Cqqggtt 63', '+8544531517146733', 'yeqkjknol@qy.va', 171154, 550);
INSERT INTO public.workers VALUES (645, 'Fhsxcth', 'Dtvhod', '1968-04-02', 'Xrpmggs,Jkeiju 139', '+6631060257120', 'vcpk@clm.seq', 249859, 79);
INSERT INTO public.workers VALUES (646, 'Eswmls', 'Ienns', '1970-07-18', 'Pimhfvacjj,Mbbyx 47', '+38776066353733436', 'wnaegcj@ckv.flm', 188082, 3);
INSERT INTO public.workers VALUES (647, 'Sbosoxks', 'Rpotl', '1963-02-04', 'Ttqbblijgo,Vkxva 63', '+352374722512', 'ktwdn@ljd.ia', 240330, 593);
INSERT INTO public.workers VALUES (648, 'Rmii', 'Agcnpcqk', '1968-10-14', 'Jstpuaoxh,Bfud 27', '+23526633633515', 'gkqxtkevb@gop.kby', 137360, 653);
INSERT INTO public.workers VALUES (649, 'Ncixmkf', 'Jmkiivvklj', '1998-10-06', 'Bxnfrnlip,Hxdxyvn 45', '+84540667730', 'rppuvev@pu.gyj', 281649, 262);
INSERT INTO public.workers VALUES (650, 'Rkusvv', 'Ewhfefgu', '1981-11-25', 'Jnfepjti,Cpvfhcv 137', '+5320575148617', 'fimhjc@lhe.txw', 226523, 498);
INSERT INTO public.workers VALUES (651, 'Smybaieprq', 'Ijfa', '1982-11-28', 'Yeafkxrgbf,Mrba 184', '+371146001701', 'ldjis@hrx.cj', 151559, 867);
INSERT INTO public.workers VALUES (652, 'Igpva', 'Ktmmy', '1999-05-29', 'Axaiial,Pbcuebp 36', '+73738217007537', 'syovxmwyh@dnt.ln', 109207, 895);
INSERT INTO public.workers VALUES (653, 'Yfnbgyvvf', 'Tvqdcaotr', '1994-01-22', 'Gpqtpisbmn,Xxoqcge 27', '+6202728253327718', 'nityjhpox@xit.yp', 124312, 779);
INSERT INTO public.workers VALUES (654, 'Qsrfqsomk', 'Usun', '1990-08-22', 'Ovkhlflyv,Exkup 37', '+118362418057', 'kptgmqk@cu.poj', 185626, 341);
INSERT INTO public.workers VALUES (655, 'Jtrvtdgdd', 'Gqny', '1961-06-11', 'Kfnmljf,Pbkisgo 39', '+835472380101185', 'dard@jf.of', 177204, 581);
INSERT INTO public.workers VALUES (656, 'Gwhgmhptq', 'Kdnswvp', '1970-05-19', 'Tfsdycdg,Oqkmat 126', '+3347735358173782', 'bdt@jy.xm', 103062, 726);
INSERT INTO public.workers VALUES (657, 'Ubdckwy', 'Feguslvte', '1989-07-08', 'Foqyfa,Rlwehp 140', '+60311776526676626', 'fqdxii@inr.uj', 252921, 491);
INSERT INTO public.workers VALUES (658, 'Mjeql', 'Tdwyuyy', '1980-09-22', 'Caqtmysey,Lsya 156', '+010416716755322', 'rnavudh@vft.pwi', 178293, 4);
INSERT INTO public.workers VALUES (659, 'Qntv', 'Jgtpgyi', '1974-08-11', 'Ggwcgniyo,Mcdox 13', '+5684317340865835', 'bemqg@ir.xw', 268354, 92);
INSERT INTO public.workers VALUES (660, 'Affmwo', 'Xnwm', '1989-05-10', 'Euuhrojryx,Wjvfkc 165', '+77818126086312876', 'qmg@kgx.sq', 286965, 968);
INSERT INTO public.workers VALUES (661, 'Yaps', 'Pscdynw', '1975-10-24', 'Medkhlqify,Omcj 112', '+4660264301776372', 'ogusv@fcv.gy', 249002, 299);
INSERT INTO public.workers VALUES (662, 'Fgart', 'Ktwbntok', '1961-11-13', 'Bvwegrqxxb,Cydkoon 74', '+754613473423', 'ssbo@rg.pp', 288176, 615);
INSERT INTO public.workers VALUES (663, 'Motureuamc', 'Wvsicrpn', '1967-06-24', 'Tfjkpplx,Hfshnxh 183', '+14087237370803613', 'cdtmldd@lx.ea', 156381, 862);
INSERT INTO public.workers VALUES (664, 'Mirf', 'Ayxrtec', '1994-04-13', 'Oynpqdvp,Hpwatyb 112', '+30131015731', 'qihq@jnt.kin', 100326, 722);
INSERT INTO public.workers VALUES (665, 'Lenxuv', 'Boxmuxgp', '1964-11-29', 'Ywckbkuuu,Dckx 188', '+6315767640048023', 'gjkyrbr@xot.xtr', 230391, 201);
INSERT INTO public.workers VALUES (666, 'Puikxyvbn', 'Tsmxc', '1954-06-21', 'Afsnryl,Fmurgya 42', '+770135055243', 'hbgypqqhi@ndt.lhr', 262517, 811);
INSERT INTO public.workers VALUES (667, 'Mvttx', 'Wskrr', '1966-08-15', 'Qigwiormi,Xjtudw 73', '+13707862812', 'lkwyuuws@vi.rhc', 291969, 1);
INSERT INTO public.workers VALUES (668, 'Aswyhoet', 'Tkgnylukw', '1981-05-13', 'Grdfqkdltg,Raigwti 75', '+581170056422421', 'qngorbhjl@ed.iad', 254706, 673);
INSERT INTO public.workers VALUES (669, 'Mlsmlsoyn', 'Tdsfyvrams', '1977-03-11', 'Hrburrik,Xbuhgo 144', '+84868230414657', 'lwn@to.bpo', 267830, 85);
INSERT INTO public.workers VALUES (670, 'Vaednr', 'Jgyemawtt', '1973-04-13', 'Veliyft,Vnuax 100', '+5481765788157724', 'ukld@ti.fq', 297027, 875);
INSERT INTO public.workers VALUES (671, 'Glxm', 'Pavswrdoaf', '1990-02-04', 'Vfjphshppd,Kacg 52', '+654714164745858', 'eeydwnkv@dsj.lg', 115872, 466);
INSERT INTO public.workers VALUES (672, 'Xpndqbs', 'Tpby', '1960-01-02', 'Clxxxcciy,Uiuittu 33', '+510154686013181', 'sdt@vv.pt', 204737, 706);
INSERT INTO public.workers VALUES (673, 'Ttciqdxtpg', 'Sfypcwl', '1974-03-10', 'Syntkrb,Upqhigo 26', '+356117841318', 'pmudakv@ue.sr', 122440, 355);
INSERT INTO public.workers VALUES (674, 'Lfdckoenw', 'Gfig', '1982-10-03', 'Darhthlw,Xgqldr 62', '+482748421634', 'tlk@qh.eb', 241067, 123);
INSERT INTO public.workers VALUES (675, 'Xggxncvg', 'Hjqxevnow', '1958-05-21', 'Fggcgt,Syvbiam 53', '+447223601847270', 'nubuhqm@uht.ow', 100679, 953);
INSERT INTO public.workers VALUES (676, 'Teyye', 'Qqwrumstpn', '1964-03-11', 'Xqrkaby,Dqdg 141', '+032412677505', 'hvfbwjl@qq.qv', 165974, 976);
INSERT INTO public.workers VALUES (677, 'Icetvcomsw', 'Tagngn', '1974-10-13', 'Rdwujse,Yeck 193', '+4173820205017831', 'rhmjvlwwa@jax.fdu', 195229, 530);
INSERT INTO public.workers VALUES (678, 'Wtfofq', 'Cfcd', '1959-05-13', 'Rjobjiwc,Esryu 115', '+712182034260158', 'ytkagl@mt.nj', 190192, 457);
INSERT INTO public.workers VALUES (679, 'Ifcf', 'Cwsxyvejo', '1977-01-11', 'Nrvkohla,Kpbxvei 154', '+437067231688', 'qwvssbfwe@ncl.hwc', 297041, 696);
INSERT INTO public.workers VALUES (680, 'Mgtnhxspti', 'Jeaovypsq', '1988-05-25', 'Hbeqpprh,Hhpcd 175', '+72470760431674736', 'nlmfunp@ae.mq', 124760, 145);
INSERT INTO public.workers VALUES (681, 'Csmrkqc', 'Ufucanuew', '1955-02-25', 'Anwtexv,Pofl 105', '+572624035000626', 'iyjg@yb.ipl', 199389, 775);
INSERT INTO public.workers VALUES (682, 'Uamtuhqmv', 'Osvxu', '1968-08-08', 'Bkqegto,Vmyhi 125', '+5152423861766', 'rqq@xtq.pm', 112417, 94);
INSERT INTO public.workers VALUES (683, 'Fvvolsvfb', 'Hjaoqxewpp', '1968-03-03', 'Sohajrccrq,Jjtem 194', '+41642285461632', 'hvg@sqb.fvw', 128509, 835);
INSERT INTO public.workers VALUES (684, 'Pcdfw', 'Hjlh', '1997-10-23', 'Epxrbvd,Cxbmhhx 166', '+34470221014808052', 'xowto@mp.cxv', 223552, 302);
INSERT INTO public.workers VALUES (685, 'Etle', 'Laiqbweajd', '1997-02-06', 'Bablyb,Osveh 36', '+264372340018', 'xbwwbw@mc.sf', 283462, 607);
INSERT INTO public.workers VALUES (686, 'Jtxtvqiso', 'Gubdjecdw', '1975-08-27', 'Kkolqp,Ecyuhyp 149', '+766646863513', 'lqdajlohk@es.yh', 204468, 940);
INSERT INTO public.workers VALUES (687, 'Ximkcv', 'Pmwhqqwwcc', '1958-11-18', 'Dkkfkwu,Njktyrt 35', '+5558265054480064', 'gxxhwdfal@cc.sd', 182247, 207);
INSERT INTO public.workers VALUES (688, 'Svluwem', 'Bahls', '1999-08-06', 'Dlwpsmjat,Ncim 26', '+572818415241', 'xvnfg@wue.cv', 200886, 573);
INSERT INTO public.workers VALUES (689, 'Hics', 'Kwwyn', '1973-10-09', 'Ilqryopel,Wsch 157', '+8038437506525341', 'daxwqjvv@wrh.ojo', 114733, 691);
INSERT INTO public.workers VALUES (690, 'Tmkmerqocf', 'Cpnav', '1975-08-09', 'Dwygpxoag,Poltxoh 38', '+833340143166', 'vkilsjmpf@ugf.gd', 225584, 69);
INSERT INTO public.workers VALUES (691, 'Moqtux', 'Muxxf', '1973-07-23', 'Wrrswa,Savlmrx 24', '+361560050054648', 'ahigsi@vu.as', 283018, 204);
INSERT INTO public.workers VALUES (692, 'Utamvbib', 'Dnwhm', '1999-09-12', 'Eajslcov,Rbytdmg 44', '+42761401067564113', 'uylno@mwt.olh', 268940, 420);
INSERT INTO public.workers VALUES (693, 'Uombakiti', 'Prbigldyoe', '1988-11-04', 'Qsugcw,Scll 11', '+76343755462076', 'due@mvd.xb', 183285, 243);
INSERT INTO public.workers VALUES (694, 'Wfoygflos', 'Fldbuaf', '1955-03-20', 'Auttetlfyv,Kwara 146', '+2381868870536806', 'hjtuexrd@dlv.qwr', 122673, 399);
INSERT INTO public.workers VALUES (695, 'Rwoqdbqfrt', 'Olrgabawi', '1962-07-29', 'Shyhtin,Gwveoy 79', '+434146438638', 'ypvoirlcx@mu.voo', 190175, 911);
INSERT INTO public.workers VALUES (696, 'Idwloc', 'Fwjyctk', '1967-07-04', 'Aqyfgrp,Bnxpyu 179', '+62467526641754333', 'lbcxomd@rfb.at', 140747, 38);
INSERT INTO public.workers VALUES (697, 'Dtaytwqbf', 'Wkse', '1986-02-12', 'Kianlagrr,Vlgn 110', '+72501836116671', 'gbwu@uti.kf', 135991, 104);
INSERT INTO public.workers VALUES (698, 'Xsegakebm', 'Rxwrsmn', '1985-10-01', 'Vpdbvm,Kxnhquk 172', '+3851467217373860', 'godomng@uix.sh', 110720, 187);
INSERT INTO public.workers VALUES (699, 'Trncftjrc', 'Gnxty', '1968-05-01', 'Dtplvcrd,Rkuaceh 154', '+355861450243', 'lasqs@wdj.pi', 233317, 651);
INSERT INTO public.workers VALUES (700, 'Nykbcjhyy', 'Cvdlnfgoyt', '1963-11-12', 'Rdavjfu,Bxntmvg 20', '+0238882073168643', 'nvgkrdv@ey.hri', 209350, 663);
INSERT INTO public.workers VALUES (701, 'Qcmagmm', 'Mqvjargs', '1977-07-08', 'Seerujurl,Uutf 24', '+883543665616', 'damwxao@lp.mam', 145182, 299);
INSERT INTO public.workers VALUES (702, 'Jriipdshph', 'Lomw', '1985-11-01', 'Kdlghmoj,Oumcyun 189', '+83871155130', 'vwhysdfe@vh.tuk', 235756, 441);
INSERT INTO public.workers VALUES (703, 'Fuel', 'Xsflnps', '1988-05-28', 'Anwxplaacl,Yrkobk 171', '+06115388730', 'bps@je.eaa', 215668, 709);
INSERT INTO public.workers VALUES (704, 'Xnfgdlpsu', 'Vlycn', '1981-10-27', 'Psbtfhn,Hkma 117', '+53573435173821', 'gbypsoqn@gdl.awu', 290421, 807);
INSERT INTO public.workers VALUES (705, 'Cccpiyye', 'Bgnoiemb', '1972-08-18', 'Uwjasej,Wtiys 21', '+85656231485603816', 'yffnx@afl.pym', 116109, 999);
INSERT INTO public.workers VALUES (706, 'Gslut', 'Rhlwucmwk', '1977-07-26', 'Qhgjgmfl,Tcvp 79', '+140713882500756', 'iducxr@fy.ual', 195183, 982);
INSERT INTO public.workers VALUES (707, 'Snccmyf', 'Fqwuc', '1983-06-12', 'Pvtelfua,Ugkvnnd 162', '+05567232351', 'cimyvnut@iic.dp', 203206, 850);
INSERT INTO public.workers VALUES (708, 'Ptfjo', 'Ukbge', '1965-10-29', 'Carlrhvufw,Qqkdts 136', '+106424880284', 'hldt@sbn.cp', 163808, 654);
INSERT INTO public.workers VALUES (709, 'Aawptfdsc', 'Debbvvus', '1966-10-09', 'Dfevlgvxx,Pcqv 168', '+40345200100276', 'syrllbxst@ab.wg', 128428, 573);
INSERT INTO public.workers VALUES (710, 'Syncje', 'Mvbmvccmaj', '1958-04-06', 'Ofqpfhfnl,Kvkcm 157', '+228211022400', 'gqhwbmx@pd.tto', 220448, 854);
INSERT INTO public.workers VALUES (711, 'Eaojxxvjhd', 'Gnxwsq', '1967-08-05', 'Tljrnsglw,Ibipbs 179', '+68418270608382643', 'lnekqdx@xmd.aw', 247537, 482);
INSERT INTO public.workers VALUES (712, 'Mpxo', 'Uwpixlsy', '1960-06-09', 'Blmlkxf,Rkmrgc 165', '+60883811733466133', 'osuqclvp@hb.ql', 158925, 164);
INSERT INTO public.workers VALUES (713, 'Ilqvm', 'Lieysuee', '1994-01-23', 'Bhetsgwi,Ursh 115', '+656385808568577', 'rghnns@chr.fjo', 219620, 959);
INSERT INTO public.workers VALUES (714, 'Gqkscgk', 'Tmnjgh', '2000-11-07', 'Kaupwumel,Triv 54', '+67013087580', 'ytko@gm.rxd', 100279, 912);
INSERT INTO public.workers VALUES (715, 'Metm', 'Bhwr', '1955-09-03', 'Nelkiwrlc,Wsgdl 167', '+60211877238736047', 'qirsvcc@dvx.mi', 261114, 654);
INSERT INTO public.workers VALUES (716, 'Kcbritf', 'Asxjgxj', '1956-05-23', 'Utktcby,Lvry 89', '+57831847106', 'ntlrpstg@po.bv', 214831, 932);
INSERT INTO public.workers VALUES (717, 'Aqkvdu', 'Djys', '1993-05-07', 'Svvukj,Rtmiyqc 44', '+16205862620412511', 'iypofd@bsd.mo', 214048, 225);
INSERT INTO public.workers VALUES (718, 'Qmjbujwop', 'Mgdlmeas', '1989-11-12', 'Aburjk,Odftrbe 12', '+017276715161057', 'eeai@ri.rl', 236266, 352);
INSERT INTO public.workers VALUES (719, 'Oyltjyow', 'Dkia', '1984-06-12', 'Jwxowcl,Tbfgb 183', '+77230514248065', 'vhq@lq.sih', 113719, 648);
INSERT INTO public.workers VALUES (720, 'Xpxfb', 'Pouuabri', '1975-11-27', 'Cuahtvbhmq,Gpnkkh 182', '+01431130334750', 'iimxin@ap.pr', 238911, 304);
INSERT INTO public.workers VALUES (721, 'Ketkittc', 'Atnbvf', '1988-07-21', 'Tqenlovv,Jlpv 183', '+3665368253754810', 'ienqif@ma.mah', 289943, 822);
INSERT INTO public.workers VALUES (722, 'Ojfelbhsk', 'Fxbqwoabn', '1993-05-26', 'Chqwmvlfxq,Wfbx 189', '+73165604823', 'tpgsyklt@dx.ig', 263012, 157);
INSERT INTO public.workers VALUES (723, 'Kucampayg', 'Yixmxb', '1996-04-10', 'Pqhhak,Uooxej 36', '+84610135346724', 'sspp@mib.rx', 238072, 808);
INSERT INTO public.workers VALUES (724, 'Lhcxsl', 'Vqoq', '1998-01-09', 'Hmuuxsie,Jhlteuq 147', '+164501883223223', 'gixmb@by.khb', 168605, 909);
INSERT INTO public.workers VALUES (725, 'Imvikme', 'Qhkirj', '1980-08-11', 'Tkinrahxbj,Wfpho 3', '+174378837385272', 'ole@br.bst', 192200, 948);
INSERT INTO public.workers VALUES (726, 'Ernrldoxuq', 'Krclyyognw', '1955-03-11', 'Vnqocjw,Ojib 182', '+205044315264', 'gcmwrfl@cum.obn', 206881, 991);
INSERT INTO public.workers VALUES (727, 'Cmcgcxljhx', 'Bagacxyl', '1960-11-04', 'Ckjxocu,Vgtivkx 35', '+1760818178081', 'ipvnr@bu.fd', 129318, 687);
INSERT INTO public.workers VALUES (728, 'Aknnhoekd', 'Btoesm', '1986-06-24', 'Pnwcpdf,Ptaycx 143', '+1353235507188', 'lbtgkk@mu.hq', 225367, 150);
INSERT INTO public.workers VALUES (729, 'Bcvit', 'Kxsblp', '1954-04-05', 'Pfjggfjdoq,Byymvw 115', '+3786325443802', 'awrlqlq@qic.khl', 196627, 706);
INSERT INTO public.workers VALUES (730, 'Tqncismg', 'Rhpkxvhoei', '1962-11-08', 'Ndinmih,Fxwc 130', '+184865142372', 'wcyrldkcp@rnd.hbw', 277907, 608);
INSERT INTO public.workers VALUES (731, 'Sbwijpc', 'Jsdapyqnw', '1998-07-02', 'Ttgxgbcxg,Fybde 84', '+5378163547505', 'xuguiuea@ff.imn', 206995, 974);
INSERT INTO public.workers VALUES (732, 'Wpudvqcyj', 'Imfatflmqg', '1970-11-20', 'Tekabhm,Syyo 160', '+28878113361277058', 'apewnw@qa.hlh', 231702, 921);
INSERT INTO public.workers VALUES (733, 'Qunyv', 'Wndocb', '1995-04-16', 'Tgcsirm,Hgydwkf 144', '+18037222215', 'vhypefm@hk.ndh', 292238, 771);
INSERT INTO public.workers VALUES (734, 'Ldbfw', 'Qdpl', '1957-01-04', 'Ydkmkn,Cxaqj 115', '+15838173314074447', 'ckqq@ert.mcj', 108019, 65);
INSERT INTO public.workers VALUES (735, 'Xcsk', 'Krvc', '1954-02-01', 'Nqkxwsdmvb,Uvhd 110', '+27020602626', 'kxjtgf@btx.sau', 236274, 357);
INSERT INTO public.workers VALUES (736, 'Hkrauuc', 'Apqypnkm', '1990-03-25', 'Ovfwdyhx,Uuhb 60', '+221320067381585', 'yuiqiq@dt.op', 161450, 771);
INSERT INTO public.workers VALUES (737, 'Sogwfjah', 'Qcrayhi', '1999-05-08', 'Xcmacgax,Ghdh 72', '+503344286763', 'padjf@xnb.lox', 207700, 718);
INSERT INTO public.workers VALUES (738, 'Kdwrtagi', 'Sykbae', '1965-11-11', 'Cdlndv,Pdmebo 66', '+87662660826468488', 'gnnatpd@lv.od', 197296, 606);
INSERT INTO public.workers VALUES (739, 'Eewx', 'Iccwv', '1986-07-27', 'Wrafocj,Jxav 136', '+21814083766', 'lhsodj@phw.rpr', 151174, 420);
INSERT INTO public.workers VALUES (740, 'Bwuofutxk', 'Omsv', '1993-10-11', 'Ldpcamfg,Kxjk 122', '+75763523630', 'xqpi@eg.kow', 155326, 380);
INSERT INTO public.workers VALUES (741, 'Rqrnbmxdo', 'Vojkmnepn', '1997-01-16', 'Yugjnncfma,Ylno 124', '+17272472370', 'owxjvi@iwj.wad', 265419, 7);
INSERT INTO public.workers VALUES (742, 'Ejvcnayiu', 'Eqrtfpf', '1972-09-24', 'Omqshcupy,Xmauo 145', '+43776155844581', 'gfvt@xq.aad', 178258, 371);
INSERT INTO public.workers VALUES (743, 'Xwgvwiq', 'Xispiv', '1990-04-11', 'Oiksrdj,Qpewwn 7', '+870322680056243', 'sqvtpn@mfv.yqb', 190595, 510);
INSERT INTO public.workers VALUES (744, 'Licbjxuyaa', 'Uvcgqud', '2000-08-14', 'Lnvkyhpegm,Cgeab 176', '+47854580612015', 'wvxt@fud.rxv', 292420, 489);
INSERT INTO public.workers VALUES (745, 'Hvffr', 'Tplbcyyuyg', '1992-05-04', 'Ajakskk,Padi 83', '+704763626344104', 'lxw@kto.ev', 215528, 60);
INSERT INTO public.workers VALUES (746, 'Qlrmav', 'Flyb', '1995-07-23', 'Paxvrjg,Iuapay 108', '+7438403442185', 'ogfalkm@lk.xcc', 142517, 95);
INSERT INTO public.workers VALUES (747, 'Jqqscnk', 'Cbpd', '1972-05-22', 'Yewxslhu,Ywbdd 166', '+47380701724473785', 'slhabnus@fh.qw', 206818, 164);
INSERT INTO public.workers VALUES (748, 'Deexmfbl', 'Sxlceg', '1958-07-28', 'Lqrkxtm,Kftp 83', '+47228665422726', 'tpxbs@my.rep', 151001, 376);
INSERT INTO public.workers VALUES (749, 'Wwbhaaieoh', 'Caivgbikcb', '1997-09-27', 'Pqqpic,Invvcfq 188', '+80375117702208272', 'xtaf@aqa.eaw', 286188, 107);
INSERT INTO public.workers VALUES (750, 'Yrum', 'Arpjdmwrh', '1990-11-07', 'Amxpqelfqq,Ysjqmji 187', '+58630401420023447', 'rju@ss.pwx', 246316, 467);
INSERT INTO public.workers VALUES (751, 'Mpgambkcl', 'Vgxatrc', '1977-09-15', 'Mobuwbevc,Cafhv 152', '+27716178530', 'qft@unw.ia', 224499, 750);
INSERT INTO public.workers VALUES (752, 'Otsqhin', 'Pdyvt', '1992-03-28', 'Emxwigbs,Faprjy 146', '+88106681061218', 'rxx@dxu.xmr', 134057, 715);
INSERT INTO public.workers VALUES (753, 'Hpxt', 'Krqrcrx', '1963-08-13', 'Ehqhukbm,Wacp 167', '+28003320381124', 'ccfpqdl@bc.lm', 215315, 561);
INSERT INTO public.workers VALUES (754, 'Lveth', 'Sjgebkrs', '1988-08-18', 'Ngxgnkhn,Qpftbq 66', '+30547458233568583', 'caaidwdv@ry.po', 172909, 447);
INSERT INTO public.workers VALUES (755, 'Fudxdviqyj', 'Hqqlfvqum', '1967-08-08', 'Uitdckqiml,Kmyxcg 47', '+42322457226', 'qtdpu@rqj.cr', 166727, 749);
INSERT INTO public.workers VALUES (756, 'Fhfmcmpel', 'Bijaj', '1955-05-16', 'Kmomjdkt,Diaq 28', '+702164155835316', 'kfkefp@ld.vbt', 180655, 869);
INSERT INTO public.workers VALUES (757, 'Ociwmkjwl', 'Yxqthf', '1988-08-20', 'Bvwiqqrsqa,Mddl 127', '+21000241055', 'swqbbgox@kwp.od', 238912, 806);
INSERT INTO public.workers VALUES (758, 'Sbgieqbyq', 'Iwrkuu', '1959-02-15', 'Drdpxyjli,Kcnq 107', '+506477402524821', 'ijfee@pkj.pxc', 221863, 688);
INSERT INTO public.workers VALUES (759, 'Ufwtkcdmrs', 'Ncctrmfyux', '1997-08-17', 'Rrdussw,Bkgtlus 144', '+5018644428770064', 'mnyrlb@xrr.mtv', 265765, 156);
INSERT INTO public.workers VALUES (760, 'Mohajkdcn', 'Ojwfu', '1967-04-21', 'Hiumkwrk,Mjqfw 117', '+82378153114358521', 'gjgckkri@nk.ol', 175534, 562);
INSERT INTO public.workers VALUES (761, 'Mdrhagl', 'Tlaali', '1993-07-19', 'Yamxgmdpn,Gkqgy 12', '+70115313244', 'bgricgij@xy.jsv', 187593, 157);
INSERT INTO public.workers VALUES (762, 'Dont', 'Xjsuhepop', '1987-02-07', 'Ugeaajnftx,Trpfcgh 10', '+82506255447', 'aynas@act.ki', 227099, 667);
INSERT INTO public.workers VALUES (763, 'Anhgwrwf', 'Cbiwnyk', '1966-05-19', 'Jepjffew,Jsbc 185', '+685507752780530', 'ipjxendyx@ka.bjv', 257731, 362);
INSERT INTO public.workers VALUES (764, 'Pshkxk', 'Pljfjgwbx', '1964-06-15', 'Apalsnutu,Dqxmkco 138', '+0724873356020066', 'yokogwe@hnj.ka', 171982, 822);
INSERT INTO public.workers VALUES (765, 'Jnch', 'Qwoar', '1964-11-15', 'Yjecrn,Kjtjuo 99', '+8356535700211467', 'qhfaktxpj@ef.fja', 116384, 964);
INSERT INTO public.workers VALUES (766, 'Scgxuqybof', 'Oiphtaha', '1996-03-04', 'Tweana,Swtopwg 155', '+03440745203151', 'tet@dr.fhp', 153962, 834);
INSERT INTO public.workers VALUES (767, 'Wdagxqg', 'Npxt', '1976-01-17', 'Njdbiph,Qxqrao 159', '+3561107447316', 'eqvi@gw.jr', 140912, 870);
INSERT INTO public.workers VALUES (768, 'Inlwfwvd', 'Nulbi', '1971-09-24', 'Ewqqnyjew,Bkxbhbw 5', '+07864187086850', 'jkum@fqi.lre', 234053, 329);
INSERT INTO public.workers VALUES (769, 'Nsawb', 'Wcms', '1987-10-09', 'Yhifbkwstj,Yrkber 174', '+403815623488', 'ggvjh@vv.rv', 193402, 92);
INSERT INTO public.workers VALUES (770, 'Mwte', 'Ucyuxmadt', '1994-09-08', 'Emrvhug,Nmxv 77', '+5357515883740', 'qbt@qpe.lve', 290129, 927);
INSERT INTO public.workers VALUES (771, 'Eboas', 'Tgxwl', '1996-08-18', 'Nfamkw,Vhuk 26', '+015664342451805', 'uvsnm@qm.df', 215732, 430);
INSERT INTO public.workers VALUES (772, 'Ylafv', 'Prjyphl', '1981-09-15', 'Gloqyty,Tboy 123', '+6435584546852876', 'tryja@shh.maj', 294359, 99);
INSERT INTO public.workers VALUES (773, 'Kvisykbsv', 'Axwm', '1976-10-09', 'Tppdbfb,Fmynluo 18', '+43083174683575153', 'odydyec@pvr.es', 222144, 420);
INSERT INTO public.workers VALUES (774, 'Wvrsitg', 'Swbum', '1955-05-01', 'Pyqvhn,Ygjd 116', '+3124235724072106', 'inodth@tvm.pp', 183760, 120);
INSERT INTO public.workers VALUES (775, 'Aasmtsepo', 'Wokgarxng', '1965-06-04', 'Htfqxapyb,Dwsph 104', '+867806826588382', 'vffoqusmp@gt.owe', 104411, 811);
INSERT INTO public.workers VALUES (776, 'Ppbwrc', 'Logs', '1987-07-20', 'Dyhmcb,Rmojtvw 182', '+5652434862715550', 'ktl@jr.dra', 226841, 834);
INSERT INTO public.workers VALUES (777, 'Jmrpkxp', 'Nnwrwxyvf', '1984-06-02', 'Ksexuo,Suoang 105', '+8878666037860838', 'eilsx@vwn.do', 137088, 143);
INSERT INTO public.workers VALUES (778, 'Nvsbk', 'Gryxgm', '1987-10-28', 'Hqfrnun,Tqdryec 102', '+63343172536464507', 'vjqwr@fw.ujj', 262400, 888);
INSERT INTO public.workers VALUES (779, 'Aambhobr', 'Lpvol', '1982-05-23', 'Nknhnnov,Wpbr 156', '+200752544742', 'fdlbys@jfj.xcg', 109538, 51);
INSERT INTO public.workers VALUES (780, 'Xarelmh', 'Adbxpqdu', '2000-11-21', 'Alynumjo,Hytl 78', '+23043237715', 'goqnkr@bat.cll', 133003, 711);
INSERT INTO public.workers VALUES (781, 'Wumay', 'Qlmwufe', '1969-07-02', 'Oyljkcbcp,Stckgok 167', '+856356262476', 'wxtury@mt.ddj', 153160, 975);
INSERT INTO public.workers VALUES (782, 'Nphceqlpx', 'Gygjhnos', '1999-07-09', 'Yimplfbqkj,Bfjpjwb 199', '+015163222431', 'seyyblflr@tfu.ui', 216163, 27);
INSERT INTO public.workers VALUES (783, 'Vtgh', 'Qdpchmblmn', '1988-05-08', 'Wrfchhvwy,Kwcth 148', '+8680836701451078', 'cnm@rbu.te', 233429, 103);
INSERT INTO public.workers VALUES (784, 'Hvhue', 'Lwbxgiswj', '1973-07-23', 'Vpucrlm,Nphrx 188', '+04058872334', 'nfhily@wpk.soy', 283254, 196);
INSERT INTO public.workers VALUES (785, 'Muieblfabo', 'Vnplpwk', '1998-11-06', 'Wtdrnltox,Qhestv 174', '+10646031684032', 'kafpf@esh.nuy', 277123, 472);
INSERT INTO public.workers VALUES (786, 'Hxbauoxhxo', 'Hwma', '1963-02-10', 'Soxtygfkxs,Gdimp 24', '+77417342264425036', 'uif@pc.lc', 160963, 986);
INSERT INTO public.workers VALUES (787, 'Ednwt', 'Xastpblk', '1991-01-22', 'Hhicohsuon,Qvlcv 23', '+13721037773782313', 'bqswmydtw@wui.dg', 116546, 472);
INSERT INTO public.workers VALUES (788, 'Qdgcxfxkbf', 'Evspuds', '1969-01-09', 'Igqfpxkj,Wanh 142', '+040671218038', 'iknntoc@jq.bv', 111451, 388);
INSERT INTO public.workers VALUES (789, 'Btgoj', 'Evhhkeceny', '1963-02-27', 'Txttyg,Vegfxgu 28', '+5385375377216', 'lwuuybm@ecu.rq', 138887, 58);
INSERT INTO public.workers VALUES (790, 'Xxvdvukf', 'Buntdsd', '1962-04-29', 'Xsrxnnilm,Qwttq 162', '+57856104317077', 'mma@qe.jhu', 109671, 322);
INSERT INTO public.workers VALUES (791, 'Oecxvbn', 'Dxno', '1979-03-02', 'Bikaqlg,Bcgc 122', '+572354471682', 'wyerkbqyr@dw.bct', 238266, 949);
INSERT INTO public.workers VALUES (792, 'Exco', 'Mttxgvkvfj', '1996-02-28', 'Ghkmxl,Qpkoewk 132', '+50078464737642', 'pqnp@dy.eay', 176548, 298);
INSERT INTO public.workers VALUES (793, 'Swcibevdak', 'Riabqk', '1982-11-27', 'Hmwxjcat,Beebwl 116', '+6473546661228454', 'hmal@lta.be', 167057, 491);
INSERT INTO public.workers VALUES (794, 'Bjydsex', 'Vredlhv', '1981-04-15', 'Fctead,Njtuqam 66', '+064587283728410', 'uxtrmlq@by.rkb', 201902, 368);
INSERT INTO public.workers VALUES (795, 'Xityh', 'Xwbbab', '1992-06-15', 'Dcaaedg,Guic 101', '+783774282816', 'fjx@iq.nr', 149514, 821);
INSERT INTO public.workers VALUES (796, 'Ikhewj', 'Oxkqo', '1954-02-19', 'Nakloun,Lvqjjcm 17', '+874526874002552', 'yiuxhksu@kpa.och', 110377, 130);
INSERT INTO public.workers VALUES (797, 'Iaibrpbt', 'Plpejrdur', '1994-07-16', 'Jrkyarshpi,Gahrl 124', '+2450571713070', 'ddfxefuga@ru.hu', 167177, 744);
INSERT INTO public.workers VALUES (798, 'Ljghyhd', 'Hhylxfk', '1995-02-15', 'Hbrlrb,Wvscjy 162', '+12552626104', 'wwalnrtp@ts.eq', 160644, 70);
INSERT INTO public.workers VALUES (799, 'Frvr', 'Qoilm', '1999-09-06', 'Ofexxjly,Ylnvxue 192', '+255350183735247', 'bhrojxtoo@svw.aai', 144522, 906);
INSERT INTO public.workers VALUES (800, 'Ppvjhcvg', 'Tcsfhkbr', '1994-08-26', 'Xgoqxchqo,Qcwump 155', '+7535716671418', 'aadv@ba.jda', 208133, 346);
INSERT INTO public.workers VALUES (801, 'Cmlpvkh', 'Tviex', '1961-11-13', 'Agjyjxd,Mqanvo 85', '+32275341555501', 'poopj@gg.jwl', 274347, 946);
INSERT INTO public.workers VALUES (802, 'Ynfvmept', 'Vupbxs', '2000-03-20', 'Xbtkffci,Exfd 20', '+2584835377601', 'exbxwybkj@ygd.wig', 110687, 983);
INSERT INTO public.workers VALUES (803, 'Uannwu', 'Hyxnpsu', '1957-07-11', 'Fiutbrked,Aelonra 58', '+64300075503866', 'qhlgudpgl@ir.ink', 187519, 868);
INSERT INTO public.workers VALUES (804, 'Jmmyhsaj', 'Mgwtw', '1997-10-27', 'Hldxwhc,Tycjhlg 62', '+88107765785', 'grmhykyj@bh.fie', 122920, 552);
INSERT INTO public.workers VALUES (805, 'Oyesm', 'Edbr', '1959-07-24', 'Dynrrj,Preor 56', '+07685442508820', 'wijy@fem.ff', 258688, 746);
INSERT INTO public.workers VALUES (806, 'Odoxc', 'Yxahib', '1991-02-24', 'Ofkymcnt,Kgtxwds 79', '+5157747887886', 'oinrro@rhq.rb', 224546, 336);
INSERT INTO public.workers VALUES (807, 'Umjx', 'Mgvdws', '1971-06-18', 'Chykjrsrm,Efnjw 122', '+8264178048561', 'opt@ntl.gd', 274568, 685);
INSERT INTO public.workers VALUES (808, 'Lhlticw', 'Iyrkvjpmf', '1975-10-04', 'Safylcnq,Hcqvv 126', '+31705635574584282', 'csvbwnml@jve.jcm', 157958, 95);
INSERT INTO public.workers VALUES (809, 'Jaggb', 'Qvmgtako', '1956-07-20', 'Tjojpvjn,Ugaff 171', '+020345723648', 'amjwk@hh.dmy', 265343, 366);
INSERT INTO public.workers VALUES (810, 'Qpwpmc', 'Htdletios', '1994-08-07', 'Pjhxqsc,Nqpain 196', '+813162480443', 'nuy@ucs.hf', 266979, 447);
INSERT INTO public.workers VALUES (811, 'Unqxnuno', 'Jojfelni', '1993-11-21', 'Xstruxk,Jieo 23', '+3144743076326710', 'don@vua.er', 122318, 762);
INSERT INTO public.workers VALUES (812, 'Ttot', 'Wyvb', '1981-02-26', 'Hjjpcq,Sdlgwpe 62', '+11050516420728662', 'xudsopgl@ir.gy', 158317, 751);
INSERT INTO public.workers VALUES (813, 'Uvgylgi', 'Gwanca', '1985-04-24', 'Rrpefo,Oupx 183', '+4501827721222668', 'yveld@ho.yfc', 277880, 505);
INSERT INTO public.workers VALUES (814, 'Lfsuldps', 'Brbb', '1962-05-25', 'Jkdauidsho,Oymeiu 84', '+03076612865767651', 'myaa@ncx.juk', 146330, 49);
INSERT INTO public.workers VALUES (815, 'Nhljrabgs', 'Xthxxq', '1998-07-17', 'Beswee,Cpgvxs 40', '+067622534422136', 'gmaqvuv@tp.ia', 246165, 667);
INSERT INTO public.workers VALUES (816, 'Gakatq', 'Nmknrlox', '1983-03-17', 'Dmpvcuekyy,Qptcp 90', '+60262687666861', 'ukptpwxg@ap.qie', 253860, 835);
INSERT INTO public.workers VALUES (817, 'Ikkpwto', 'Otvk', '1999-08-08', 'Qkfjignbcq,Obdcqdx 124', '+366857350610', 'nktedbs@vvr.qv', 283033, 363);
INSERT INTO public.workers VALUES (818, 'Panqlg', 'Mtvwkll', '1992-08-05', 'Lupylbb,Vsnsge 39', '+78351855236618', 'wqhw@uu.uj', 207957, 692);
INSERT INTO public.workers VALUES (819, 'Eodhtxu', 'Pgxascrpi', '1959-06-15', 'Ltlwgp,Eqgvu 76', '+051235732027', 'hhklmxrq@dv.yn', 236662, 102);
INSERT INTO public.workers VALUES (820, 'Mrcopcjo', 'Ynlpjg', '1984-09-25', 'Ybxlcvexhj,Xdhn 153', '+784283135804', 'dctpkblt@fit.ry', 270386, 170);
INSERT INTO public.workers VALUES (821, 'Sxxtujggg', 'Iljovrig', '1979-09-04', 'Lewsfcwwgs,Glfopm 109', '+62116624732', 'nsfjarsr@ld.xl', 136840, 228);
INSERT INTO public.workers VALUES (822, 'Urxsbadxn', 'Pjxfxahju', '1991-03-01', 'Nwypmplat,Qbmgo 88', '+3863417520553', 'dsaq@wc.fqm', 282419, 525);
INSERT INTO public.workers VALUES (823, 'Xwgx', 'Iulducxtbo', '1973-11-10', 'Uukwahp,Ovbb 166', '+68675684254176374', 'jag@fkx.od', 226048, 673);
INSERT INTO public.workers VALUES (824, 'Rypktjd', 'Veefuac', '1954-09-10', 'Bnijphasv,Fceicx 34', '+55251678867538445', 'tucwivv@dtp.qxt', 240191, 760);
INSERT INTO public.workers VALUES (825, 'Orygdbmb', 'Ydqrjrvf', '1961-06-10', 'Huuevf,Atroh 61', '+62283347161501722', 'eppjihxq@sc.tyu', 205044, 982);
INSERT INTO public.workers VALUES (826, 'Cyumif', 'Mitvwwks', '1971-07-23', 'Wyfloi,Fjtp 44', '+8480765421682020', 'thcplfhtq@ch.ig', 262279, 276);
INSERT INTO public.workers VALUES (827, 'Dvxssr', 'Drxaw', '1974-11-20', 'Dpworqdv,Mevbbie 48', '+672188221381141', 'mxsv@jcr.dc', 275631, 404);
INSERT INTO public.workers VALUES (828, 'Xjmsai', 'Vjtfpr', '1994-09-26', 'Ubuibomdd,Japa 136', '+27562088684', 'rmol@fk.grr', 160522, 721);
INSERT INTO public.workers VALUES (829, 'Kovplgdv', 'Sidxmukn', '1964-04-17', 'Msqeqssyht,Jbtrnok 123', '+7048867858548814', 'bbxlqk@ej.ra', 280165, 925);
INSERT INTO public.workers VALUES (830, 'Dmxb', 'Khcwmyfa', '1967-08-11', 'Llmsaoeqht,Fhfeuas 62', '+1578217428885565', 'htra@jrk.euv', 190210, 723);
INSERT INTO public.workers VALUES (831, 'Qwdtdqvo', 'Wybd', '1986-02-25', 'Fdlttfdj,Fjbnsd 15', '+427168326304304', 'yvdu@oq.nr', 194315, 897);
INSERT INTO public.workers VALUES (832, 'Dqgixbvl', 'Acojdtbtw', '1965-08-06', 'Ohxgpbqvn,Bpjei 142', '+71127863686324185', 'jtjyckae@dnx.aks', 238622, 405);
INSERT INTO public.workers VALUES (833, 'Jmdbhn', 'Bqunne', '1999-11-19', 'Jrekvdn,Mtur 61', '+82367511556612', 'xqesrx@vwr.wyb', 227860, 741);
INSERT INTO public.workers VALUES (834, 'Adebxv', 'Lbhmxpysdm', '1965-02-11', 'Dbnpykp,Emvdkdx 82', '+6368281535561', 'msou@hwm.eq', 161340, 370);
INSERT INTO public.workers VALUES (835, 'Cmaph', 'Itvgi', '1958-08-13', 'Aumunqbwia,Uihney 104', '+6017008703244447', 'xmsolmyng@dj.rc', 136240, 962);
INSERT INTO public.workers VALUES (836, 'Tufxlyf', 'Dcujlik', '1955-02-28', 'Rbjrglk,Gvsgv 136', '+034233167685163', 'uijxnpatf@uxa.yw', 149980, 578);
INSERT INTO public.workers VALUES (837, 'Kedcqty', 'Lfnnoeuke', '1977-10-10', 'Bfquwbyq,Dqfxm 72', '+8251838807748', 'ruunrq@gr.ux', 139559, 980);
INSERT INTO public.workers VALUES (838, 'Xhhk', 'Rpiuuwytkh', '1959-11-28', 'Jrwqypr,Veog 22', '+3004127407711530', 'lvr@jqr.wb', 202946, 778);
INSERT INTO public.workers VALUES (839, 'Kqwbtkwknf', 'Mwkqjwm', '1967-02-16', 'Krxmpv,Muepd 10', '+355241260875514', 'ojb@wj.uyp', 158960, 66);
INSERT INTO public.workers VALUES (840, 'Dnpum', 'Bybw', '1991-07-24', 'Lpohtsou,Xxmme 27', '+500800280553', 'qgbw@vbj.mn', 149959, 262);
INSERT INTO public.workers VALUES (841, 'Spxoypj', 'Mwjlddnmry', '1962-08-24', 'Dcspdueha,Poyh 118', '+0018031278357', 'jfwxrybh@vwp.ri', 126744, 285);
INSERT INTO public.workers VALUES (842, 'Geph', 'Sicnnn', '1978-04-16', 'Fvkchxslo,Mvalrau 90', '+5020227008444214', 'jpdprx@id.bwo', 134892, 697);
INSERT INTO public.workers VALUES (843, 'Wlavpgu', 'Dqacvo', '1992-06-19', 'Graawf,Kjur 78', '+7272136243504221', 'yaqfeo@rbi.kk', 253168, 440);
INSERT INTO public.workers VALUES (844, 'Mtqtlbdvm', 'Eomwmosfcd', '1976-04-17', 'Kywcbub,Mnie 176', '+78021641481480', 'utjopd@rq.ira', 252028, 20);
INSERT INTO public.workers VALUES (845, 'Paegqlyspq', 'Stymessjb', '1967-03-25', 'Kudthjflme,Uvjrsus 138', '+378648463633', 'ansvp@in.mhh', 116377, 580);
INSERT INTO public.workers VALUES (846, 'Sghwjws', 'Ivsvmcsmp', '1994-07-09', 'Ulahxuigh,Pdtv 196', '+44453750184', 'mpehnaac@ebs.hun', 177548, 775);
INSERT INTO public.workers VALUES (847, 'Noodywulwr', 'Rjobfopx', '2000-02-05', 'Pauyfvvxw,Pkja 73', '+42038377746', 'fyydqqlf@eu.vr', 187902, 102);
INSERT INTO public.workers VALUES (848, 'Afpar', 'Jsmfny', '1968-11-09', 'Yurvrbntv,Lqcyjqe 174', '+7671211304876653', 'msg@ts.hw', 181648, 848);
INSERT INTO public.workers VALUES (849, 'Isru', 'Gcygjawquh', '1987-09-11', 'Blsckc,Jvkwx 45', '+3462788056280', 'vndxe@jtl.aif', 116341, 329);
INSERT INTO public.workers VALUES (850, 'Uryullcfay', 'Mwuftoc', '1973-02-14', 'Jjsdhj,Xydoeow 70', '+803276436731', 'xljyopxj@qly.afy', 114794, 27);
INSERT INTO public.workers VALUES (851, 'Umxab', 'Mibnctdi', '1979-01-14', 'Tnhhjmgrk,Wwvi 22', '+670343835815', 'qqipkdavy@lmo.hmp', 120516, 480);
INSERT INTO public.workers VALUES (852, 'Vfkm', 'Epbnjocrh', '1965-10-09', 'Novbjjc,Lbpbl 4', '+32108848284518140', 'ntkeshbb@fef.kh', 275069, 225);
INSERT INTO public.workers VALUES (853, 'Fymtnuosfk', 'Rntxgax', '1990-01-14', 'Fldwpsxv,Qoday 37', '+56155628511610066', 'uxpwdk@upi.ecx', 220954, 426);
INSERT INTO public.workers VALUES (854, 'Nwkkoi', 'Luuidfrb', '1963-07-20', 'Kupdsk,Nutb 104', '+36615864576017830', 'yupf@qm.rjp', 229568, 216);
INSERT INTO public.workers VALUES (855, 'Tlvjacxnnf', 'Xxoj', '1969-02-08', 'Wksbycwvo,Axxx 120', '+01380285803158', 'cxaqtobk@kn.uj', 226883, 255);
INSERT INTO public.workers VALUES (856, 'Ehufajuagq', 'Agkbepdxa', '1960-02-07', 'Akoynmu,Dwkn 184', '+464808664084', 'txg@fxr.ce', 205532, 701);
INSERT INTO public.workers VALUES (857, 'Bujjrjiel', 'Dlwgtjgfta', '1971-11-07', 'Ajbfdj,Gqiupk 115', '+42838807376317', 'uaocdr@tkw.qwv', 244379, 80);
INSERT INTO public.workers VALUES (858, 'Qkyou', 'Crdhsk', '1976-08-19', 'Vlgxjpuvkk,Ljotg 114', '+524435826885', 'tvbbkxjup@xku.awj', 196748, 832);
INSERT INTO public.workers VALUES (859, 'Mtbipmil', 'Qklhrohut', '1978-10-10', 'Eskfjw,Xxcr 32', '+2701788683011320', 'wldptrl@gbb.qqi', 165190, 289);
INSERT INTO public.workers VALUES (860, 'Vvoxslkp', 'Fjlhxsx', '1970-02-03', 'Jsqpxdy,Mowxe 96', '+8243076343127', 'gruuw@xwl.ohk', 210557, 209);
INSERT INTO public.workers VALUES (861, 'Qpsbob', 'Uodncvhhig', '1995-01-14', 'Hlnfga,Thltal 118', '+523441740270888', 'rcfvegi@uux.nwx', 206721, 295);
INSERT INTO public.workers VALUES (862, 'Rmbo', 'Ywjllxhb', '1980-05-23', 'Sugjcwkce,Owjdvk 153', '+023417720218807', 'gcpgp@lug.iv', 231130, 310);
INSERT INTO public.workers VALUES (863, 'Vkplbpgue', 'Rhyy', '1978-11-18', 'Rqbctdbx,Mljqxwk 65', '+1104722177416033', 'atrrawwxa@ih.gv', 261026, 95);
INSERT INTO public.workers VALUES (864, 'Aogreqs', 'Wkburir', '1996-08-18', 'Vamhuywshp,Iwnit 43', '+7733455154655', 'ojcjmfjou@csq.ahw', 198605, 660);
INSERT INTO public.workers VALUES (865, 'Hkwo', 'Vmnrjpu', '1973-07-17', 'Dtqftcn,Xcqwf 106', '+18154024067713', 'hpldon@xn.xhq', 243655, 140);
INSERT INTO public.workers VALUES (866, 'Naehmdt', 'Fjhlto', '1960-01-07', 'Akbllcf,Kmuc 132', '+23151105737382', 'rfadp@goi.vfa', 106697, 843);
INSERT INTO public.workers VALUES (867, 'Igfi', 'Blguh', '1954-10-22', 'Ekgaxilrdr,Fuom 195', '+84708334562156880', 'mfswx@bdj.xoj', 256256, 422);
INSERT INTO public.workers VALUES (868, 'Ekpxijnhma', 'Xkvvta', '1975-11-16', 'Oojhegakmq,Hjtcjv 22', '+4012604756758', 'bksrdsgmk@ya.qva', 144361, 562);
INSERT INTO public.workers VALUES (869, 'Bxkjlwjux', 'Kqlsfscqxc', '1985-10-20', 'Liyankybdu,Iojjgax 36', '+16016531776375887', 'gcdyhvn@qvk.vf', 291717, 98);
INSERT INTO public.workers VALUES (870, 'Wlwr', 'Ahfsmu', '1977-06-17', 'Sncwbcmdpe,Sixii 33', '+865863152003', 'dyq@lm.urg', 128260, 350);
INSERT INTO public.workers VALUES (871, 'Gisayhpyu', 'Cdwaddp', '1997-10-08', 'Dektmg,Hcaa 74', '+225070187333153', 'sjnryf@rvy.arm', 127030, 56);
INSERT INTO public.workers VALUES (872, 'Mokoykpdr', 'Pknuxubad', '1996-06-23', 'Ngxwqu,Ktxu 30', '+67752682761', 'tuaegsc@ksl.jln', 197764, 917);
INSERT INTO public.workers VALUES (873, 'Wtqifgbswc', 'Rnpvdmlj', '1991-05-24', 'Gcscixxxiy,Yjry 60', '+8018372834528', 'one@rwg.shq', 293814, 832);
INSERT INTO public.workers VALUES (874, 'Fpgxgvenl', 'Kxcqo', '1983-09-09', 'Mepkushpl,Ifhm 197', '+3412338408254821', 'ltcrospwo@vga.ya', 181514, 99);
INSERT INTO public.workers VALUES (875, 'Egjysyjkon', 'Sgbgx', '1958-01-25', 'Dnmench,Ubmtf 39', '+16278383635478678', 'lexmhrv@rr.tll', 170680, 333);
INSERT INTO public.workers VALUES (876, 'Thkkt', 'Xoacelkq', '1984-11-19', 'Evkstlon,Qwkkbo 18', '+801104633585477', 'bwmwylu@kl.rtd', 124775, 413);
INSERT INTO public.workers VALUES (877, 'Jfub', 'Hpvc', '1969-01-23', 'Nsbltuvj,Hllaej 100', '+8025442433867', 'ndxgqecm@wh.vm', 140884, 571);
INSERT INTO public.workers VALUES (878, 'Uajrr', 'Txhkufvmj', '1998-08-25', 'Cpvyhpuh,Srrfvs 174', '+31431458875816641', 'cwtntld@hgu.kej', 235724, 193);
INSERT INTO public.workers VALUES (879, 'Yrfn', 'Danpqqn', '1989-07-16', 'Daaawcmaxk,Paer 50', '+8287746723611', 'foebj@wx.teh', 298772, 356);
INSERT INTO public.workers VALUES (880, 'Abwwpnfefk', 'Sssny', '1995-10-28', 'Kqtvvqo,Ixar 96', '+2771287207200016', 'ukknnfqij@dm.pl', 229409, 584);
INSERT INTO public.workers VALUES (881, 'Mryfx', 'Gdcfr', '1975-03-18', 'Klntvmqvug,Msrdq 9', '+64506506887', 'ffataomcr@hh.ds', 114344, 293);
INSERT INTO public.workers VALUES (882, 'Tdxnpycq', 'Wwhhawma', '1966-03-09', 'Hqihulufkd,Pmngm 140', '+743406430848264', 'fwhmmxlu@gho.lb', 177147, 231);
INSERT INTO public.workers VALUES (883, 'Rvvhjp', 'Ybgtugy', '1981-06-28', 'Evutec,Avlsa 9', '+31032217538', 'ntf@nga.io', 259828, 964);
INSERT INTO public.workers VALUES (884, 'Bafenwb', 'Rqjkpkd', '1972-08-28', 'Flnogghteq,Mcco 16', '+622450036217', 'djvr@eyl.aha', 127824, 74);
INSERT INTO public.workers VALUES (885, 'Iplfjhifxa', 'Cljfpaij', '1962-01-07', 'Vxrcate,Jkudpt 20', '+116588361473712', 'xdr@aan.vm', 173366, 701);
INSERT INTO public.workers VALUES (886, 'Tncuhflk', 'Btlvrp', '1976-11-28', 'Akuircwx,Gbxqxmf 10', '+44708866066170116', 'mskghpq@hi.ke', 110912, 505);
INSERT INTO public.workers VALUES (887, 'Erhun', 'Xieghcpal', '1991-04-28', 'Vvqcna,Ggbqkxl 39', '+853140637862531', 'fpoyolp@jg.ic', 252767, 991);
INSERT INTO public.workers VALUES (888, 'Eqidlp', 'Gppttnfp', '1968-11-20', 'Xxaxnhyi,Sbde 166', '+36846281725', 'wdsj@mhf.hu', 189920, 892);
INSERT INTO public.workers VALUES (889, 'Fsrhe', 'Ksrqvqob', '1970-02-05', 'Qvqrsjgw,Aubb 69', '+5868076274512581', 'ycxgfslr@xp.fmq', 161394, 910);
INSERT INTO public.workers VALUES (890, 'Smjrovvs', 'Ytjpviyg', '1976-10-17', 'Wumdsypwy,Xpru 22', '+7081344331237605', 'mbuvfmxm@yas.eb', 248417, 61);
INSERT INTO public.workers VALUES (891, 'Riymialqga', 'Plidbywspr', '1959-10-05', 'Nxbateqpao,Jjxjs 44', '+3073605253080375', 'naawk@bup.wkr', 286212, 236);
INSERT INTO public.workers VALUES (892, 'Edconedx', 'Xchsxw', '1974-08-08', 'Faawtsppj,Lneqp 74', '+14732044348308', 'rrke@rlc.bxq', 140703, 422);
INSERT INTO public.workers VALUES (893, 'Aojit', 'Mcplfjqrmq', '1997-08-17', 'Lvkmmlxbx,Sbucxd 104', '+746308085784087', 'miyx@pf.msg', 170775, 827);
INSERT INTO public.workers VALUES (894, 'Gpkfre', 'Oohpnrjdpe', '1987-03-09', 'Qmnvbddea,Qvmg 169', '+10373288041243166', 'hyhoye@ip.vra', 278606, 27);
INSERT INTO public.workers VALUES (895, 'Gfrrtdluh', 'Qciun', '1954-11-13', 'Dbxxpa,Tmmka 13', '+02786440523731678', 'dqixhykn@hbd.adl', 204179, 828);
INSERT INTO public.workers VALUES (896, 'Rsvrqw', 'Eddtbuner', '1989-02-11', 'Hxconvvan,Kjai 106', '+7705067836744', 'ijx@lt.pu', 235015, 850);
INSERT INTO public.workers VALUES (897, 'Rhgvr', 'Jjiuh', '1997-10-27', 'Hjlqbd,Aegpk 71', '+0106248718774', 'txqhowibs@nn.aj', 193519, 735);
INSERT INTO public.workers VALUES (898, 'Usqgia', 'Olbhbltisk', '1980-01-20', 'Ocoofef,Lmmcnt 112', '+11028240780776236', 'qohhm@uxx.itl', 277564, 257);
INSERT INTO public.workers VALUES (899, 'Fncjx', 'Otbtjkxioy', '1998-10-06', 'Hsyrfbk,Vfmntm 8', '+55882641568', 'gugfjsxu@wei.sch', 183891, 785);
INSERT INTO public.workers VALUES (900, 'Hvnlm', 'Fsijk', '1962-08-08', 'Egwgdst,Wduiv 13', '+1355651375645', 'vwiicvdq@srm.wfw', 127698, 575);
INSERT INTO public.workers VALUES (901, 'Bgtsvau', 'Pygoveo', '1988-08-24', 'Shlujsk,Yhkya 146', '+04027506867016', 'gkkuomh@hjy.rbr', 238749, 853);
INSERT INTO public.workers VALUES (902, 'Nurlao', 'Merfqvrqs', '1961-10-01', 'Smnqdchul,Kdimrqs 198', '+741120672502', 'tpoeq@gvx.cwr', 237935, 541);
INSERT INTO public.workers VALUES (903, 'Arhfrkjk', 'Atmcwpfk', '1999-03-09', 'Vavueh,Fdyxv 144', '+53035048643431', 'iqycm@ig.mvn', 122427, 867);
INSERT INTO public.workers VALUES (904, 'Vuxqilvmo', 'Poaxitw', '1955-01-26', 'Fifqjegr,Pboppv 110', '+480167677782848', 'jjjuunkv@gax.nux', 157181, 673);
INSERT INTO public.workers VALUES (905, 'Xmjrsx', 'Dpyxfpceyn', '1962-07-10', 'Ncydaxnd,Dmdlmn 151', '+38020337746144', 'dhlpcykex@opv.wo', 187570, 354);
INSERT INTO public.workers VALUES (906, 'Npnaeam', 'Mona', '1968-01-06', 'Dhvrhl,Ntxy 195', '+551554553452416', 'eribupj@kdt.dkm', 287394, 57);
INSERT INTO public.workers VALUES (907, 'Uufu', 'Duetlql', '1981-01-22', 'Syinki,Qgpr 131', '+6452120510076882', 'gjbbnhkj@hcr.pgu', 282256, 402);
INSERT INTO public.workers VALUES (908, 'Hjex', 'Gksdrcx', '1985-09-22', 'Bjjrmieu,Mpkbi 169', '+8628144563465020', 'bqghx@xct.ek', 264306, 360);
INSERT INTO public.workers VALUES (909, 'Fvmkecxok', 'Iuawvthlnc', '1989-08-03', 'Wtkwurce,Roggon 77', '+60103450106346', 'ewpsxctb@fvj.cqq', 165370, 219);
INSERT INTO public.workers VALUES (910, 'Lvbuakvcax', 'Nvijj', '1992-03-17', 'Kulnwkew,Ebygds 16', '+300100135536', 'tmgofdtcb@oyp.eq', 148378, 800);
INSERT INTO public.workers VALUES (911, 'Qlxkpmfge', 'Facy', '1962-09-11', 'Ooggfwph,Odvgt 178', '+41755077108', 'popyqdk@yrl.am', 171404, 81);
INSERT INTO public.workers VALUES (912, 'Ontwkbmg', 'Msydbu', '1984-06-14', 'Kqkpnr,Upityy 109', '+461361042212', 'jgtxn@bpl.ce', 200608, 882);
INSERT INTO public.workers VALUES (913, 'Ynryjc', 'Gdec', '1958-11-11', 'Koxgfefhax,Rermglt 44', '+428311821486', 'niqsubntr@dv.jkp', 269964, 622);
INSERT INTO public.workers VALUES (914, 'Imno', 'Rmqtynujj', '1992-05-13', 'Rcwxbs,Xvww 182', '+5628815546517', 'obp@vqf.xj', 144263, 592);
INSERT INTO public.workers VALUES (915, 'Evbbqq', 'Ykjk', '1969-06-24', 'Cuanbfthi,Efjl 188', '+362055878861', 'gmto@qwm.tr', 161314, 230);
INSERT INTO public.workers VALUES (916, 'Cppcmhv', 'Nkajhg', '1969-09-12', 'Neatgde,Uwjcubx 164', '+763803614888', 'iqqxvttpu@nc.eh', 136604, 98);
INSERT INTO public.workers VALUES (917, 'Splhnj', 'Kgyssnor', '1958-01-12', 'Gmlrcqp,Hikdhat 106', '+6148824712146', 'mavpd@rxw.vi', 267744, 822);
INSERT INTO public.workers VALUES (918, 'Gvkcwnipp', 'Xbrpip', '1962-03-18', 'Orpdwxqpd,Gxrtdm 126', '+33566886378', 'lqy@drj.fgf', 207839, 220);
INSERT INTO public.workers VALUES (919, 'Rrcetdmvy', 'Qsycxrws', '1989-05-29', 'Swfprhn,Abbvyix 88', '+2428522142618876', 'swhq@ds.af', 110471, 508);
INSERT INTO public.workers VALUES (920, 'Yujy', 'Ixxskg', '1989-11-04', 'Jlkylok,Yrsjdmw 125', '+4025084563538', 'wimcbggv@ekm.wj', 172557, 808);
INSERT INTO public.workers VALUES (921, 'Vogvpirwgq', 'Imrokoifg', '1955-08-25', 'Asovut,Bfwh 162', '+0872846222400483', 'heqrkxax@gls.hel', 250936, 142);
INSERT INTO public.workers VALUES (922, 'Qxxhnvo', 'Dkvpnxai', '1994-05-26', 'Sfexlinul,Uyfs 121', '+482442466854', 'wnw@qf.kpn', 145430, 761);
INSERT INTO public.workers VALUES (923, 'Umpdiqklq', 'Pnbkqh', '1966-01-24', 'Xhipfdjghf,Btjef 56', '+38055176504628', 'sivnx@vch.fmh', 190200, 665);
INSERT INTO public.workers VALUES (924, 'Wexhbwcu', 'Litqxkamct', '1993-06-04', 'Irnytwdkm,Wykeav 117', '+73216533046', 'muwxpv@bv.yqt', 205770, 661);
INSERT INTO public.workers VALUES (925, 'Uqcgjfwdj', 'Gyqus', '1976-05-13', 'Qbmrbcf,Ekoefp 83', '+5040467565086', 'xitk@vuv.eyp', 249296, 840);
INSERT INTO public.workers VALUES (926, 'Bthpswidcb', 'Eupkigry', '1992-09-25', 'Btmbaxvle,Hcmm 198', '+50844038773470251', 'wxlpgkwg@bj.ht', 138871, 662);
INSERT INTO public.workers VALUES (927, 'Uyvce', 'Wdjkleoy', '1992-10-21', 'Xhgkfpxfu,Calhdii 193', '+4516108458070770', 'coiwvh@um.cj', 126772, 713);
INSERT INTO public.workers VALUES (928, 'Iwgcm', 'Vlpt', '1989-04-08', 'Fkwrbbb,Jntmubj 112', '+3282117361286', 'nkurk@ka.ycc', 175116, 952);
INSERT INTO public.workers VALUES (929, 'Tmqugfhxcj', 'Biihqbpf', '1995-01-10', 'Dvmgwndcqk,Fyhthxr 98', '+4817228427740666', 'ealaba@cw.heu', 160869, 613);
INSERT INTO public.workers VALUES (930, 'Rghugidbvm', 'Jrsuhjxs', '1990-09-14', 'Snswtpka,Jlfv 71', '+254365428452', 'hruwqwc@yjd.rt', 142711, 905);
INSERT INTO public.workers VALUES (931, 'Cmcjvqclpr', 'Csssuhu', '1985-07-18', 'Vxwukmhn,Mwlcr 158', '+06811821166', 'ourwuikk@tty.bu', 243305, 960);
INSERT INTO public.workers VALUES (932, 'Xoapujm', 'Bucth', '1963-11-24', 'Abjvkvlm,Ckofj 151', '+201204078050502', 'tpisxk@ycu.ia', 185675, 888);
INSERT INTO public.workers VALUES (933, 'Fokkjlw', 'Cjfsj', '1970-04-27', 'Oyjakgbj,Qypkkg 19', '+4705025147253', 'lvo@imk.ig', 252222, 707);
INSERT INTO public.workers VALUES (934, 'Kqkvyp', 'Pkiaa', '1979-06-28', 'Oqkuqdxw,Wxlthee 2', '+64585444227', 'anggptui@db.ui', 123232, 151);
INSERT INTO public.workers VALUES (935, 'Voiw', 'Ullwanegfv', '1983-08-29', 'Ouathtlbsp,Wrly 20', '+4168114348267', 'frgqv@yf.sw', 183313, 273);
INSERT INTO public.workers VALUES (936, 'Gpytcercb', 'Kktqqags', '1968-05-26', 'Frlashumqa,Jcrm 83', '+7682242727545', 'rekvvrqlc@qvb.pjk', 239617, 536);
INSERT INTO public.workers VALUES (937, 'Rxayjc', 'Oblqidmjr', '1988-10-27', 'Qqgxinuc,Iufbe 37', '+30076317136161263', 'ufmjioi@uy.kwn', 241084, 56);
INSERT INTO public.workers VALUES (938, 'Cefgqgr', 'Oawfsyql', '1962-11-20', 'Glyphjprs,Wejpjil 195', '+768771044884712', 'xqfqvg@mge.yga', 210864, 57);
INSERT INTO public.workers VALUES (939, 'Kdvclv', 'Giwhfkbx', '1997-02-03', 'Aarxdg,Srld 123', '+286124044724430', 'jkykssr@hv.fk', 266410, 184);
INSERT INTO public.workers VALUES (940, 'Yfmkxrxlm', 'Uosx', '1975-07-23', 'Icvxebskw,Fodm 17', '+020431441132041', 'mqsmc@tgp.ulr', 135381, 486);
INSERT INTO public.workers VALUES (941, 'Locndbe', 'Uehfmwpyy', '1972-05-20', 'Voctuyxsx,Cliqail 137', '+787546766408', 'nqhnutgd@mvm.dnk', 229145, 396);
INSERT INTO public.workers VALUES (942, 'Sdwrkxhkng', 'Eytatnj', '1988-11-23', 'Kgdqhrgr,Oeqxeb 90', '+15768016872247', 'donhwcwc@swc.ocg', 241748, 801);
INSERT INTO public.workers VALUES (943, 'Vcfy', 'Bbqf', '1977-09-23', 'Jxfyvia,Fciuvo 116', '+00241165623', 'sctrfdfdn@whx.poc', 166687, 590);
INSERT INTO public.workers VALUES (944, 'Wyrm', 'Erkttbx', '1960-02-16', 'Oxfvnkqsjn,Qvbtdx 107', '+6258400244736156', 'taxov@ytw.hfs', 201335, 186);
INSERT INTO public.workers VALUES (945, 'Ikpegxl', 'Pxaoe', '1982-04-25', 'Dsuycjem,Ffaqfo 165', '+21381050818235638', 'qrgcfxmk@cnf.fxo', 264436, 294);
INSERT INTO public.workers VALUES (946, 'Yhuqrvrxak', 'Tqlul', '1991-11-24', 'Ulryhmivcb,Utjod 54', '+15536456217', 'suewmg@hh.oa', 128687, 456);
INSERT INTO public.workers VALUES (947, 'Pjltuib', 'Gmxxvp', '1997-06-02', 'Gtueehnbi,Kgut 159', '+7121870728777', 'gjdfchg@orw.xhe', 132029, 873);
INSERT INTO public.workers VALUES (948, 'Grxiodohd', 'Lmkjkykxy', '1978-04-21', 'Tniyhtrba,Cbnri 96', '+2252553472545', 'kdia@fw.dri', 282780, 823);
INSERT INTO public.workers VALUES (949, 'Bfxyg', 'Sclbbnnf', '1960-10-21', 'Uanoir,Ewbdo 146', '+015346018812', 'pbf@etm.cyu', 125853, 705);
INSERT INTO public.workers VALUES (950, 'Ofmfbbd', 'Qmrt', '2000-11-14', 'Kuvmgtgr,Oyjuonq 92', '+21707016372624140', 'vcxnnx@spa.ag', 136424, 555);
INSERT INTO public.workers VALUES (951, 'Idehgtls', 'Wtbhy', '1975-07-13', 'Yawykjxppy,Xwxe 119', '+10886763481', 'qop@mj.ad', 206165, 924);
INSERT INTO public.workers VALUES (952, 'Ssxuevw', 'Ipgvgtoep', '1962-09-14', 'Jrfwqwjxk,Mvewp 127', '+35168225715', 'doup@abs.vv', 224570, 491);
INSERT INTO public.workers VALUES (953, 'Icjbcteg', 'Hlsjwnvnm', '1969-05-12', 'Trijta,Rsgt 2', '+243142332332', 'wirustpmi@cgp.ybj', 164798, 989);
INSERT INTO public.workers VALUES (954, 'Nprkevxy', 'Gygjn', '1954-10-11', 'Cltrhgcu,Ovijaq 79', '+826172181442124', 'mbvbpvddd@fs.fwt', 122156, 874);
INSERT INTO public.workers VALUES (955, 'Bcuylyhr', 'Jbekdky', '1993-01-17', 'Eanqywu,Wxjngwx 27', '+22051850821676363', 'mrsrifys@ylu.rpo', 226253, 200);
INSERT INTO public.workers VALUES (956, 'Nntiqnkttj', 'Vsea', '1965-08-22', 'Nnqxgg,Sfwp 60', '+4763036035066233', 'mpkrcs@bd.ojk', 295571, 526);
INSERT INTO public.workers VALUES (957, 'Mwyb', 'Bjewyaola', '1982-07-25', 'Kbgfsvhhga,Levfql 151', '+3365256062254247', 'yloi@jks.uu', 299010, 137);
INSERT INTO public.workers VALUES (958, 'Qsonlo', 'Hmlbysuevn', '1957-08-01', 'Jeynrdasdi,Gaupfds 10', '+00012550866020', 'epkpt@ta.fef', 276436, 933);
INSERT INTO public.workers VALUES (959, 'Euggke', 'Ctccvbj', '1973-10-11', 'Dcyfkg,Oxcltgj 121', '+8163488277802', 'wkedtpc@sbr.yb', 135638, 758);
INSERT INTO public.workers VALUES (960, 'Vmlmyj', 'Avlv', '1985-08-21', 'Hjbtauyqls,Dtbgrfv 29', '+476800631824850', 'xxrsmvtu@mlq.dak', 231848, 800);
INSERT INTO public.workers VALUES (961, 'Jgru', 'Ttpdaiw', '1958-02-08', 'Xqemer,Cpefjl 34', '+58128862062', 'cwnk@pl.rof', 123743, 627);
INSERT INTO public.workers VALUES (962, 'Jptajdrgtr', 'Dxnlejpvuq', '1963-03-29', 'Eafwcqe,Uaefulk 116', '+12788246772861844', 'hcixxdkb@exv.qd', 101405, 713);
INSERT INTO public.workers VALUES (963, 'Ngjiue', 'Ooqftaj', '1987-10-05', 'Rnckilb,Dwbpr 168', '+88175562344430126', 'kea@uhr.sfh', 121646, 718);
INSERT INTO public.workers VALUES (964, 'Qtjaq', 'Fenjubfv', '2000-02-02', 'Ockbgg,Pdxmgn 45', '+870844153671304', 'rvepyh@olc.afn', 227549, 568);
INSERT INTO public.workers VALUES (965, 'Eeqny', 'Rtyur', '1970-07-12', 'Twhfrg,Ccvpee 7', '+0168764547823823', 'mdmdmefb@pba.vrh', 259862, 484);
INSERT INTO public.workers VALUES (966, 'Qhadauu', 'Qvha', '1966-10-04', 'Suitxebprr,Twmawmh 47', '+561173784574', 'ksltexi@ghx.liy', 137432, 386);
INSERT INTO public.workers VALUES (967, 'Btlciiial', 'Eqkaiawbi', '1967-01-13', 'Datrooeki,Xlxlj 156', '+620075265732602', 'uepnrhjmp@uy.rp', 134891, 244);
INSERT INTO public.workers VALUES (968, 'Mgsqt', 'Lxkb', '1992-07-05', 'Mifwed,Dvxym 21', '+45252574326', 'tsw@oij.ph', 164818, 132);
INSERT INTO public.workers VALUES (969, 'Feonbkki', 'Glcbs', '1991-01-23', 'Bvkcabocw,Hmic 174', '+740420767886632', 'mycnjex@mk.fn', 108244, 566);
INSERT INTO public.workers VALUES (970, 'Khhepabedx', 'Aeqmicuvh', '1985-08-15', 'Yxnxtjp,Bhbqibw 55', '+48126736254', 'oum@to.pq', 239649, 976);
INSERT INTO public.workers VALUES (971, 'Bdeol', 'Gaswwcelfx', '1955-06-17', 'Vylstirkc,Ljwwwf 180', '+4452414764210863', 'xopijlsj@mac.uxh', 208508, 793);
INSERT INTO public.workers VALUES (972, 'Rvabl', 'Suayafp', '1993-01-02', 'Irabienuoi,Orei 174', '+13632681048', 'nwk@wkh.sm', 262214, 486);
INSERT INTO public.workers VALUES (973, 'Gxebbejx', 'Rhoksjlrr', '1967-05-17', 'Veadanqh,Ddytu 6', '+156554132505178', 'gfspep@ynv.rrc', 135178, 312);
INSERT INTO public.workers VALUES (974, 'Oihmi', 'Kfvdtylaqj', '1991-09-03', 'Vstcivf,Wmpncof 166', '+3071042641670768', 'euooypbt@ow.uwf', 263637, 655);
INSERT INTO public.workers VALUES (975, 'Qfdqee', 'Nxteiyw', '1986-04-04', 'Vmdmrun,Hujyjn 144', '+1213022115858255', 'ioio@ikh.awp', 106497, 854);
INSERT INTO public.workers VALUES (976, 'Epubegxe', 'Pajkybalx', '1967-05-02', 'Vkrjnfdqym,Sncdjno 107', '+44810618337', 'kwurfqtrt@vwl.pph', 238354, 374);
INSERT INTO public.workers VALUES (977, 'Vymchnqd', 'Dqsv', '1999-03-14', 'Jaugkwmk,Ywgy 6', '+82448241676166536', 'ffduy@ya.mc', 129198, 138);
INSERT INTO public.workers VALUES (978, 'Wkjoaghwxh', 'Eeayxqswnt', '1994-03-11', 'Lllbfehyig,Mrac 8', '+81441216008663', 'oltmpmbl@tvy.st', 261726, 12);
INSERT INTO public.workers VALUES (979, 'Jguote', 'Exjdcv', '1992-08-04', 'Txfkipv,Wwhpo 179', '+414101856575', 'aimcsgtbt@km.gi', 278300, 111);
INSERT INTO public.workers VALUES (980, 'Fxoaxyb', 'Beoehs', '1999-01-28', 'Okqrfnixm,Ckni 154', '+154550225264', 'jbtpyli@dw.lr', 196429, 409);
INSERT INTO public.workers VALUES (981, 'Cydimc', 'Vqsdt', '1989-05-02', 'Tfcixum,Opyuktu 28', '+176833072554', 'wyrks@li.mix', 226397, 694);
INSERT INTO public.workers VALUES (982, 'Qkxrk', 'Gasnmbnl', '1990-06-03', 'Swwrtemel,Oocw 192', '+7040477027216750', 'dpuhxu@wn.qt', 279539, 671);
INSERT INTO public.workers VALUES (983, 'Vnbrbu', 'Pftf', '1975-07-15', 'Hxvvvsvbsk,Khlnr 179', '+876520856271347', 'kkyi@ys.lva', 195968, 668);
INSERT INTO public.workers VALUES (984, 'Tjxwqp', 'Avfsyaiq', '1976-06-18', 'Cnlurlsy,Qxln 178', '+53148181724737853', 'nixayra@nn.cna', 171251, 250);
INSERT INTO public.workers VALUES (985, 'Ffwcmvnqyt', 'Meyngj', '1993-07-16', 'Eqbfkqnb,Mrjfm 95', '+406388586025870', 'gvsgdm@hp.ya', 215615, 34);
INSERT INTO public.workers VALUES (986, 'Mwys', 'Tospavgmmv', '1976-11-06', 'Lwqygo,Ogejejo 180', '+1722337045870274', 'krjxiin@eli.sdk', 144240, 110);
INSERT INTO public.workers VALUES (987, 'Ybscxk', 'Qjggpqji', '1974-03-23', 'Fkhnkvtab,Pmiqghm 41', '+688628411877564', 'nmfrxnrtp@mb.hh', 163447, 675);
INSERT INTO public.workers VALUES (988, 'Aqcm', 'Jrumy', '1994-09-29', 'Jjhphsqyi,Stehsi 102', '+462423702748', 'vsenaw@bf.uut', 225680, 880);
INSERT INTO public.workers VALUES (989, 'Lbsueco', 'Tvyvr', '1955-09-15', 'Jxwveepw,Byui 35', '+38618463427856', 'tbxkujiv@uux.bq', 266249, 223);
INSERT INTO public.workers VALUES (990, 'Blbjdk', 'Jqidocrhub', '1968-10-27', 'Msqrbcxt,Spurk 72', '+127721638023', 'cbovkdugc@ge.nvw', 186208, 191);
INSERT INTO public.workers VALUES (991, 'Jrdhgvqbf', 'Atuurmby', '1995-09-03', 'Jkhwyus,Ypnh 114', '+45711378636', 'oer@ict.rw', 261855, 297);
INSERT INTO public.workers VALUES (992, 'Xpqiex', 'Rpvpb', '1992-01-26', 'Lpqcdhql,Ydrav 84', '+3123138185510', 'dyb@pl.gla', 159745, 361);
INSERT INTO public.workers VALUES (993, 'Repdcekg', 'Ienxdfmu', '1993-05-12', 'Hnibrqook,Osicl 66', '+786027250024726', 'oexgn@rq.uwu', 183237, 981);
INSERT INTO public.workers VALUES (994, 'Yssy', 'Ejdopgif', '1958-05-17', 'Mbmvwt,Jyiplda 171', '+12752631484', 'hfi@ha.wc', 208938, 407);
INSERT INTO public.workers VALUES (995, 'Aqytcdgc', 'Ceoxovto', '1954-03-03', 'Ebwigwc,Bhnls 82', '+722263378084', 'ykn@nm.ajo', 245494, 944);
INSERT INTO public.workers VALUES (996, 'Fbewqtednm', 'Cwhjfbt', '1990-09-03', 'Ysjjkbmm,Hpnisjb 95', '+33202552110', 'mpw@mf.jhi', 187690, 191);


--
-- Name: costumer_id_seq; Type: SEQUENCE SET; Schema: public; Owner: postgres
--

SELECT pg_catalog.setval('public.costumer_id_seq', 1000, true);


--
-- Name: deliveris_id_seq; Type: SEQUENCE SET; Schema: public; Owner: postgres
--

SELECT pg_catalog.setval('public.deliveris_id_seq', 997, true);


--
-- Name: occupation_id_seq; Type: SEQUENCE SET; Schema: public; Owner: postgres
--

SELECT pg_catalog.setval('public.occupation_id_seq', 1000, true);


--
-- Name: points_id_seq; Type: SEQUENCE SET; Schema: public; Owner: postgres
--

SELECT pg_catalog.setval('public.points_id_seq', 1000, true);


--
-- Name: producer_id_seq; Type: SEQUENCE SET; Schema: public; Owner: postgres
--

SELECT pg_catalog.setval('public.producer_id_seq', 1000, true);


--
-- Name: products_id_seq; Type: SEQUENCE SET; Schema: public; Owner: postgres
--

SELECT pg_catalog.setval('public.products_id_seq', 995, true);


--
-- Name: recieve_id_seq; Type: SEQUENCE SET; Schema: public; Owner: postgres
--

SELECT pg_catalog.setval('public.recieve_id_seq', 998, true);


--
-- Name: storage_id_seq; Type: SEQUENCE SET; Schema: public; Owner: postgres
--

SELECT pg_catalog.setval('public.storage_id_seq', 1000, true);


--
-- Name: workers_id_seq; Type: SEQUENCE SET; Schema: public; Owner: postgres
--

SELECT pg_catalog.setval('public.workers_id_seq', 996, true);


--
-- Name: costumer costumer_pkey; Type: CONSTRAINT; Schema: public; Owner: postgres
--

ALTER TABLE ONLY public.costumer
    ADD CONSTRAINT costumer_pkey PRIMARY KEY (id);


--
-- Name: deliveris deliveris_pkey; Type: CONSTRAINT; Schema: public; Owner: postgres
--

ALTER TABLE ONLY public.deliveris
    ADD CONSTRAINT deliveris_pkey PRIMARY KEY (id);


--
-- Name: occupation occupation_pkey; Type: CONSTRAINT; Schema: public; Owner: postgres
--

ALTER TABLE ONLY public.occupation
    ADD CONSTRAINT occupation_pkey PRIMARY KEY (id);


--
-- Name: points points_pkey; Type: CONSTRAINT; Schema: public; Owner: postgres
--

ALTER TABLE ONLY public.points
    ADD CONSTRAINT points_pkey PRIMARY KEY (id);


--
-- Name: producer producer_pkey; Type: CONSTRAINT; Schema: public; Owner: postgres
--

ALTER TABLE ONLY public.producer
    ADD CONSTRAINT producer_pkey PRIMARY KEY (id);


--
-- Name: products products_pkey; Type: CONSTRAINT; Schema: public; Owner: postgres
--

ALTER TABLE ONLY public.products
    ADD CONSTRAINT products_pkey PRIMARY KEY (id);


--
-- Name: recieve recieve_pkey; Type: CONSTRAINT; Schema: public; Owner: postgres
--

ALTER TABLE ONLY public.recieve
    ADD CONSTRAINT recieve_pkey PRIMARY KEY (id);


--
-- Name: storage storage_pkey; Type: CONSTRAINT; Schema: public; Owner: postgres
--

ALTER TABLE ONLY public.storage
    ADD CONSTRAINT storage_pkey PRIMARY KEY (id);


--
-- Name: workers workers_pkey; Type: CONSTRAINT; Schema: public; Owner: postgres
--

ALTER TABLE ONLY public.workers
    ADD CONSTRAINT workers_pkey PRIMARY KEY (id);


--
-- Name: deliveris deliveris_costumer_id_fkey; Type: FK CONSTRAINT; Schema: public; Owner: postgres
--

ALTER TABLE ONLY public.deliveris
    ADD CONSTRAINT deliveris_costumer_id_fkey FOREIGN KEY (costumer_id) REFERENCES public.costumer(id);


--
-- Name: deliveris deliveris_point_id_fkey; Type: FK CONSTRAINT; Schema: public; Owner: postgres
--

ALTER TABLE ONLY public.deliveris
    ADD CONSTRAINT deliveris_point_id_fkey FOREIGN KEY (point_id) REFERENCES public.points(id);


--
-- Name: deliveris deliveris_product_id_fkey; Type: FK CONSTRAINT; Schema: public; Owner: postgres
--

ALTER TABLE ONLY public.deliveris
    ADD CONSTRAINT deliveris_product_id_fkey FOREIGN KEY (product_id) REFERENCES public.products(id);


--
-- Name: deliveris deliveris_storage_id_fkey; Type: FK CONSTRAINT; Schema: public; Owner: postgres
--

ALTER TABLE ONLY public.deliveris
    ADD CONSTRAINT deliveris_storage_id_fkey FOREIGN KEY (storage_id) REFERENCES public.storage(id);


--
-- Name: deliveris deliveris_worker_id_fkey; Type: FK CONSTRAINT; Schema: public; Owner: postgres
--

ALTER TABLE ONLY public.deliveris
    ADD CONSTRAINT deliveris_worker_id_fkey FOREIGN KEY (worker_id) REFERENCES public.workers(id);


--
-- Name: producer_product producer_product_producer_id_fkey; Type: FK CONSTRAINT; Schema: public; Owner: postgres
--

ALTER TABLE ONLY public.producer_product
    ADD CONSTRAINT producer_product_producer_id_fkey FOREIGN KEY (producer_id) REFERENCES public.producer(id);


--
-- Name: producer_product producer_product_product_id_fkey; Type: FK CONSTRAINT; Schema: public; Owner: postgres
--

ALTER TABLE ONLY public.producer_product
    ADD CONSTRAINT producer_product_product_id_fkey FOREIGN KEY (product_id) REFERENCES public.products(id);


--
-- Name: products products_point_id_fkey; Type: FK CONSTRAINT; Schema: public; Owner: postgres
--

ALTER TABLE ONLY public.products
    ADD CONSTRAINT products_point_id_fkey FOREIGN KEY (point_id) REFERENCES public.points(id);


--
-- Name: products products_producer_id_fkey; Type: FK CONSTRAINT; Schema: public; Owner: postgres
--

ALTER TABLE ONLY public.products
    ADD CONSTRAINT products_producer_id_fkey FOREIGN KEY (producer_id) REFERENCES public.producer(id);


--
-- Name: recieve recieve_point_id_fkey; Type: FK CONSTRAINT; Schema: public; Owner: postgres
--

ALTER TABLE ONLY public.recieve
    ADD CONSTRAINT recieve_point_id_fkey FOREIGN KEY (point_id) REFERENCES public.points(id);


--
-- Name: recieve recieve_producer_id_fkey; Type: FK CONSTRAINT; Schema: public; Owner: postgres
--

ALTER TABLE ONLY public.recieve
    ADD CONSTRAINT recieve_producer_id_fkey FOREIGN KEY (producer_id) REFERENCES public.producer(id);


--
-- Name: recieve recieve_product_id_fkey; Type: FK CONSTRAINT; Schema: public; Owner: postgres
--

ALTER TABLE ONLY public.recieve
    ADD CONSTRAINT recieve_product_id_fkey FOREIGN KEY (product_id) REFERENCES public.products(id);


--
-- Name: recieve recieve_storage_id_fkey; Type: FK CONSTRAINT; Schema: public; Owner: postgres
--

ALTER TABLE ONLY public.recieve
    ADD CONSTRAINT recieve_storage_id_fkey FOREIGN KEY (storage_id) REFERENCES public.storage(id);


--
-- Name: recieve recieve_worker_id_fkey; Type: FK CONSTRAINT; Schema: public; Owner: postgres
--

ALTER TABLE ONLY public.recieve
    ADD CONSTRAINT recieve_worker_id_fkey FOREIGN KEY (worker_id) REFERENCES public.workers(id);


--
-- Name: worker_storage worker_storage_storage_id_fkey; Type: FK CONSTRAINT; Schema: public; Owner: postgres
--

ALTER TABLE ONLY public.worker_storage
    ADD CONSTRAINT worker_storage_storage_id_fkey FOREIGN KEY (storage_id) REFERENCES public.storage(id);


--
-- Name: worker_storage worker_storage_worker_id_fkey; Type: FK CONSTRAINT; Schema: public; Owner: postgres
--

ALTER TABLE ONLY public.worker_storage
    ADD CONSTRAINT worker_storage_worker_id_fkey FOREIGN KEY (worker_id) REFERENCES public.workers(id);


--
-- Name: workers workers_occupation_id_fkey; Type: FK CONSTRAINT; Schema: public; Owner: postgres
--

ALTER TABLE ONLY public.workers
    ADD CONSTRAINT workers_occupation_id_fkey FOREIGN KEY (occupation_id) REFERENCES public.occupation(id);


--
-- PostgreSQL database dump complete
--

